[debug] [2026-02-13T23:36:07.060Z] ----------------------------------------------------------------------
[debug] [2026-02-13T23:36:07.062Z] Command:       C:\Program Files\nodejs\node.exe C:\Users\garre\AppData\Roaming\npm\node_modules\firebase-tools\lib\bin\firebase.js deploy --only functions
[debug] [2026-02-13T23:36:07.062Z] CLI Version:   15.6.0
[debug] [2026-02-13T23:36:07.062Z] Platform:      win32
[debug] [2026-02-13T23:36:07.062Z] Node Version:  v24.13.0
[debug] [2026-02-13T23:36:07.062Z] Time:          Sat Feb 14 2026 07:36:07 GMT+0800 (Singapore Standard Time)
[debug] [2026-02-13T23:36:07.063Z] ----------------------------------------------------------------------
[debug] 
[debug] [2026-02-13T23:36:08.884Z] > command requires scopes: ["email","openid","https://www.googleapis.com/auth/cloudplatformprojects.readonly","https://www.googleapis.com/auth/firebase","https://www.googleapis.com/auth/cloud-platform"]
[debug] [2026-02-13T23:36:08.885Z] > authorizing via signed-in user (gjencomienda@gmail.com)
[debug] [2026-02-13T23:36:08.886Z] [iam] checking project livekit-5eef6 for permissions ["cloudfunctions.functions.create","cloudfunctions.functions.delete","cloudfunctions.functions.get","cloudfunctions.functions.list","cloudfunctions.functions.update","cloudfunctions.operations.get","firebase.projects.get"]
[debug] [2026-02-13T23:36:08.887Z] Checked if tokens are valid: true, expires at: 1771027031198
[debug] [2026-02-13T23:36:08.887Z] Checked if tokens are valid: true, expires at: 1771027031198
[debug] [2026-02-13T23:36:08.888Z] >>> [apiv2][query] POST https://cloudresourcemanager.googleapis.com/v1/projects/livekit-5eef6:testIamPermissions [none]
[debug] [2026-02-13T23:36:08.888Z] >>> [apiv2][(partial)header] POST https://cloudresourcemanager.googleapis.com/v1/projects/livekit-5eef6:testIamPermissions  x-goog-user-project=livekit-5eef6
[debug] [2026-02-13T23:36:08.888Z] >>> [apiv2][body] POST https://cloudresourcemanager.googleapis.com/v1/projects/livekit-5eef6:testIamPermissions {"permissions":["cloudfunctions.functions.create","cloudfunctions.functions.delete","cloudfunctions.functions.get","cloudfunctions.functions.list","cloudfunctions.functions.update","cloudfunctions.operations.get","firebase.projects.get"]}
[debug] [2026-02-13T23:36:09.858Z] <<< [apiv2][status] POST https://cloudresourcemanager.googleapis.com/v1/projects/livekit-5eef6:testIamPermissions 200
[debug] [2026-02-13T23:36:09.859Z] <<< [apiv2][body] POST https://cloudresourcemanager.googleapis.com/v1/projects/livekit-5eef6:testIamPermissions {"permissions":["cloudfunctions.functions.create","cloudfunctions.functions.delete","cloudfunctions.functions.get","cloudfunctions.functions.list","cloudfunctions.functions.update","cloudfunctions.operations.get","firebase.projects.get"]}
[debug] [2026-02-13T23:36:09.859Z] Checked if tokens are valid: true, expires at: 1771027031198
[debug] [2026-02-13T23:36:09.859Z] Checked if tokens are valid: true, expires at: 1771027031198
[debug] [2026-02-13T23:36:09.859Z] >>> [apiv2][query] POST https://iam.googleapis.com/v1/projects/livekit-5eef6/serviceAccounts/livekit-5eef6@appspot.gserviceaccount.com:testIamPermissions [none]
[debug] [2026-02-13T23:36:09.859Z] >>> [apiv2][body] POST https://iam.googleapis.com/v1/projects/livekit-5eef6/serviceAccounts/livekit-5eef6@appspot.gserviceaccount.com:testIamPermissions {"permissions":["iam.serviceAccounts.actAs"]}
[debug] [2026-02-13T23:36:11.148Z] <<< [apiv2][status] POST https://iam.googleapis.com/v1/projects/livekit-5eef6/serviceAccounts/livekit-5eef6@appspot.gserviceaccount.com:testIamPermissions 200
[debug] [2026-02-13T23:36:11.148Z] <<< [apiv2][body] POST https://iam.googleapis.com/v1/projects/livekit-5eef6/serviceAccounts/livekit-5eef6@appspot.gserviceaccount.com:testIamPermissions {"permissions":["iam.serviceAccounts.actAs"]}
[info] 
[info] === Deploying to 'livekit-5eef6'...
[info] 
[info] i  deploying functions 
[debug] [2026-02-13T23:36:11.152Z] Checked if tokens are valid: true, expires at: 1771027031198
[debug] [2026-02-13T23:36:11.152Z] Checked if tokens are valid: true, expires at: 1771027031198
[debug] [2026-02-13T23:36:11.152Z] >>> [apiv2][query] GET https://cloudresourcemanager.googleapis.com/v1/projects/livekit-5eef6 [none]
[debug] [2026-02-13T23:36:11.380Z] <<< [apiv2][status] GET https://cloudresourcemanager.googleapis.com/v1/projects/livekit-5eef6 200
[debug] [2026-02-13T23:36:11.381Z] <<< [apiv2][body] GET https://cloudresourcemanager.googleapis.com/v1/projects/livekit-5eef6 {"projectNumber":"900456648225","projectId":"livekit-5eef6","lifecycleState":"ACTIVE","name":"livekit","labels":{"firebase":"enabled","firebase-core":"disabled"},"createTime":"2025-08-12T21:08:10.861920Z"}
[info] i  functions: preparing codebase default for deployment 
[info] i  functions: ensuring required API cloudfunctions.googleapis.com is enabled... 
[info] i  functions: ensuring required API cloudbuild.googleapis.com is enabled... 
[info] i  artifactregistry: ensuring required API artifactregistry.googleapis.com is enabled... 
[debug] [2026-02-13T23:36:11.383Z] Checked if tokens are valid: true, expires at: 1771027031198
[debug] [2026-02-13T23:36:11.383Z] Checked if tokens are valid: true, expires at: 1771027031198
[debug] [2026-02-13T23:36:11.384Z] >>> [apiv2][query] GET https://firebase.googleapis.com/v1beta1/projects/livekit-5eef6/adminSdkConfig [none]
[debug] [2026-02-13T23:36:11.816Z] <<< [apiv2][status] GET https://firebase.googleapis.com/v1beta1/projects/livekit-5eef6/adminSdkConfig 200
[debug] [2026-02-13T23:36:11.816Z] <<< [apiv2][body] GET https://firebase.googleapis.com/v1beta1/projects/livekit-5eef6/adminSdkConfig {"projectId":"livekit-5eef6","storageBucket":"livekit-5eef6.firebasestorage.app"}
[debug] [2026-02-13T23:36:11.816Z] Checked if tokens are valid: true, expires at: 1771027031198
[debug] [2026-02-13T23:36:11.817Z] Checked if tokens are valid: true, expires at: 1771027031198
[debug] [2026-02-13T23:36:11.817Z] >>> [apiv2][query] GET https://runtimeconfig.googleapis.com/v1beta1/projects/livekit-5eef6/configs [none]
[debug] [2026-02-13T23:36:12.317Z] <<< [apiv2][status] GET https://runtimeconfig.googleapis.com/v1beta1/projects/livekit-5eef6/configs 200
[debug] [2026-02-13T23:36:12.317Z] <<< [apiv2][body] GET https://runtimeconfig.googleapis.com/v1beta1/projects/livekit-5eef6/configs {}
[debug] [2026-02-13T23:36:12.319Z] Validating nodejs source
[warn] !  functions: package.json indicates an outdated version of firebase-functions. Please upgrade using npm install --save firebase-functions@latest in your functions directory. 
[warn] !  functions: Please note that there will be breaking changes when you upgrade. 
[debug] [2026-02-13T23:36:13.612Z] > [functions] package.json contents: {
  "name": "functions",
  "description": "Cloud Functions for Firebase",
  "scripts": {
    "serve": "firebase emulators:start --only functions",
    "shell": "firebase functions:shell",
    "start": "npm run shell",
    "deploy": "firebase deploy --only functions",
    "logs": "firebase functions:log"
  },
  "engines": {
    "node": "22"
  },
  "main": "index.js",
  "dependencies": {
    "cors": "^2.8.5",
    "firebase-admin": "^12.7.0",
    "firebase-functions": "^6.6.0",
    "livekit-server-sdk": "^2.13.2",
    "node-fetch": "^2.7.0"
  },
  "devDependencies": {
    "firebase-functions-test": "^3.1.0"
  },
  "private": true
}
[debug] [2026-02-13T23:36:13.613Z] Building nodejs source
[info] i  functions: Loading and analyzing source code for codebase default to determine what to deploy 
[debug] [2026-02-13T23:36:13.614Z] Could not find functions.yaml. Must use http discovery
[debug] [2026-02-13T23:36:13.628Z] Found firebase-functions binary at 'C:\Users\garre\Desktop\livekit\functions\node_modules\.bin\firebase-functions'
[info] Serving at port 8584

[debug] [2026-02-13T23:36:14.551Z] Got response from /__/functions.yaml {"endpoints":{"getJoinToken":{"platform":"gcfv1","availableMemoryMb":null,"timeoutSeconds":null,"minInstances":null,"maxInstances":null,"ingressSettings":null,"serviceAccountEmail":null,"vpc":null,"httpsTrigger":{},"entryPoint":"getJoinToken"},"onRoomEnd":{"platform":"gcfv1","availableMemoryMb":null,"timeoutSeconds":null,"minInstances":null,"maxInstances":null,"ingressSettings":null,"serviceAccountEmail":null,"vpc":null,"httpsTrigger":{},"entryPoint":"onRoomEnd"},"autoDeleteSummaries":{"platform":"gcfv1","availableMemoryMb":null,"timeoutSeconds":null,"minInstances":null,"maxInstances":null,"ingressSettings":null,"serviceAccountEmail":null,"vpc":null,"scheduleTrigger":{"schedule":"every 24 hours","retryConfig":{"retryCount":null,"maxDoublings":null,"maxRetryDuration":null,"maxBackoffDuration":null,"minBackoffDuration":null},"timeZone":null},"labels":{},"entryPoint":"autoDeleteSummaries"},"manualDeleteSummary":{"platform":"gcfv1","labels":{},"availableMemoryMb":null,"timeoutSeconds":null,"minInstances":null,"maxInstances":null,"ingressSettings":null,"serviceAccountEmail":null,"vpc":null,"callableTrigger":{},"entryPoint":"manualDeleteSummary"},"getDeletionStats":{"platform":"gcfv1","labels":{},"availableMemoryMb":null,"timeoutSeconds":null,"minInstances":null,"maxInstances":null,"ingressSettings":null,"serviceAccountEmail":null,"vpc":null,"callableTrigger":{},"entryPoint":"getDeletionStats"},"auditConsultationDocuments":{"platform":"gcfv1","availableMemoryMb":null,"timeoutSeconds":null,"minInstances":null,"maxInstances":null,"ingressSettings":null,"serviceAccountEmail":null,"vpc":null,"eventTrigger":{"eventType":"providers/cloud.firestore/eventTypes/document.write","eventFilters":{"resource":"projects/livekit-5eef6/databases/(default)/documents/consultations/{documentId}"},"retry":false},"labels":{},"entryPoint":"auditConsultationDocuments"},"auditConsultationSessions":{"platform":"gcfv1","availableMemoryMb":null,"timeoutSeconds":null,"minInstances":null,"maxInstances":null,"ingressSettings":null,"serviceAccountEmail":null,"vpc":null,"eventTrigger":{"eventType":"providers/cloud.firestore/eventTypes/document.write","eventFilters":{"resource":"projects/livekit-5eef6/databases/(default)/documents/consultationSessions/{documentId}"},"retry":false},"labels":{},"entryPoint":"auditConsultationSessions"},"auditConsultationSessionEvents":{"platform":"gcfv1","availableMemoryMb":null,"timeoutSeconds":null,"minInstances":null,"maxInstances":null,"ingressSettings":null,"serviceAccountEmail":null,"vpc":null,"eventTrigger":{"eventType":"providers/cloud.firestore/eventTypes/document.write","eventFilters":{"resource":"projects/livekit-5eef6/databases/(default)/documents/consultationSessions/{consultationSessionId}/events/{eventId}"},"retry":false},"labels":{},"entryPoint":"auditConsultationSessionEvents"},"auditCallSummaries":{"platform":"gcfv1","availableMemoryMb":null,"timeoutSeconds":null,"minInstances":null,"maxInstances":null,"ingressSettings":null,"serviceAccountEmail":null,"vpc":null,"eventTrigger":{"eventType":"providers/cloud.firestore/eventTypes/document.write","eventFilters":{"resource":"projects/livekit-5eef6/databases/(default)/documents/call-summaries/{documentId}"},"retry":false},"labels":{},"entryPoint":"auditCallSummaries"},"auditInvitations":{"platform":"gcfv1","availableMemoryMb":null,"timeoutSeconds":null,"minInstances":null,"maxInstances":null,"ingressSettings":null,"serviceAccountEmail":null,"vpc":null,"eventTrigger":{"eventType":"providers/cloud.firestore/eventTypes/document.write","eventFilters":{"resource":"projects/livekit-5eef6/databases/(default)/documents/invitations/{documentId}"},"retry":false},"labels":{},"entryPoint":"auditInvitations"},"auditWaitingPatients":{"platform":"gcfv1","availableMemoryMb":null,"timeoutSeconds":null,"minInstances":null,"maxInstances":null,"ingressSettings":null,"serviceAccountEmail":null,"vpc":null,"eventTrigger":{"eventType":"providers/cloud.firestore/eventTypes/document.write","eventFilters":{"resource":"projects/livekit-5eef6/databases/(default)/documents/waitingPatients/{documentId}"},"retry":false},"labels":{},"entryPoint":"auditWaitingPatients"},"auditUsers":{"platform":"gcfv1","availableMemoryMb":null,"timeoutSeconds":null,"minInstances":null,"maxInstances":null,"ingressSettings":null,"serviceAccountEmail":null,"vpc":null,"eventTrigger":{"eventType":"providers/cloud.firestore/eventTypes/document.write","eventFilters":{"resource":"projects/livekit-5eef6/databases/(default)/documents/users/{documentId}"},"retry":false},"labels":{},"entryPoint":"auditUsers"}},"specVersion":"v1alpha1","requiredAPIs":[{"api":"cloudscheduler.googleapis.com","reason":"Needed for scheduled functions."}],"extensions":{}}
[info] i  extensions: ensuring required API firebaseextensions.googleapis.com is enabled... 
[debug] [2026-02-13T23:36:18.597Z] Checked if tokens are valid: true, expires at: 1771027031198
[debug] [2026-02-13T23:36:18.597Z] Checked if tokens are valid: true, expires at: 1771027031198
[debug] [2026-02-13T23:36:18.598Z] >>> [apiv2][query] GET https://serviceusage.googleapis.com/v1/projects/livekit-5eef6/services/firebaseextensions.googleapis.com [none]
[debug] [2026-02-13T23:36:18.598Z] >>> [apiv2][(partial)header] GET https://serviceusage.googleapis.com/v1/projects/livekit-5eef6/services/firebaseextensions.googleapis.com  x-goog-user-project=livekit-5eef6
[debug] [2026-02-13T23:36:19.870Z] <<< [apiv2][status] GET https://serviceusage.googleapis.com/v1/projects/livekit-5eef6/services/firebaseextensions.googleapis.com 200
[debug] [2026-02-13T23:36:19.871Z] <<< [apiv2][body] GET https://serviceusage.googleapis.com/v1/projects/livekit-5eef6/services/firebaseextensions.googleapis.com [omitted]
[warn] !  extensions: missing required API firebaseextensions.googleapis.com. Enabling now... 
[debug] [2026-02-13T23:36:19.871Z] Checked if tokens are valid: true, expires at: 1771027031198
[debug] [2026-02-13T23:36:19.871Z] Checked if tokens are valid: true, expires at: 1771027031198
[debug] [2026-02-13T23:36:19.871Z] >>> [apiv2][query] POST https://serviceusage.googleapis.com/v1/projects/livekit-5eef6/services/firebaseextensions.googleapis.com:enable [none]
[debug] [2026-02-13T23:36:19.871Z] >>> [apiv2][(partial)header] POST https://serviceusage.googleapis.com/v1/projects/livekit-5eef6/services/firebaseextensions.googleapis.com:enable  x-goog-user-project=livekit-5eef6
[debug] [2026-02-13T23:36:20.290Z] <<< [apiv2][status] POST https://serviceusage.googleapis.com/v1/projects/livekit-5eef6/services/firebaseextensions.googleapis.com:enable 200
[debug] [2026-02-13T23:36:20.290Z] <<< [apiv2][body] POST https://serviceusage.googleapis.com/v1/projects/livekit-5eef6/services/firebaseextensions.googleapis.com:enable [omitted]
[debug] [2026-02-13T23:36:30.304Z] > command requires scopes: ["email","openid","https://www.googleapis.com/auth/cloudplatformprojects.readonly","https://www.googleapis.com/auth/firebase","https://www.googleapis.com/auth/cloud-platform"]
[debug] [2026-02-13T23:36:30.305Z] > authorizing via signed-in user (gjencomienda@gmail.com)
[debug] [2026-02-13T23:36:30.305Z] [iam] checking project livekit-5eef6 for permissions ["firebase.projects.get","firebaseextensions.instances.list"]
[debug] [2026-02-13T23:36:30.305Z] Checked if tokens are valid: true, expires at: 1771027031198
[debug] [2026-02-13T23:36:30.305Z] Checked if tokens are valid: true, expires at: 1771027031198
[debug] [2026-02-13T23:36:30.305Z] >>> [apiv2][query] POST https://cloudresourcemanager.googleapis.com/v1/projects/livekit-5eef6:testIamPermissions [none]
[debug] [2026-02-13T23:36:30.305Z] >>> [apiv2][(partial)header] POST https://cloudresourcemanager.googleapis.com/v1/projects/livekit-5eef6:testIamPermissions  x-goog-user-project=livekit-5eef6
[debug] [2026-02-13T23:36:30.305Z] >>> [apiv2][body] POST https://cloudresourcemanager.googleapis.com/v1/projects/livekit-5eef6:testIamPermissions {"permissions":["firebase.projects.get","firebaseextensions.instances.list"]}
[debug] [2026-02-13T23:36:31.208Z] <<< [apiv2][status] POST https://cloudresourcemanager.googleapis.com/v1/projects/livekit-5eef6:testIamPermissions 200
[debug] [2026-02-13T23:36:31.208Z] <<< [apiv2][body] POST https://cloudresourcemanager.googleapis.com/v1/projects/livekit-5eef6:testIamPermissions {"permissions":["firebase.projects.get","firebaseextensions.instances.list"]}
[debug] [2026-02-13T23:36:31.209Z] Checked if tokens are valid: true, expires at: 1771027031198
[debug] [2026-02-13T23:36:31.209Z] Checked if tokens are valid: true, expires at: 1771027031198
[debug] [2026-02-13T23:36:31.209Z] >>> [apiv2][query] GET https://firebaseextensions.googleapis.com/v1beta/projects/livekit-5eef6/instances pageSize=100&pageToken=
[debug] [2026-02-13T23:36:33.395Z] <<< [apiv2][status] GET https://firebaseextensions.googleapis.com/v1beta/projects/livekit-5eef6/instances 200
[debug] [2026-02-13T23:36:33.395Z] <<< [apiv2][body] GET https://firebaseextensions.googleapis.com/v1beta/projects/livekit-5eef6/instances {}
[info] i  functions: preparing functions directory for uploading... 
[info] i  functions: packaged C:\Users\garre\Desktop\livekit\functions (73.82 KB) for uploading 
[debug] [2026-02-13T23:36:33.429Z] Checked if tokens are valid: true, expires at: 1771027031198
[debug] [2026-02-13T23:36:33.429Z] Checked if tokens are valid: true, expires at: 1771027031198
[debug] [2026-02-13T23:36:33.429Z] >>> [apiv2][query] GET https://cloudfunctions.googleapis.com/v1/projects/livekit-5eef6/locations/-/functions [none]
[debug] [2026-02-13T23:36:34.364Z] <<< [apiv2][status] GET https://cloudfunctions.googleapis.com/v1/projects/livekit-5eef6/locations/-/functions 200
[debug] [2026-02-13T23:36:34.364Z] <<< [apiv2][body] GET https://cloudfunctions.googleapis.com/v1/projects/livekit-5eef6/locations/-/functions {}
[debug] [2026-02-13T23:36:34.364Z] Checked if tokens are valid: true, expires at: 1771027031198
[debug] [2026-02-13T23:36:34.364Z] Checked if tokens are valid: true, expires at: 1771027031198
[debug] [2026-02-13T23:36:34.364Z] >>> [apiv2][query] GET https://cloudfunctions.googleapis.com/v2/projects/livekit-5eef6/locations/-/functions filter=environment%3D%22GEN_2%22
[debug] [2026-02-13T23:36:35.687Z] <<< [apiv2][status] GET https://cloudfunctions.googleapis.com/v2/projects/livekit-5eef6/locations/-/functions 200
[debug] [2026-02-13T23:36:35.687Z] <<< [apiv2][body] GET https://cloudfunctions.googleapis.com/v2/projects/livekit-5eef6/locations/-/functions {}
[info] i  functions: ensuring required API cloudscheduler.googleapis.com is enabled... 
[debug] [2026-02-13T23:36:35.690Z] Checked if tokens are valid: true, expires at: 1771027031198
[debug] [2026-02-13T23:36:35.690Z] Checked if tokens are valid: true, expires at: 1771027031198
[debug] [2026-02-13T23:36:35.690Z] >>> [apiv2][query] GET https://serviceusage.googleapis.com/v1/projects/900456648225/services/cloudscheduler.googleapis.com [none]
[debug] [2026-02-13T23:36:35.690Z] >>> [apiv2][(partial)header] GET https://serviceusage.googleapis.com/v1/projects/900456648225/services/cloudscheduler.googleapis.com  x-goog-user-project=900456648225
[debug] [2026-02-13T23:36:36.953Z] <<< [apiv2][status] GET https://serviceusage.googleapis.com/v1/projects/900456648225/services/cloudscheduler.googleapis.com 200
[debug] [2026-02-13T23:36:36.953Z] <<< [apiv2][body] GET https://serviceusage.googleapis.com/v1/projects/900456648225/services/cloudscheduler.googleapis.com [omitted]
[warn] !  functions: missing required API cloudscheduler.googleapis.com. Enabling now... 
[debug] [2026-02-13T23:36:36.954Z] Checked if tokens are valid: true, expires at: 1771027031198
[debug] [2026-02-13T23:36:36.954Z] Checked if tokens are valid: true, expires at: 1771027031198
[debug] [2026-02-13T23:36:36.954Z] >>> [apiv2][query] POST https://serviceusage.googleapis.com/v1/projects/900456648225/services/cloudscheduler.googleapis.com:enable [none]
[debug] [2026-02-13T23:36:36.954Z] >>> [apiv2][(partial)header] POST https://serviceusage.googleapis.com/v1/projects/900456648225/services/cloudscheduler.googleapis.com:enable  x-goog-user-project=900456648225
[debug] [2026-02-13T23:36:38.271Z] <<< [apiv2][status] POST https://serviceusage.googleapis.com/v1/projects/900456648225/services/cloudscheduler.googleapis.com:enable 200
[debug] [2026-02-13T23:36:38.272Z] <<< [apiv2][body] POST https://serviceusage.googleapis.com/v1/projects/900456648225/services/cloudscheduler.googleapis.com:enable [omitted]
[debug] [2026-02-13T23:36:48.294Z] Checked if tokens are valid: true, expires at: 1771027031198
[debug] [2026-02-13T23:36:48.294Z] Checked if tokens are valid: true, expires at: 1771027031198
[debug] [2026-02-13T23:36:48.294Z] >>> [apiv2][query] GET https://cloudresourcemanager.googleapis.com/v1/projects/livekit-5eef6 [none]
[debug] [2026-02-13T23:36:49.266Z] <<< [apiv2][status] GET https://cloudresourcemanager.googleapis.com/v1/projects/livekit-5eef6 200
[debug] [2026-02-13T23:36:49.266Z] <<< [apiv2][body] GET https://cloudresourcemanager.googleapis.com/v1/projects/livekit-5eef6 {"projectNumber":"900456648225","projectId":"livekit-5eef6","lifecycleState":"ACTIVE","name":"livekit","labels":{"firebase":"enabled","firebase-core":"disabled"},"createTime":"2025-08-12T21:08:10.861920Z"}
[debug] [2026-02-13T23:36:49.267Z] Checked if tokens are valid: true, expires at: 1771027031198
[debug] [2026-02-13T23:36:49.267Z] Checked if tokens are valid: true, expires at: 1771027031198
[debug] [2026-02-13T23:36:49.268Z] >>> [apiv2][query] GET https://cloudbilling.googleapis.com/v1/projects/livekit-5eef6/billingInfo [none]
[debug] [2026-02-13T23:36:50.469Z] <<< [apiv2][status] GET https://cloudbilling.googleapis.com/v1/projects/livekit-5eef6/billingInfo 200
[debug] [2026-02-13T23:36:50.469Z] <<< [apiv2][body] GET https://cloudbilling.googleapis.com/v1/projects/livekit-5eef6/billingInfo {"name":"projects/livekit-5eef6/billingInfo","projectId":"livekit-5eef6","billingAccountName":"billingAccounts/0119BF-007AB3-CDC2AF","billingEnabled":true}
[debug] [2026-02-13T23:36:50.470Z] [functions] found 2 new HTTP functions, testing setIamPolicy permission...
[debug] [2026-02-13T23:36:50.470Z] Checked if tokens are valid: true, expires at: 1771027031198
[debug] [2026-02-13T23:36:50.470Z] Checked if tokens are valid: true, expires at: 1771027031198
[debug] [2026-02-13T23:36:50.471Z] >>> [apiv2][query] POST https://cloudresourcemanager.googleapis.com/v1/projects/livekit-5eef6:testIamPermissions [none]
[debug] [2026-02-13T23:36:50.471Z] >>> [apiv2][(partial)header] POST https://cloudresourcemanager.googleapis.com/v1/projects/livekit-5eef6:testIamPermissions  x-goog-user-project=livekit-5eef6
[debug] [2026-02-13T23:36:50.471Z] >>> [apiv2][body] POST https://cloudresourcemanager.googleapis.com/v1/projects/livekit-5eef6:testIamPermissions {"permissions":["cloudfunctions.functions.setIamPolicy"]}
[debug] [2026-02-13T23:36:50.651Z] <<< [apiv2][status] POST https://cloudresourcemanager.googleapis.com/v1/projects/livekit-5eef6:testIamPermissions 200
[debug] [2026-02-13T23:36:50.651Z] <<< [apiv2][body] POST https://cloudresourcemanager.googleapis.com/v1/projects/livekit-5eef6:testIamPermissions {"permissions":["cloudfunctions.functions.setIamPolicy"]}
[debug] [2026-02-13T23:36:50.651Z] [functions] found setIamPolicy permission, proceeding with deploy
[debug] [2026-02-13T23:36:50.651Z] Checked if tokens are valid: true, expires at: 1771027031198
[debug] [2026-02-13T23:36:50.651Z] Checked if tokens are valid: true, expires at: 1771027031198
[debug] [2026-02-13T23:36:50.652Z] >>> [apiv2][query] POST https://cloudfunctions.googleapis.com/v1/projects/livekit-5eef6/locations/us-central1/functions:generateUploadUrl [none]
[debug] [2026-02-13T23:36:50.652Z] >>> [apiv2][body] POST https://cloudfunctions.googleapis.com/v1/projects/livekit-5eef6/locations/us-central1/functions:generateUploadUrl {}
[debug] [2026-02-13T23:37:00.091Z] <<< [apiv2][status] POST https://cloudfunctions.googleapis.com/v1/projects/livekit-5eef6/locations/us-central1/functions:generateUploadUrl 200
[debug] [2026-02-13T23:37:00.091Z] <<< [apiv2][body] POST https://cloudfunctions.googleapis.com/v1/projects/livekit-5eef6/locations/us-central1/functions:generateUploadUrl {"uploadUrl":"https://storage.googleapis.com/uploads-260470608838.us-central1.cloudfunctions.appspot.com/756b0ede-c3c7-4f95-8e3e-99bcc5d3d9ec.zip?GoogleAccessId=service-900456648225@gcf-admin-robot.iam.gserviceaccount.com&Expires=1771027619&Signature=edHfs8TKShJMp0UGAHn9BOBlWWD0iwlwyRDtYibakuW5A57R%2F%2Bz3qWbSUVsKjjvUKW9mvXyuVaU47VdWLN%2BRLhOUWmLYQM3uu6u2MMFc21wL5QKzNP9LYxwyC6B1UDT8YOYFPMTtxBr5eQVgar4FQAXiCXyINu%2B3NLN19xaHOkVhb4sRNm11aAFmhSKUOw8ptS%2BleFa8WhG%2FVFO2et0ZgvAsJrkatfIb2291TM7e53Voak5xM4cH0ZkkFWs%2FtJ5MGW%2BpEhkhVwiZnH9gTAJEiUj%2BBHB6l%2FrpMOhkpiPoVrLTfGmuO6%2Fiwmk7e%2BB7g%2BMFs2qNhT7vR0LN2FvZoayv0g%3D%3D"}
[debug] [2026-02-13T23:37:00.092Z] >>> [apiv2][query] PUT https://storage.googleapis.com/uploads-260470608838.us-central1.cloudfunctions.appspot.com/756b0ede-c3c7-4f95-8e3e-99bcc5d3d9ec.zip GoogleAccessId=service-900456648225%40gcf-admin-robot.iam.gserviceaccount.com&Expires=1771027619&Signature=edHfs8TKShJMp0UGAHn9BOBlWWD0iwlwyRDtYibakuW5A57R%2F%2Bz3qWbSUVsKjjvUKW9mvXyuVaU47VdWLN%2BRLhOUWmLYQM3uu6u2MMFc21wL5QKzNP9LYxwyC6B1UDT8YOYFPMTtxBr5eQVgar4FQAXiCXyINu%2B3NLN19xaHOkVhb4sRNm11aAFmhSKUOw8ptS%2BleFa8WhG%2FVFO2et0ZgvAsJrkatfIb2291TM7e53Voak5xM4cH0ZkkFWs%2FtJ5MGW%2BpEhkhVwiZnH9gTAJEiUj%2BBHB6l%2FrpMOhkpiPoVrLTfGmuO6%2Fiwmk7e%2BB7g%2BMFs2qNhT7vR0LN2FvZoayv0g%3D%3D
[debug] [2026-02-13T23:37:00.092Z] >>> [apiv2][body] PUT https://storage.googleapis.com/uploads-260470608838.us-central1.cloudfunctions.appspot.com/756b0ede-c3c7-4f95-8e3e-99bcc5d3d9ec.zip [stream]
[debug] [2026-02-13T23:37:01.915Z] <<< [apiv2][status] PUT https://storage.googleapis.com/uploads-260470608838.us-central1.cloudfunctions.appspot.com/756b0ede-c3c7-4f95-8e3e-99bcc5d3d9ec.zip 200
[debug] [2026-02-13T23:37:01.915Z] <<< [apiv2][body] PUT https://storage.googleapis.com/uploads-260470608838.us-central1.cloudfunctions.appspot.com/756b0ede-c3c7-4f95-8e3e-99bcc5d3d9ec.zip [omitted]
[info] +  functions: functions source uploaded successfully 
[info] i  functions: creating Node.js 22 (1st Gen) function getJoinToken(us-central1)... 
[info] i  functions: creating Node.js 22 (1st Gen) function onRoomEnd(us-central1)... 
[info] i  functions: creating Node.js 22 (1st Gen) function autoDeleteSummaries(us-central1)... 
[info] i  functions: creating Node.js 22 (1st Gen) function manualDeleteSummary(us-central1)... 
[info] i  functions: creating Node.js 22 (1st Gen) function getDeletionStats(us-central1)... 
[info] i  functions: creating Node.js 22 (1st Gen) function auditConsultationDocuments(us-central1)... 
[info] i  functions: creating Node.js 22 (1st Gen) function auditConsultationSessions(us-central1)... 
[info] i  functions: creating Node.js 22 (1st Gen) function auditConsultationSessionEvents(us-central1)... 
[info] i  functions: creating Node.js 22 (1st Gen) function auditCallSummaries(us-central1)... 
[info] i  functions: creating Node.js 22 (1st Gen) function auditInvitations(us-central1)... 
[info] i  functions: creating Node.js 22 (1st Gen) function auditWaitingPatients(us-central1)... 
[info] i  functions: creating Node.js 22 (1st Gen) function auditUsers(us-central1)... 
[debug] [2026-02-13T23:37:01.920Z] Checked if tokens are valid: true, expires at: 1771027031198
[debug] [2026-02-13T23:37:01.920Z] Checked if tokens are valid: true, expires at: 1771027031198
[debug] [2026-02-13T23:37:01.920Z] >>> [apiv2][query] POST https://cloudfunctions.googleapis.com/v1/projects/livekit-5eef6/locations/us-central1/functions [none]
[debug] [2026-02-13T23:37:01.920Z] >>> [apiv2][body] POST https://cloudfunctions.googleapis.com/v1/projects/livekit-5eef6/locations/us-central1/functions {"name":"projects/livekit-5eef6/locations/us-central1/functions/getJoinToken","sourceUploadUrl":"https://storage.googleapis.com/uploads-260470608838.us-central1.cloudfunctions.appspot.com/756b0ede-c3c7-4f95-8e3e-99bcc5d3d9ec.zip?GoogleAccessId=service-900456648225@gcf-admin-robot.iam.gserviceaccount.com&Expires=1771027619&Signature=edHfs8TKShJMp0UGAHn9BOBlWWD0iwlwyRDtYibakuW5A57R%2F%2Bz3qWbSUVsKjjvUKW9mvXyuVaU47VdWLN%2BRLhOUWmLYQM3uu6u2MMFc21wL5QKzNP9LYxwyC6B1UDT8YOYFPMTtxBr5eQVgar4FQAXiCXyINu%2B3NLN19xaHOkVhb4sRNm11aAFmhSKUOw8ptS%2BleFa8WhG%2FVFO2et0ZgvAsJrkatfIb2291TM7e53Voak5xM4cH0ZkkFWs%2FtJ5MGW%2BpEhkhVwiZnH9gTAJEiUj%2BBHB6l%2FrpMOhkpiPoVrLTfGmuO6%2Fiwmk7e%2BB7g%2BMFs2qNhT7vR0LN2FvZoayv0g%3D%3D","entryPoint":"getJoinToken","runtime":"nodejs22","dockerRegistry":"ARTIFACT_REGISTRY","labels":{"deployment-tool":"cli-firebase","firebase-functions-hash":"c79278fe1212f3620dc3f2174b932608249c5093"},"httpsTrigger":{"securityLevel":"SECURE_ALWAYS"},"minInstances":null,"maxInstances":null,"ingressSettings":null,"environmentVariables":{"FIREBASE_CONFIG":"{\"projectId\":\"livekit-5eef6\",\"storageBucket\":\"livekit-5eef6.firebasestorage.app\"}","GCLOUD_PROJECT":"livekit-5eef6","EVENTARC_CLOUD_EVENT_SOURCE":"projects/livekit-5eef6/locations/us-central1/functions/getJoinToken"},"serviceAccountEmail":null,"availableMemoryMb":null,"timeout":null,"vpcConnector":null,"vpcConnectorEgressSettings":null,"buildEnvironmentVariables":{"GOOGLE_NODE_RUN_SCRIPTS":""}}
[debug] [2026-02-13T23:37:02.885Z] <<< [apiv2][status] POST https://cloudfunctions.googleapis.com/v1/projects/livekit-5eef6/locations/us-central1/functions 200
[debug] [2026-02-13T23:37:02.885Z] <<< [apiv2][body] POST https://cloudfunctions.googleapis.com/v1/projects/livekit-5eef6/locations/us-central1/functions {"name":"operations/cHJvamVjdHMvbGl2ZWtpdC01ZWVmNi9sb2NhdGlvbnMvdXMtY2VudHJhbDEvb3BlcmF0aW9ucy9vcGVyYXRpb24tMTc3MTAyNTgyMTQ5My02NGFiZDE0ZmE2N2ZlLTJmOTdjODQxLWFjOGE3ZDFh","metadata":{"@type":"type.googleapis.com/google.cloud.functions.v1.OperationMetadataV1","target":"projects/livekit-5eef6/locations/us-central1/functions/getJoinToken","updateTime":"2026-02-13T23:37:01.926530097Z"}}
[debug] [2026-02-13T23:37:02.886Z] Checked if tokens are valid: true, expires at: 1771027031198
[debug] [2026-02-13T23:37:02.886Z] Checked if tokens are valid: true, expires at: 1771027031198
[debug] [2026-02-13T23:37:02.886Z] >>> [apiv2][query] GET https://cloudfunctions.googleapis.com/v1/operations/cHJvamVjdHMvbGl2ZWtpdC01ZWVmNi9sb2NhdGlvbnMvdXMtY2VudHJhbDEvb3BlcmF0aW9ucy9vcGVyYXRpb24tMTc3MTAyNTgyMTQ5My02NGFiZDE0ZmE2N2ZlLTJmOTdjODQxLWFjOGE3ZDFh [none]
[debug] [2026-02-13T23:37:03.391Z] <<< [apiv2][status] GET https://cloudfunctions.googleapis.com/v1/operations/cHJvamVjdHMvbGl2ZWtpdC01ZWVmNi9sb2NhdGlvbnMvdXMtY2VudHJhbDEvb3BlcmF0aW9ucy9vcGVyYXRpb24tMTc3MTAyNTgyMTQ5My02NGFiZDE0ZmE2N2ZlLTJmOTdjODQxLWFjOGE3ZDFh 200
[debug] [2026-02-13T23:37:03.391Z] <<< [apiv2][body] GET https://cloudfunctions.googleapis.com/v1/operations/cHJvamVjdHMvbGl2ZWtpdC01ZWVmNi9sb2NhdGlvbnMvdXMtY2VudHJhbDEvb3BlcmF0aW9ucy9vcGVyYXRpb24tMTc3MTAyNTgyMTQ5My02NGFiZDE0ZmE2N2ZlLTJmOTdjODQxLWFjOGE3ZDFh {"name":"operations/cHJvamVjdHMvbGl2ZWtpdC01ZWVmNi9sb2NhdGlvbnMvdXMtY2VudHJhbDEvb3BlcmF0aW9ucy9vcGVyYXRpb24tMTc3MTAyNTgyMTQ5My02NGFiZDE0ZmE2N2ZlLTJmOTdjODQxLWFjOGE3ZDFh","metadata":{"@type":"type.googleapis.com/google.cloud.functions.v1.OperationMetadataV1","target":"projects/livekit-5eef6/locations/us-central1/functions/getJoinToken","updateTime":"2026-02-13T23:37:01.926530097Z"}}
[debug] [2026-02-13T23:37:03.900Z] [create-default-us-central1-getJoinToken] Retrying task index 0
[debug] [2026-02-13T23:37:03.900Z] Checked if tokens are valid: true, expires at: 1771027031198
[debug] [2026-02-13T23:37:03.900Z] Checked if tokens are valid: true, expires at: 1771027031198
[debug] [2026-02-13T23:37:03.900Z] >>> [apiv2][query] GET https://cloudfunctions.googleapis.com/v1/operations/cHJvamVjdHMvbGl2ZWtpdC01ZWVmNi9sb2NhdGlvbnMvdXMtY2VudHJhbDEvb3BlcmF0aW9ucy9vcGVyYXRpb24tMTc3MTAyNTgyMTQ5My02NGFiZDE0ZmE2N2ZlLTJmOTdjODQxLWFjOGE3ZDFh [none]
[debug] [2026-02-13T23:37:04.397Z] <<< [apiv2][status] GET https://cloudfunctions.googleapis.com/v1/operations/cHJvamVjdHMvbGl2ZWtpdC01ZWVmNi9sb2NhdGlvbnMvdXMtY2VudHJhbDEvb3BlcmF0aW9ucy9vcGVyYXRpb24tMTc3MTAyNTgyMTQ5My02NGFiZDE0ZmE2N2ZlLTJmOTdjODQxLWFjOGE3ZDFh 200
[debug] [2026-02-13T23:37:04.397Z] <<< [apiv2][body] GET https://cloudfunctions.googleapis.com/v1/operations/cHJvamVjdHMvbGl2ZWtpdC01ZWVmNi9sb2NhdGlvbnMvdXMtY2VudHJhbDEvb3BlcmF0aW9ucy9vcGVyYXRpb24tMTc3MTAyNTgyMTQ5My02NGFiZDE0ZmE2N2ZlLTJmOTdjODQxLWFjOGE3ZDFh {"name":"operations/cHJvamVjdHMvbGl2ZWtpdC01ZWVmNi9sb2NhdGlvbnMvdXMtY2VudHJhbDEvb3BlcmF0aW9ucy9vcGVyYXRpb24tMTc3MTAyNTgyMTQ5My02NGFiZDE0ZmE2N2ZlLTJmOTdjODQxLWFjOGE3ZDFh","metadata":{"@type":"type.googleapis.com/google.cloud.functions.v1.OperationMetadataV1","target":"projects/livekit-5eef6/locations/us-central1/functions/getJoinToken","type":"CREATE_FUNCTION","request":{"@type":"type.googleapis.com/google.cloud.functions.v1.CloudFunction","name":"projects/livekit-5eef6/locations/us-central1/functions/getJoinToken","httpsTrigger":{"securityLevel":"SECURE_ALWAYS"},"entryPoint":"getJoinToken","updateTime":"1970-01-01T00:00:00Z","labels":{"deployment-tool":"cli-firebase","firebase-functions-hash":"c79278fe1212f3620dc3f2174b932608249c5093"},"sourceUploadUrl":"https://storage.googleapis.com/uploads-260470608838.us-central1.cloudfunctions.appspot.com/756b0ede-c3c7-4f95-8e3e-99bcc5d3d9ec.zip?GoogleAccessId=service-900456648225@gcf-admin-robot.iam.gserviceaccount.com&Expires=1771027619&Signature=edHfs8TKShJMp0UGAHn9BOBlWWD0iwlwyRDtYibakuW5A57R%2F%2Bz3qWbSUVsKjjvUKW9mvXyuVaU47VdWLN%2BRLhOUWmLYQM3uu6u2MMFc21wL5QKzNP9LYxwyC6B1UDT8YOYFPMTtxBr5eQVgar4FQAXiCXyINu%2B3NLN19xaHOkVhb4sRNm11aAFmhSKUOw8ptS%2BleFa8WhG%2FVFO2et0ZgvAsJrkatfIb2291TM7e53Voak5xM4cH0ZkkFWs%2FtJ5MGW%2BpEhkhVwiZnH9gTAJEiUj%2BBHB6l%2FrpMOhkpiPoVrLTfGmuO6%2Fiwmk7e%2BB7g%2BMFs2qNhT7vR0LN2FvZoayv0g%3D%3D","environmentVariables":{"FIREBASE_CONFIG":"{\"projectId\":\"livekit-5eef6\",\"storageBucket\":\"livekit-5eef6.firebasestorage.app\"}","GCLOUD_PROJECT":"livekit-5eef6","EVENTARC_CLOUD_EVENT_SOURCE":"projects/livekit-5eef6/locations/us-central1/functions/getJoinToken"},"runtime":"nodejs22","buildEnvironmentVariables":{"GOOGLE_NODE_RUN_SCRIPTS":""},"dockerRegistry":"ARTIFACT_REGISTRY"},"versionId":"1","updateTime":"2026-02-13T23:37:01.926530097Z"}}
[debug] [2026-02-13T23:37:05.397Z] [create-default-us-central1-getJoinToken] Retrying task index 0
[debug] [2026-02-13T23:37:05.398Z] Checked if tokens are valid: true, expires at: 1771027031198
[debug] [2026-02-13T23:37:05.398Z] Checked if tokens are valid: true, expires at: 1771027031198
[debug] [2026-02-13T23:37:05.398Z] >>> [apiv2][query] GET https://cloudfunctions.googleapis.com/v1/operations/cHJvamVjdHMvbGl2ZWtpdC01ZWVmNi9sb2NhdGlvbnMvdXMtY2VudHJhbDEvb3BlcmF0aW9ucy9vcGVyYXRpb24tMTc3MTAyNTgyMTQ5My02NGFiZDE0ZmE2N2ZlLTJmOTdjODQxLWFjOGE3ZDFh [none]
[debug] [2026-02-13T23:37:05.894Z] <<< [apiv2][status] GET https://cloudfunctions.googleapis.com/v1/operations/cHJvamVjdHMvbGl2ZWtpdC01ZWVmNi9sb2NhdGlvbnMvdXMtY2VudHJhbDEvb3BlcmF0aW9ucy9vcGVyYXRpb24tMTc3MTAyNTgyMTQ5My02NGFiZDE0ZmE2N2ZlLTJmOTdjODQxLWFjOGE3ZDFh 200
[debug] [2026-02-13T23:37:05.894Z] <<< [apiv2][body] GET https://cloudfunctions.googleapis.com/v1/operations/cHJvamVjdHMvbGl2ZWtpdC01ZWVmNi9sb2NhdGlvbnMvdXMtY2VudHJhbDEvb3BlcmF0aW9ucy9vcGVyYXRpb24tMTc3MTAyNTgyMTQ5My02NGFiZDE0ZmE2N2ZlLTJmOTdjODQxLWFjOGE3ZDFh {"name":"operations/cHJvamVjdHMvbGl2ZWtpdC01ZWVmNi9sb2NhdGlvbnMvdXMtY2VudHJhbDEvb3BlcmF0aW9ucy9vcGVyYXRpb24tMTc3MTAyNTgyMTQ5My02NGFiZDE0ZmE2N2ZlLTJmOTdjODQxLWFjOGE3ZDFh","metadata":{"@type":"type.googleapis.com/google.cloud.functions.v1.OperationMetadataV1","target":"projects/livekit-5eef6/locations/us-central1/functions/getJoinToken","type":"CREATE_FUNCTION","request":{"@type":"type.googleapis.com/google.cloud.functions.v1.CloudFunction","name":"projects/livekit-5eef6/locations/us-central1/functions/getJoinToken","httpsTrigger":{"securityLevel":"SECURE_ALWAYS"},"entryPoint":"getJoinToken","updateTime":"1970-01-01T00:00:00Z","labels":{"deployment-tool":"cli-firebase","firebase-functions-hash":"c79278fe1212f3620dc3f2174b932608249c5093"},"sourceUploadUrl":"https://storage.googleapis.com/uploads-260470608838.us-central1.cloudfunctions.appspot.com/756b0ede-c3c7-4f95-8e3e-99bcc5d3d9ec.zip?GoogleAccessId=service-900456648225@gcf-admin-robot.iam.gserviceaccount.com&Expires=1771027619&Signature=edHfs8TKShJMp0UGAHn9BOBlWWD0iwlwyRDtYibakuW5A57R%2F%2Bz3qWbSUVsKjjvUKW9mvXyuVaU47VdWLN%2BRLhOUWmLYQM3uu6u2MMFc21wL5QKzNP9LYxwyC6B1UDT8YOYFPMTtxBr5eQVgar4FQAXiCXyINu%2B3NLN19xaHOkVhb4sRNm11aAFmhSKUOw8ptS%2BleFa8WhG%2FVFO2et0ZgvAsJrkatfIb2291TM7e53Voak5xM4cH0ZkkFWs%2FtJ5MGW%2BpEhkhVwiZnH9gTAJEiUj%2BBHB6l%2FrpMOhkpiPoVrLTfGmuO6%2Fiwmk7e%2BB7g%2BMFs2qNhT7vR0LN2FvZoayv0g%3D%3D","environmentVariables":{"FIREBASE_CONFIG":"{\"projectId\":\"livekit-5eef6\",\"storageBucket\":\"livekit-5eef6.firebasestorage.app\"}","GCLOUD_PROJECT":"livekit-5eef6","EVENTARC_CLOUD_EVENT_SOURCE":"projects/livekit-5eef6/locations/us-central1/functions/getJoinToken"},"runtime":"nodejs22","buildEnvironmentVariables":{"GOOGLE_NODE_RUN_SCRIPTS":""},"dockerRegistry":"ARTIFACT_REGISTRY"},"versionId":"1","updateTime":"2026-02-13T23:37:01.926530097Z"}}
[debug] [2026-02-13T23:37:07.897Z] [create-default-us-central1-getJoinToken] Retrying task index 0
[debug] [2026-02-13T23:37:07.897Z] Checked if tokens are valid: true, expires at: 1771027031198
[debug] [2026-02-13T23:37:07.897Z] Checked if tokens are valid: true, expires at: 1771027031198
[debug] [2026-02-13T23:37:07.898Z] >>> [apiv2][query] GET https://cloudfunctions.googleapis.com/v1/operations/cHJvamVjdHMvbGl2ZWtpdC01ZWVmNi9sb2NhdGlvbnMvdXMtY2VudHJhbDEvb3BlcmF0aW9ucy9vcGVyYXRpb24tMTc3MTAyNTgyMTQ5My02NGFiZDE0ZmE2N2ZlLTJmOTdjODQxLWFjOGE3ZDFh [none]
[debug] [2026-02-13T23:37:08.382Z] <<< [apiv2][status] GET https://cloudfunctions.googleapis.com/v1/operations/cHJvamVjdHMvbGl2ZWtpdC01ZWVmNi9sb2NhdGlvbnMvdXMtY2VudHJhbDEvb3BlcmF0aW9ucy9vcGVyYXRpb24tMTc3MTAyNTgyMTQ5My02NGFiZDE0ZmE2N2ZlLTJmOTdjODQxLWFjOGE3ZDFh 200
[debug] [2026-02-13T23:37:08.382Z] <<< [apiv2][body] GET https://cloudfunctions.googleapis.com/v1/operations/cHJvamVjdHMvbGl2ZWtpdC01ZWVmNi9sb2NhdGlvbnMvdXMtY2VudHJhbDEvb3BlcmF0aW9ucy9vcGVyYXRpb24tMTc3MTAyNTgyMTQ5My02NGFiZDE0ZmE2N2ZlLTJmOTdjODQxLWFjOGE3ZDFh {"name":"operations/cHJvamVjdHMvbGl2ZWtpdC01ZWVmNi9sb2NhdGlvbnMvdXMtY2VudHJhbDEvb3BlcmF0aW9ucy9vcGVyYXRpb24tMTc3MTAyNTgyMTQ5My02NGFiZDE0ZmE2N2ZlLTJmOTdjODQxLWFjOGE3ZDFh","metadata":{"@type":"type.googleapis.com/google.cloud.functions.v1.OperationMetadataV1","target":"projects/livekit-5eef6/locations/us-central1/functions/getJoinToken","type":"CREATE_FUNCTION","request":{"@type":"type.googleapis.com/google.cloud.functions.v1.CloudFunction","name":"projects/livekit-5eef6/locations/us-central1/functions/getJoinToken","httpsTrigger":{"securityLevel":"SECURE_ALWAYS"},"entryPoint":"getJoinToken","updateTime":"1970-01-01T00:00:00Z","labels":{"deployment-tool":"cli-firebase","firebase-functions-hash":"c79278fe1212f3620dc3f2174b932608249c5093"},"sourceUploadUrl":"https://storage.googleapis.com/uploads-260470608838.us-central1.cloudfunctions.appspot.com/756b0ede-c3c7-4f95-8e3e-99bcc5d3d9ec.zip?GoogleAccessId=service-900456648225@gcf-admin-robot.iam.gserviceaccount.com&Expires=1771027619&Signature=edHfs8TKShJMp0UGAHn9BOBlWWD0iwlwyRDtYibakuW5A57R%2F%2Bz3qWbSUVsKjjvUKW9mvXyuVaU47VdWLN%2BRLhOUWmLYQM3uu6u2MMFc21wL5QKzNP9LYxwyC6B1UDT8YOYFPMTtxBr5eQVgar4FQAXiCXyINu%2B3NLN19xaHOkVhb4sRNm11aAFmhSKUOw8ptS%2BleFa8WhG%2FVFO2et0ZgvAsJrkatfIb2291TM7e53Voak5xM4cH0ZkkFWs%2FtJ5MGW%2BpEhkhVwiZnH9gTAJEiUj%2BBHB6l%2FrpMOhkpiPoVrLTfGmuO6%2Fiwmk7e%2BB7g%2BMFs2qNhT7vR0LN2FvZoayv0g%3D%3D","environmentVariables":{"FIREBASE_CONFIG":"{\"projectId\":\"livekit-5eef6\",\"storageBucket\":\"livekit-5eef6.firebasestorage.app\"}","GCLOUD_PROJECT":"livekit-5eef6","EVENTARC_CLOUD_EVENT_SOURCE":"projects/livekit-5eef6/locations/us-central1/functions/getJoinToken"},"runtime":"nodejs22","buildEnvironmentVariables":{"GOOGLE_NODE_RUN_SCRIPTS":""},"dockerRegistry":"ARTIFACT_REGISTRY"},"versionId":"1","updateTime":"2026-02-13T23:37:01.926530097Z"}}
[debug] [2026-02-13T23:37:12.394Z] [create-default-us-central1-getJoinToken] Retrying task index 0
[debug] [2026-02-13T23:37:12.395Z] Checked if tokens are valid: true, expires at: 1771027031198
[debug] [2026-02-13T23:37:12.395Z] Checked if tokens are valid: true, expires at: 1771027031198
[debug] [2026-02-13T23:37:12.395Z] >>> [apiv2][query] GET https://cloudfunctions.googleapis.com/v1/operations/cHJvamVjdHMvbGl2ZWtpdC01ZWVmNi9sb2NhdGlvbnMvdXMtY2VudHJhbDEvb3BlcmF0aW9ucy9vcGVyYXRpb24tMTc3MTAyNTgyMTQ5My02NGFiZDE0ZmE2N2ZlLTJmOTdjODQxLWFjOGE3ZDFh [none]
[debug] [2026-02-13T23:37:12.860Z] <<< [apiv2][status] GET https://cloudfunctions.googleapis.com/v1/operations/cHJvamVjdHMvbGl2ZWtpdC01ZWVmNi9sb2NhdGlvbnMvdXMtY2VudHJhbDEvb3BlcmF0aW9ucy9vcGVyYXRpb24tMTc3MTAyNTgyMTQ5My02NGFiZDE0ZmE2N2ZlLTJmOTdjODQxLWFjOGE3ZDFh 200
[debug] [2026-02-13T23:37:12.860Z] <<< [apiv2][body] GET https://cloudfunctions.googleapis.com/v1/operations/cHJvamVjdHMvbGl2ZWtpdC01ZWVmNi9sb2NhdGlvbnMvdXMtY2VudHJhbDEvb3BlcmF0aW9ucy9vcGVyYXRpb24tMTc3MTAyNTgyMTQ5My02NGFiZDE0ZmE2N2ZlLTJmOTdjODQxLWFjOGE3ZDFh {"name":"operations/cHJvamVjdHMvbGl2ZWtpdC01ZWVmNi9sb2NhdGlvbnMvdXMtY2VudHJhbDEvb3BlcmF0aW9ucy9vcGVyYXRpb24tMTc3MTAyNTgyMTQ5My02NGFiZDE0ZmE2N2ZlLTJmOTdjODQxLWFjOGE3ZDFh","metadata":{"@type":"type.googleapis.com/google.cloud.functions.v1.OperationMetadataV1","target":"projects/livekit-5eef6/locations/us-central1/functions/getJoinToken","type":"CREATE_FUNCTION","request":{"@type":"type.googleapis.com/google.cloud.functions.v1.CloudFunction","name":"projects/livekit-5eef6/locations/us-central1/functions/getJoinToken","httpsTrigger":{"securityLevel":"SECURE_ALWAYS"},"entryPoint":"getJoinToken","updateTime":"1970-01-01T00:00:00Z","labels":{"deployment-tool":"cli-firebase","firebase-functions-hash":"c79278fe1212f3620dc3f2174b932608249c5093"},"sourceUploadUrl":"https://storage.googleapis.com/uploads-260470608838.us-central1.cloudfunctions.appspot.com/756b0ede-c3c7-4f95-8e3e-99bcc5d3d9ec.zip?GoogleAccessId=service-900456648225@gcf-admin-robot.iam.gserviceaccount.com&Expires=1771027619&Signature=edHfs8TKShJMp0UGAHn9BOBlWWD0iwlwyRDtYibakuW5A57R%2F%2Bz3qWbSUVsKjjvUKW9mvXyuVaU47VdWLN%2BRLhOUWmLYQM3uu6u2MMFc21wL5QKzNP9LYxwyC6B1UDT8YOYFPMTtxBr5eQVgar4FQAXiCXyINu%2B3NLN19xaHOkVhb4sRNm11aAFmhSKUOw8ptS%2BleFa8WhG%2FVFO2et0ZgvAsJrkatfIb2291TM7e53Voak5xM4cH0ZkkFWs%2FtJ5MGW%2BpEhkhVwiZnH9gTAJEiUj%2BBHB6l%2FrpMOhkpiPoVrLTfGmuO6%2Fiwmk7e%2BB7g%2BMFs2qNhT7vR0LN2FvZoayv0g%3D%3D","environmentVariables":{"FIREBASE_CONFIG":"{\"projectId\":\"livekit-5eef6\",\"storageBucket\":\"livekit-5eef6.firebasestorage.app\"}","GCLOUD_PROJECT":"livekit-5eef6","EVENTARC_CLOUD_EVENT_SOURCE":"projects/livekit-5eef6/locations/us-central1/functions/getJoinToken"},"runtime":"nodejs22","buildEnvironmentVariables":{"GOOGLE_NODE_RUN_SCRIPTS":""},"dockerRegistry":"ARTIFACT_REGISTRY"},"versionId":"1","updateTime":"2026-02-13T23:37:01.926530097Z"}}
[debug] [2026-02-13T23:37:20.875Z] [create-default-us-central1-getJoinToken] Retrying task index 0
[debug] [2026-02-13T23:37:20.875Z] Checked if tokens are valid: true, expires at: 1771027031198
[debug] [2026-02-13T23:37:20.875Z] Checked if tokens are valid: true, expires at: 1771027031198
[debug] [2026-02-13T23:37:20.875Z] >>> [apiv2][query] GET https://cloudfunctions.googleapis.com/v1/operations/cHJvamVjdHMvbGl2ZWtpdC01ZWVmNi9sb2NhdGlvbnMvdXMtY2VudHJhbDEvb3BlcmF0aW9ucy9vcGVyYXRpb24tMTc3MTAyNTgyMTQ5My02NGFiZDE0ZmE2N2ZlLTJmOTdjODQxLWFjOGE3ZDFh [none]
[debug] [2026-02-13T23:37:21.307Z] <<< [apiv2][status] GET https://cloudfunctions.googleapis.com/v1/operations/cHJvamVjdHMvbGl2ZWtpdC01ZWVmNi9sb2NhdGlvbnMvdXMtY2VudHJhbDEvb3BlcmF0aW9ucy9vcGVyYXRpb24tMTc3MTAyNTgyMTQ5My02NGFiZDE0ZmE2N2ZlLTJmOTdjODQxLWFjOGE3ZDFh 200
[debug] [2026-02-13T23:37:21.307Z] <<< [apiv2][body] GET https://cloudfunctions.googleapis.com/v1/operations/cHJvamVjdHMvbGl2ZWtpdC01ZWVmNi9sb2NhdGlvbnMvdXMtY2VudHJhbDEvb3BlcmF0aW9ucy9vcGVyYXRpb24tMTc3MTAyNTgyMTQ5My02NGFiZDE0ZmE2N2ZlLTJmOTdjODQxLWFjOGE3ZDFh {"name":"operations/cHJvamVjdHMvbGl2ZWtpdC01ZWVmNi9sb2NhdGlvbnMvdXMtY2VudHJhbDEvb3BlcmF0aW9ucy9vcGVyYXRpb24tMTc3MTAyNTgyMTQ5My02NGFiZDE0ZmE2N2ZlLTJmOTdjODQxLWFjOGE3ZDFh","metadata":{"@type":"type.googleapis.com/google.cloud.functions.v1.OperationMetadataV1","target":"projects/livekit-5eef6/locations/us-central1/functions/getJoinToken","type":"CREATE_FUNCTION","request":{"@type":"type.googleapis.com/google.cloud.functions.v1.CloudFunction","name":"projects/livekit-5eef6/locations/us-central1/functions/getJoinToken","httpsTrigger":{"securityLevel":"SECURE_ALWAYS"},"entryPoint":"getJoinToken","updateTime":"1970-01-01T00:00:00Z","labels":{"deployment-tool":"cli-firebase","firebase-functions-hash":"c79278fe1212f3620dc3f2174b932608249c5093"},"sourceUploadUrl":"https://storage.googleapis.com/uploads-260470608838.us-central1.cloudfunctions.appspot.com/756b0ede-c3c7-4f95-8e3e-99bcc5d3d9ec.zip?GoogleAccessId=service-900456648225@gcf-admin-robot.iam.gserviceaccount.com&Expires=1771027619&Signature=edHfs8TKShJMp0UGAHn9BOBlWWD0iwlwyRDtYibakuW5A57R%2F%2Bz3qWbSUVsKjjvUKW9mvXyuVaU47VdWLN%2BRLhOUWmLYQM3uu6u2MMFc21wL5QKzNP9LYxwyC6B1UDT8YOYFPMTtxBr5eQVgar4FQAXiCXyINu%2B3NLN19xaHOkVhb4sRNm11aAFmhSKUOw8ptS%2BleFa8WhG%2FVFO2et0ZgvAsJrkatfIb2291TM7e53Voak5xM4cH0ZkkFWs%2FtJ5MGW%2BpEhkhVwiZnH9gTAJEiUj%2BBHB6l%2FrpMOhkpiPoVrLTfGmuO6%2Fiwmk7e%2BB7g%2BMFs2qNhT7vR0LN2FvZoayv0g%3D%3D","environmentVariables":{"FIREBASE_CONFIG":"{\"projectId\":\"livekit-5eef6\",\"storageBucket\":\"livekit-5eef6.firebasestorage.app\"}","GCLOUD_PROJECT":"livekit-5eef6","EVENTARC_CLOUD_EVENT_SOURCE":"projects/livekit-5eef6/locations/us-central1/functions/getJoinToken"},"runtime":"nodejs22","buildEnvironmentVariables":{"GOOGLE_NODE_RUN_SCRIPTS":""},"dockerRegistry":"ARTIFACT_REGISTRY"},"versionId":"1","updateTime":"2026-02-13T23:37:01.926530097Z","buildId":"c020d2f4-7422-4e40-a452-4e71b2bf1ae3","buildName":"projects/900456648225/locations/us-central1/builds/c020d2f4-7422-4e40-a452-4e71b2bf1ae3"}}
[debug] [2026-02-13T23:37:31.309Z] [create-default-us-central1-getJoinToken] Retrying task index 0
[debug] [2026-02-13T23:37:31.309Z] Checked if tokens are valid: true, expires at: 1771027031198
[debug] [2026-02-13T23:37:31.309Z] Checked if tokens are valid: true, expires at: 1771027031198
[debug] [2026-02-13T23:37:31.310Z] >>> [apiv2][query] GET https://cloudfunctions.googleapis.com/v1/operations/cHJvamVjdHMvbGl2ZWtpdC01ZWVmNi9sb2NhdGlvbnMvdXMtY2VudHJhbDEvb3BlcmF0aW9ucy9vcGVyYXRpb24tMTc3MTAyNTgyMTQ5My02NGFiZDE0ZmE2N2ZlLTJmOTdjODQxLWFjOGE3ZDFh [none]
[debug] [2026-02-13T23:37:31.855Z] <<< [apiv2][status] GET https://cloudfunctions.googleapis.com/v1/operations/cHJvamVjdHMvbGl2ZWtpdC01ZWVmNi9sb2NhdGlvbnMvdXMtY2VudHJhbDEvb3BlcmF0aW9ucy9vcGVyYXRpb24tMTc3MTAyNTgyMTQ5My02NGFiZDE0ZmE2N2ZlLTJmOTdjODQxLWFjOGE3ZDFh 200
[debug] [2026-02-13T23:37:31.855Z] <<< [apiv2][body] GET https://cloudfunctions.googleapis.com/v1/operations/cHJvamVjdHMvbGl2ZWtpdC01ZWVmNi9sb2NhdGlvbnMvdXMtY2VudHJhbDEvb3BlcmF0aW9ucy9vcGVyYXRpb24tMTc3MTAyNTgyMTQ5My02NGFiZDE0ZmE2N2ZlLTJmOTdjODQxLWFjOGE3ZDFh {"name":"operations/cHJvamVjdHMvbGl2ZWtpdC01ZWVmNi9sb2NhdGlvbnMvdXMtY2VudHJhbDEvb3BlcmF0aW9ucy9vcGVyYXRpb24tMTc3MTAyNTgyMTQ5My02NGFiZDE0ZmE2N2ZlLTJmOTdjODQxLWFjOGE3ZDFh","metadata":{"@type":"type.googleapis.com/google.cloud.functions.v1.OperationMetadataV1","target":"projects/livekit-5eef6/locations/us-central1/functions/getJoinToken","type":"CREATE_FUNCTION","request":{"@type":"type.googleapis.com/google.cloud.functions.v1.CloudFunction","name":"projects/livekit-5eef6/locations/us-central1/functions/getJoinToken","httpsTrigger":{"securityLevel":"SECURE_ALWAYS"},"entryPoint":"getJoinToken","updateTime":"1970-01-01T00:00:00Z","labels":{"deployment-tool":"cli-firebase","firebase-functions-hash":"c79278fe1212f3620dc3f2174b932608249c5093"},"sourceUploadUrl":"https://storage.googleapis.com/uploads-260470608838.us-central1.cloudfunctions.appspot.com/756b0ede-c3c7-4f95-8e3e-99bcc5d3d9ec.zip?GoogleAccessId=service-900456648225@gcf-admin-robot.iam.gserviceaccount.com&Expires=1771027619&Signature=edHfs8TKShJMp0UGAHn9BOBlWWD0iwlwyRDtYibakuW5A57R%2F%2Bz3qWbSUVsKjjvUKW9mvXyuVaU47VdWLN%2BRLhOUWmLYQM3uu6u2MMFc21wL5QKzNP9LYxwyC6B1UDT8YOYFPMTtxBr5eQVgar4FQAXiCXyINu%2B3NLN19xaHOkVhb4sRNm11aAFmhSKUOw8ptS%2BleFa8WhG%2FVFO2et0ZgvAsJrkatfIb2291TM7e53Voak5xM4cH0ZkkFWs%2FtJ5MGW%2BpEhkhVwiZnH9gTAJEiUj%2BBHB6l%2FrpMOhkpiPoVrLTfGmuO6%2Fiwmk7e%2BB7g%2BMFs2qNhT7vR0LN2FvZoayv0g%3D%3D","environmentVariables":{"FIREBASE_CONFIG":"{\"projectId\":\"livekit-5eef6\",\"storageBucket\":\"livekit-5eef6.firebasestorage.app\"}","GCLOUD_PROJECT":"livekit-5eef6","EVENTARC_CLOUD_EVENT_SOURCE":"projects/livekit-5eef6/locations/us-central1/functions/getJoinToken"},"runtime":"nodejs22","buildEnvironmentVariables":{"GOOGLE_NODE_RUN_SCRIPTS":""},"dockerRegistry":"ARTIFACT_REGISTRY"},"versionId":"1","updateTime":"2026-02-13T23:37:01.926530097Z","buildId":"c020d2f4-7422-4e40-a452-4e71b2bf1ae3","buildName":"projects/900456648225/locations/us-central1/builds/c020d2f4-7422-4e40-a452-4e71b2bf1ae3"}}
[debug] [2026-02-13T23:37:41.866Z] [create-default-us-central1-getJoinToken] Retrying task index 0
[debug] [2026-02-13T23:37:41.867Z] Checked if tokens are valid: true, expires at: 1771027031198
[debug] [2026-02-13T23:37:41.867Z] Checked if tokens are valid: true, expires at: 1771027031198
[debug] [2026-02-13T23:37:41.867Z] >>> [apiv2][query] GET https://cloudfunctions.googleapis.com/v1/operations/cHJvamVjdHMvbGl2ZWtpdC01ZWVmNi9sb2NhdGlvbnMvdXMtY2VudHJhbDEvb3BlcmF0aW9ucy9vcGVyYXRpb24tMTc3MTAyNTgyMTQ5My02NGFiZDE0ZmE2N2ZlLTJmOTdjODQxLWFjOGE3ZDFh [none]
[debug] [2026-02-13T23:37:42.459Z] <<< [apiv2][status] GET https://cloudfunctions.googleapis.com/v1/operations/cHJvamVjdHMvbGl2ZWtpdC01ZWVmNi9sb2NhdGlvbnMvdXMtY2VudHJhbDEvb3BlcmF0aW9ucy9vcGVyYXRpb24tMTc3MTAyNTgyMTQ5My02NGFiZDE0ZmE2N2ZlLTJmOTdjODQxLWFjOGE3ZDFh 200
[debug] [2026-02-13T23:37:42.460Z] <<< [apiv2][body] GET https://cloudfunctions.googleapis.com/v1/operations/cHJvamVjdHMvbGl2ZWtpdC01ZWVmNi9sb2NhdGlvbnMvdXMtY2VudHJhbDEvb3BlcmF0aW9ucy9vcGVyYXRpb24tMTc3MTAyNTgyMTQ5My02NGFiZDE0ZmE2N2ZlLTJmOTdjODQxLWFjOGE3ZDFh {"name":"operations/cHJvamVjdHMvbGl2ZWtpdC01ZWVmNi9sb2NhdGlvbnMvdXMtY2VudHJhbDEvb3BlcmF0aW9ucy9vcGVyYXRpb24tMTc3MTAyNTgyMTQ5My02NGFiZDE0ZmE2N2ZlLTJmOTdjODQxLWFjOGE3ZDFh","metadata":{"@type":"type.googleapis.com/google.cloud.functions.v1.OperationMetadataV1","target":"projects/livekit-5eef6/locations/us-central1/functions/getJoinToken","type":"CREATE_FUNCTION","request":{"@type":"type.googleapis.com/google.cloud.functions.v1.CloudFunction","name":"projects/livekit-5eef6/locations/us-central1/functions/getJoinToken","httpsTrigger":{"securityLevel":"SECURE_ALWAYS"},"entryPoint":"getJoinToken","updateTime":"1970-01-01T00:00:00Z","labels":{"deployment-tool":"cli-firebase","firebase-functions-hash":"c79278fe1212f3620dc3f2174b932608249c5093"},"sourceUploadUrl":"https://storage.googleapis.com/uploads-260470608838.us-central1.cloudfunctions.appspot.com/756b0ede-c3c7-4f95-8e3e-99bcc5d3d9ec.zip?GoogleAccessId=service-900456648225@gcf-admin-robot.iam.gserviceaccount.com&Expires=1771027619&Signature=edHfs8TKShJMp0UGAHn9BOBlWWD0iwlwyRDtYibakuW5A57R%2F%2Bz3qWbSUVsKjjvUKW9mvXyuVaU47VdWLN%2BRLhOUWmLYQM3uu6u2MMFc21wL5QKzNP9LYxwyC6B1UDT8YOYFPMTtxBr5eQVgar4FQAXiCXyINu%2B3NLN19xaHOkVhb4sRNm11aAFmhSKUOw8ptS%2BleFa8WhG%2FVFO2et0ZgvAsJrkatfIb2291TM7e53Voak5xM4cH0ZkkFWs%2FtJ5MGW%2BpEhkhVwiZnH9gTAJEiUj%2BBHB6l%2FrpMOhkpiPoVrLTfGmuO6%2Fiwmk7e%2BB7g%2BMFs2qNhT7vR0LN2FvZoayv0g%3D%3D","environmentVariables":{"FIREBASE_CONFIG":"{\"projectId\":\"livekit-5eef6\",\"storageBucket\":\"livekit-5eef6.firebasestorage.app\"}","GCLOUD_PROJECT":"livekit-5eef6","EVENTARC_CLOUD_EVENT_SOURCE":"projects/livekit-5eef6/locations/us-central1/functions/getJoinToken"},"runtime":"nodejs22","buildEnvironmentVariables":{"GOOGLE_NODE_RUN_SCRIPTS":""},"dockerRegistry":"ARTIFACT_REGISTRY"},"versionId":"1","updateTime":"2026-02-13T23:37:01.926530097Z","buildId":"c020d2f4-7422-4e40-a452-4e71b2bf1ae3","buildName":"projects/900456648225/locations/us-central1/builds/c020d2f4-7422-4e40-a452-4e71b2bf1ae3"}}
[debug] [2026-02-13T23:37:52.463Z] [create-default-us-central1-getJoinToken] Retrying task index 0
[debug] [2026-02-13T23:37:52.463Z] Checked if tokens are valid: true, expires at: 1771027031198
[debug] [2026-02-13T23:37:52.463Z] Checked if tokens are valid: true, expires at: 1771027031198
[debug] [2026-02-13T23:37:52.463Z] >>> [apiv2][query] GET https://cloudfunctions.googleapis.com/v1/operations/cHJvamVjdHMvbGl2ZWtpdC01ZWVmNi9sb2NhdGlvbnMvdXMtY2VudHJhbDEvb3BlcmF0aW9ucy9vcGVyYXRpb24tMTc3MTAyNTgyMTQ5My02NGFiZDE0ZmE2N2ZlLTJmOTdjODQxLWFjOGE3ZDFh [none]
[debug] [2026-02-13T23:37:52.880Z] <<< [apiv2][status] GET https://cloudfunctions.googleapis.com/v1/operations/cHJvamVjdHMvbGl2ZWtpdC01ZWVmNi9sb2NhdGlvbnMvdXMtY2VudHJhbDEvb3BlcmF0aW9ucy9vcGVyYXRpb24tMTc3MTAyNTgyMTQ5My02NGFiZDE0ZmE2N2ZlLTJmOTdjODQxLWFjOGE3ZDFh 200
[debug] [2026-02-13T23:37:52.880Z] <<< [apiv2][body] GET https://cloudfunctions.googleapis.com/v1/operations/cHJvamVjdHMvbGl2ZWtpdC01ZWVmNi9sb2NhdGlvbnMvdXMtY2VudHJhbDEvb3BlcmF0aW9ucy9vcGVyYXRpb24tMTc3MTAyNTgyMTQ5My02NGFiZDE0ZmE2N2ZlLTJmOTdjODQxLWFjOGE3ZDFh {"name":"operations/cHJvamVjdHMvbGl2ZWtpdC01ZWVmNi9sb2NhdGlvbnMvdXMtY2VudHJhbDEvb3BlcmF0aW9ucy9vcGVyYXRpb24tMTc3MTAyNTgyMTQ5My02NGFiZDE0ZmE2N2ZlLTJmOTdjODQxLWFjOGE3ZDFh","metadata":{"@type":"type.googleapis.com/google.cloud.functions.v1.OperationMetadataV1","target":"projects/livekit-5eef6/locations/us-central1/functions/getJoinToken","type":"CREATE_FUNCTION","request":{"@type":"type.googleapis.com/google.cloud.functions.v1.CloudFunction","name":"projects/livekit-5eef6/locations/us-central1/functions/getJoinToken","httpsTrigger":{"securityLevel":"SECURE_ALWAYS"},"entryPoint":"getJoinToken","updateTime":"1970-01-01T00:00:00Z","labels":{"deployment-tool":"cli-firebase","firebase-functions-hash":"c79278fe1212f3620dc3f2174b932608249c5093"},"sourceUploadUrl":"https://storage.googleapis.com/uploads-260470608838.us-central1.cloudfunctions.appspot.com/756b0ede-c3c7-4f95-8e3e-99bcc5d3d9ec.zip?GoogleAccessId=service-900456648225@gcf-admin-robot.iam.gserviceaccount.com&Expires=1771027619&Signature=edHfs8TKShJMp0UGAHn9BOBlWWD0iwlwyRDtYibakuW5A57R%2F%2Bz3qWbSUVsKjjvUKW9mvXyuVaU47VdWLN%2BRLhOUWmLYQM3uu6u2MMFc21wL5QKzNP9LYxwyC6B1UDT8YOYFPMTtxBr5eQVgar4FQAXiCXyINu%2B3NLN19xaHOkVhb4sRNm11aAFmhSKUOw8ptS%2BleFa8WhG%2FVFO2et0ZgvAsJrkatfIb2291TM7e53Voak5xM4cH0ZkkFWs%2FtJ5MGW%2BpEhkhVwiZnH9gTAJEiUj%2BBHB6l%2FrpMOhkpiPoVrLTfGmuO6%2Fiwmk7e%2BB7g%2BMFs2qNhT7vR0LN2FvZoayv0g%3D%3D","environmentVariables":{"FIREBASE_CONFIG":"{\"projectId\":\"livekit-5eef6\",\"storageBucket\":\"livekit-5eef6.firebasestorage.app\"}","GCLOUD_PROJECT":"livekit-5eef6","EVENTARC_CLOUD_EVENT_SOURCE":"projects/livekit-5eef6/locations/us-central1/functions/getJoinToken"},"runtime":"nodejs22","buildEnvironmentVariables":{"GOOGLE_NODE_RUN_SCRIPTS":""},"dockerRegistry":"ARTIFACT_REGISTRY"},"versionId":"1","updateTime":"2026-02-13T23:37:01.926530097Z","buildId":"c020d2f4-7422-4e40-a452-4e71b2bf1ae3","buildName":"projects/900456648225/locations/us-central1/builds/c020d2f4-7422-4e40-a452-4e71b2bf1ae3"}}
[debug] [2026-02-13T23:38:02.884Z] [create-default-us-central1-getJoinToken] Retrying task index 0
[debug] [2026-02-13T23:38:02.885Z] Checked if tokens are valid: true, expires at: 1771027031198
[debug] [2026-02-13T23:38:02.885Z] Checked if tokens are valid: true, expires at: 1771027031198
[debug] [2026-02-13T23:38:02.885Z] >>> [apiv2][query] GET https://cloudfunctions.googleapis.com/v1/operations/cHJvamVjdHMvbGl2ZWtpdC01ZWVmNi9sb2NhdGlvbnMvdXMtY2VudHJhbDEvb3BlcmF0aW9ucy9vcGVyYXRpb24tMTc3MTAyNTgyMTQ5My02NGFiZDE0ZmE2N2ZlLTJmOTdjODQxLWFjOGE3ZDFh [none]
[debug] [2026-02-13T23:38:03.307Z] <<< [apiv2][status] GET https://cloudfunctions.googleapis.com/v1/operations/cHJvamVjdHMvbGl2ZWtpdC01ZWVmNi9sb2NhdGlvbnMvdXMtY2VudHJhbDEvb3BlcmF0aW9ucy9vcGVyYXRpb24tMTc3MTAyNTgyMTQ5My02NGFiZDE0ZmE2N2ZlLTJmOTdjODQxLWFjOGE3ZDFh 200
[debug] [2026-02-13T23:38:03.307Z] <<< [apiv2][body] GET https://cloudfunctions.googleapis.com/v1/operations/cHJvamVjdHMvbGl2ZWtpdC01ZWVmNi9sb2NhdGlvbnMvdXMtY2VudHJhbDEvb3BlcmF0aW9ucy9vcGVyYXRpb24tMTc3MTAyNTgyMTQ5My02NGFiZDE0ZmE2N2ZlLTJmOTdjODQxLWFjOGE3ZDFh {"name":"operations/cHJvamVjdHMvbGl2ZWtpdC01ZWVmNi9sb2NhdGlvbnMvdXMtY2VudHJhbDEvb3BlcmF0aW9ucy9vcGVyYXRpb24tMTc3MTAyNTgyMTQ5My02NGFiZDE0ZmE2N2ZlLTJmOTdjODQxLWFjOGE3ZDFh","metadata":{"@type":"type.googleapis.com/google.cloud.functions.v1.OperationMetadataV1","target":"projects/livekit-5eef6/locations/us-central1/functions/getJoinToken","type":"CREATE_FUNCTION","request":{"@type":"type.googleapis.com/google.cloud.functions.v1.CloudFunction","name":"projects/livekit-5eef6/locations/us-central1/functions/getJoinToken","httpsTrigger":{"securityLevel":"SECURE_ALWAYS"},"entryPoint":"getJoinToken","updateTime":"1970-01-01T00:00:00Z","labels":{"deployment-tool":"cli-firebase","firebase-functions-hash":"c79278fe1212f3620dc3f2174b932608249c5093"},"sourceUploadUrl":"https://storage.googleapis.com/uploads-260470608838.us-central1.cloudfunctions.appspot.com/756b0ede-c3c7-4f95-8e3e-99bcc5d3d9ec.zip?GoogleAccessId=service-900456648225@gcf-admin-robot.iam.gserviceaccount.com&Expires=1771027619&Signature=edHfs8TKShJMp0UGAHn9BOBlWWD0iwlwyRDtYibakuW5A57R%2F%2Bz3qWbSUVsKjjvUKW9mvXyuVaU47VdWLN%2BRLhOUWmLYQM3uu6u2MMFc21wL5QKzNP9LYxwyC6B1UDT8YOYFPMTtxBr5eQVgar4FQAXiCXyINu%2B3NLN19xaHOkVhb4sRNm11aAFmhSKUOw8ptS%2BleFa8WhG%2FVFO2et0ZgvAsJrkatfIb2291TM7e53Voak5xM4cH0ZkkFWs%2FtJ5MGW%2BpEhkhVwiZnH9gTAJEiUj%2BBHB6l%2FrpMOhkpiPoVrLTfGmuO6%2Fiwmk7e%2BB7g%2BMFs2qNhT7vR0LN2FvZoayv0g%3D%3D","environmentVariables":{"FIREBASE_CONFIG":"{\"projectId\":\"livekit-5eef6\",\"storageBucket\":\"livekit-5eef6.firebasestorage.app\"}","GCLOUD_PROJECT":"livekit-5eef6","EVENTARC_CLOUD_EVENT_SOURCE":"projects/livekit-5eef6/locations/us-central1/functions/getJoinToken"},"runtime":"nodejs22","buildEnvironmentVariables":{"GOOGLE_NODE_RUN_SCRIPTS":""},"dockerRegistry":"ARTIFACT_REGISTRY"},"versionId":"1","updateTime":"2026-02-13T23:37:01.926530097Z","buildId":"c020d2f4-7422-4e40-a452-4e71b2bf1ae3","buildName":"projects/900456648225/locations/us-central1/builds/c020d2f4-7422-4e40-a452-4e71b2bf1ae3"}}
[debug] [2026-02-13T23:38:13.319Z] [create-default-us-central1-getJoinToken] Retrying task index 0
[debug] [2026-02-13T23:38:13.320Z] Checked if tokens are valid: true, expires at: 1771027031198
[debug] [2026-02-13T23:38:13.320Z] Checked if tokens are valid: true, expires at: 1771027031198
[debug] [2026-02-13T23:38:13.320Z] >>> [apiv2][query] GET https://cloudfunctions.googleapis.com/v1/operations/cHJvamVjdHMvbGl2ZWtpdC01ZWVmNi9sb2NhdGlvbnMvdXMtY2VudHJhbDEvb3BlcmF0aW9ucy9vcGVyYXRpb24tMTc3MTAyNTgyMTQ5My02NGFiZDE0ZmE2N2ZlLTJmOTdjODQxLWFjOGE3ZDFh [none]
[debug] [2026-02-13T23:38:13.896Z] <<< [apiv2][status] GET https://cloudfunctions.googleapis.com/v1/operations/cHJvamVjdHMvbGl2ZWtpdC01ZWVmNi9sb2NhdGlvbnMvdXMtY2VudHJhbDEvb3BlcmF0aW9ucy9vcGVyYXRpb24tMTc3MTAyNTgyMTQ5My02NGFiZDE0ZmE2N2ZlLTJmOTdjODQxLWFjOGE3ZDFh 200
[debug] [2026-02-13T23:38:13.896Z] <<< [apiv2][body] GET https://cloudfunctions.googleapis.com/v1/operations/cHJvamVjdHMvbGl2ZWtpdC01ZWVmNi9sb2NhdGlvbnMvdXMtY2VudHJhbDEvb3BlcmF0aW9ucy9vcGVyYXRpb24tMTc3MTAyNTgyMTQ5My02NGFiZDE0ZmE2N2ZlLTJmOTdjODQxLWFjOGE3ZDFh {"name":"operations/cHJvamVjdHMvbGl2ZWtpdC01ZWVmNi9sb2NhdGlvbnMvdXMtY2VudHJhbDEvb3BlcmF0aW9ucy9vcGVyYXRpb24tMTc3MTAyNTgyMTQ5My02NGFiZDE0ZmE2N2ZlLTJmOTdjODQxLWFjOGE3ZDFh","metadata":{"@type":"type.googleapis.com/google.cloud.functions.v1.OperationMetadataV1","target":"projects/livekit-5eef6/locations/us-central1/functions/getJoinToken","type":"CREATE_FUNCTION","request":{"@type":"type.googleapis.com/google.cloud.functions.v1.CloudFunction","name":"projects/livekit-5eef6/locations/us-central1/functions/getJoinToken","httpsTrigger":{"securityLevel":"SECURE_ALWAYS"},"entryPoint":"getJoinToken","updateTime":"1970-01-01T00:00:00Z","labels":{"deployment-tool":"cli-firebase","firebase-functions-hash":"c79278fe1212f3620dc3f2174b932608249c5093"},"sourceUploadUrl":"https://storage.googleapis.com/uploads-260470608838.us-central1.cloudfunctions.appspot.com/756b0ede-c3c7-4f95-8e3e-99bcc5d3d9ec.zip?GoogleAccessId=service-900456648225@gcf-admin-robot.iam.gserviceaccount.com&Expires=1771027619&Signature=edHfs8TKShJMp0UGAHn9BOBlWWD0iwlwyRDtYibakuW5A57R%2F%2Bz3qWbSUVsKjjvUKW9mvXyuVaU47VdWLN%2BRLhOUWmLYQM3uu6u2MMFc21wL5QKzNP9LYxwyC6B1UDT8YOYFPMTtxBr5eQVgar4FQAXiCXyINu%2B3NLN19xaHOkVhb4sRNm11aAFmhSKUOw8ptS%2BleFa8WhG%2FVFO2et0ZgvAsJrkatfIb2291TM7e53Voak5xM4cH0ZkkFWs%2FtJ5MGW%2BpEhkhVwiZnH9gTAJEiUj%2BBHB6l%2FrpMOhkpiPoVrLTfGmuO6%2Fiwmk7e%2BB7g%2BMFs2qNhT7vR0LN2FvZoayv0g%3D%3D","environmentVariables":{"FIREBASE_CONFIG":"{\"projectId\":\"livekit-5eef6\",\"storageBucket\":\"livekit-5eef6.firebasestorage.app\"}","GCLOUD_PROJECT":"livekit-5eef6","EVENTARC_CLOUD_EVENT_SOURCE":"projects/livekit-5eef6/locations/us-central1/functions/getJoinToken"},"runtime":"nodejs22","buildEnvironmentVariables":{"GOOGLE_NODE_RUN_SCRIPTS":""},"dockerRegistry":"ARTIFACT_REGISTRY"},"versionId":"1","updateTime":"2026-02-13T23:37:01.926530097Z","buildId":"c020d2f4-7422-4e40-a452-4e71b2bf1ae3","sourceToken":"09f0da63-0ee4-4577-a6b7-093b6fa2006d","buildName":"projects/900456648225/locations/us-central1/builds/c020d2f4-7422-4e40-a452-4e71b2bf1ae3"}}
[debug] [2026-02-13T23:38:13.896Z] Got source token 09f0da63-0ee4-4577-a6b7-093b6fa2006d for region us-central1
[debug] [2026-02-13T23:38:13.896Z] Checked if tokens are valid: true, expires at: 1771027031198
[debug] [2026-02-13T23:38:13.896Z] Checked if tokens are valid: true, expires at: 1771027031198
[debug] [2026-02-13T23:38:13.896Z] Checked if tokens are valid: true, expires at: 1771027031198
[debug] [2026-02-13T23:38:13.896Z] Checked if tokens are valid: true, expires at: 1771027031198
[debug] [2026-02-13T23:38:13.896Z] Checked if tokens are valid: true, expires at: 1771027031198
[debug] [2026-02-13T23:38:13.896Z] Checked if tokens are valid: true, expires at: 1771027031198
[debug] [2026-02-13T23:38:13.897Z] Checked if tokens are valid: true, expires at: 1771027031198
[debug] [2026-02-13T23:38:13.897Z] Checked if tokens are valid: true, expires at: 1771027031198
[debug] [2026-02-13T23:38:13.897Z] Checked if tokens are valid: true, expires at: 1771027031198
[debug] [2026-02-13T23:38:13.897Z] Checked if tokens are valid: true, expires at: 1771027031198
[debug] [2026-02-13T23:38:13.897Z] Checked if tokens are valid: true, expires at: 1771027031198
[debug] [2026-02-13T23:38:13.897Z] Checked if tokens are valid: true, expires at: 1771027031198
[debug] [2026-02-13T23:38:13.897Z] Checked if tokens are valid: true, expires at: 1771027031198
[debug] [2026-02-13T23:38:13.897Z] Checked if tokens are valid: true, expires at: 1771027031198
[debug] [2026-02-13T23:38:13.897Z] Checked if tokens are valid: true, expires at: 1771027031198
[debug] [2026-02-13T23:38:13.897Z] Checked if tokens are valid: true, expires at: 1771027031198
[debug] [2026-02-13T23:38:13.897Z] Checked if tokens are valid: true, expires at: 1771027031198
[debug] [2026-02-13T23:38:13.898Z] Checked if tokens are valid: true, expires at: 1771027031198
[debug] [2026-02-13T23:38:13.898Z] Checked if tokens are valid: true, expires at: 1771027031198
[debug] [2026-02-13T23:38:13.898Z] Checked if tokens are valid: true, expires at: 1771027031198
[debug] [2026-02-13T23:38:13.898Z] Checked if tokens are valid: true, expires at: 1771027031198
[debug] [2026-02-13T23:38:13.898Z] Checked if tokens are valid: true, expires at: 1771027031198
[debug] [2026-02-13T23:38:13.898Z] >>> [apiv2][query] POST https://cloudfunctions.googleapis.com/v1/projects/livekit-5eef6/locations/us-central1/functions [none]
[debug] [2026-02-13T23:38:13.898Z] >>> [apiv2][body] POST https://cloudfunctions.googleapis.com/v1/projects/livekit-5eef6/locations/us-central1/functions {"name":"projects/livekit-5eef6/locations/us-central1/functions/onRoomEnd","sourceUploadUrl":"https://storage.googleapis.com/uploads-260470608838.us-central1.cloudfunctions.appspot.com/756b0ede-c3c7-4f95-8e3e-99bcc5d3d9ec.zip?GoogleAccessId=service-900456648225@gcf-admin-robot.iam.gserviceaccount.com&Expires=1771027619&Signature=edHfs8TKShJMp0UGAHn9BOBlWWD0iwlwyRDtYibakuW5A57R%2F%2Bz3qWbSUVsKjjvUKW9mvXyuVaU47VdWLN%2BRLhOUWmLYQM3uu6u2MMFc21wL5QKzNP9LYxwyC6B1UDT8YOYFPMTtxBr5eQVgar4FQAXiCXyINu%2B3NLN19xaHOkVhb4sRNm11aAFmhSKUOw8ptS%2BleFa8WhG%2FVFO2et0ZgvAsJrkatfIb2291TM7e53Voak5xM4cH0ZkkFWs%2FtJ5MGW%2BpEhkhVwiZnH9gTAJEiUj%2BBHB6l%2FrpMOhkpiPoVrLTfGmuO6%2Fiwmk7e%2BB7g%2BMFs2qNhT7vR0LN2FvZoayv0g%3D%3D","entryPoint":"onRoomEnd","runtime":"nodejs22","dockerRegistry":"ARTIFACT_REGISTRY","labels":{"deployment-tool":"cli-firebase","firebase-functions-hash":"c79278fe1212f3620dc3f2174b932608249c5093"},"httpsTrigger":{"securityLevel":"SECURE_ALWAYS"},"minInstances":null,"maxInstances":null,"ingressSettings":null,"environmentVariables":{"FIREBASE_CONFIG":"{\"projectId\":\"livekit-5eef6\",\"storageBucket\":\"livekit-5eef6.firebasestorage.app\"}","GCLOUD_PROJECT":"livekit-5eef6","EVENTARC_CLOUD_EVENT_SOURCE":"projects/livekit-5eef6/locations/us-central1/functions/onRoomEnd"},"serviceAccountEmail":null,"availableMemoryMb":null,"timeout":null,"vpcConnector":null,"vpcConnectorEgressSettings":null,"sourceToken":"09f0da63-0ee4-4577-a6b7-093b6fa2006d","buildEnvironmentVariables":{"GOOGLE_NODE_RUN_SCRIPTS":""}}
[debug] [2026-02-13T23:38:13.899Z] >>> [apiv2][query] POST https://cloudfunctions.googleapis.com/v1/projects/livekit-5eef6/locations/us-central1/functions [none]
[debug] [2026-02-13T23:38:13.899Z] >>> [apiv2][body] POST https://cloudfunctions.googleapis.com/v1/projects/livekit-5eef6/locations/us-central1/functions {"name":"projects/livekit-5eef6/locations/us-central1/functions/autoDeleteSummaries","sourceUploadUrl":"https://storage.googleapis.com/uploads-260470608838.us-central1.cloudfunctions.appspot.com/756b0ede-c3c7-4f95-8e3e-99bcc5d3d9ec.zip?GoogleAccessId=service-900456648225@gcf-admin-robot.iam.gserviceaccount.com&Expires=1771027619&Signature=edHfs8TKShJMp0UGAHn9BOBlWWD0iwlwyRDtYibakuW5A57R%2F%2Bz3qWbSUVsKjjvUKW9mvXyuVaU47VdWLN%2BRLhOUWmLYQM3uu6u2MMFc21wL5QKzNP9LYxwyC6B1UDT8YOYFPMTtxBr5eQVgar4FQAXiCXyINu%2B3NLN19xaHOkVhb4sRNm11aAFmhSKUOw8ptS%2BleFa8WhG%2FVFO2et0ZgvAsJrkatfIb2291TM7e53Voak5xM4cH0ZkkFWs%2FtJ5MGW%2BpEhkhVwiZnH9gTAJEiUj%2BBHB6l%2FrpMOhkpiPoVrLTfGmuO6%2Fiwmk7e%2BB7g%2BMFs2qNhT7vR0LN2FvZoayv0g%3D%3D","entryPoint":"autoDeleteSummaries","runtime":"nodejs22","dockerRegistry":"ARTIFACT_REGISTRY","labels":{"deployment-tool":"cli-firebase","deployment-scheduled":"true","firebase-functions-hash":"c79278fe1212f3620dc3f2174b932608249c5093"},"eventTrigger":{"eventType":"google.pubsub.topic.publish","resource":"projects/livekit-5eef6/topics/firebase-schedule-autoDeleteSummaries-us-central1"},"minInstances":null,"maxInstances":null,"ingressSettings":null,"environmentVariables":{"FIREBASE_CONFIG":"{\"projectId\":\"livekit-5eef6\",\"storageBucket\":\"livekit-5eef6.firebasestorage.app\"}","GCLOUD_PROJECT":"livekit-5eef6","EVENTARC_CLOUD_EVENT_SOURCE":"projects/livekit-5eef6/locations/us-central1/functions/autoDeleteSummaries"},"serviceAccountEmail":null,"availableMemoryMb":null,"timeout":null,"vpcConnector":null,"vpcConnectorEgressSettings":null,"sourceToken":"09f0da63-0ee4-4577-a6b7-093b6fa2006d","buildEnvironmentVariables":{"GOOGLE_NODE_RUN_SCRIPTS":""}}
[debug] [2026-02-13T23:38:13.900Z] >>> [apiv2][query] POST https://cloudfunctions.googleapis.com/v1/projects/livekit-5eef6/locations/us-central1/functions [none]
[debug] [2026-02-13T23:38:13.900Z] >>> [apiv2][body] POST https://cloudfunctions.googleapis.com/v1/projects/livekit-5eef6/locations/us-central1/functions {"name":"projects/livekit-5eef6/locations/us-central1/functions/manualDeleteSummary","sourceUploadUrl":"https://storage.googleapis.com/uploads-260470608838.us-central1.cloudfunctions.appspot.com/756b0ede-c3c7-4f95-8e3e-99bcc5d3d9ec.zip?GoogleAccessId=service-900456648225@gcf-admin-robot.iam.gserviceaccount.com&Expires=1771027619&Signature=edHfs8TKShJMp0UGAHn9BOBlWWD0iwlwyRDtYibakuW5A57R%2F%2Bz3qWbSUVsKjjvUKW9mvXyuVaU47VdWLN%2BRLhOUWmLYQM3uu6u2MMFc21wL5QKzNP9LYxwyC6B1UDT8YOYFPMTtxBr5eQVgar4FQAXiCXyINu%2B3NLN19xaHOkVhb4sRNm11aAFmhSKUOw8ptS%2BleFa8WhG%2FVFO2et0ZgvAsJrkatfIb2291TM7e53Voak5xM4cH0ZkkFWs%2FtJ5MGW%2BpEhkhVwiZnH9gTAJEiUj%2BBHB6l%2FrpMOhkpiPoVrLTfGmuO6%2Fiwmk7e%2BB7g%2BMFs2qNhT7vR0LN2FvZoayv0g%3D%3D","entryPoint":"manualDeleteSummary","runtime":"nodejs22","dockerRegistry":"ARTIFACT_REGISTRY","labels":{"deployment-tool":"cli-firebase","deployment-callable":"true","firebase-functions-hash":"c79278fe1212f3620dc3f2174b932608249c5093"},"httpsTrigger":{"securityLevel":"SECURE_ALWAYS"},"minInstances":null,"maxInstances":null,"ingressSettings":null,"environmentVariables":{"FIREBASE_CONFIG":"{\"projectId\":\"livekit-5eef6\",\"storageBucket\":\"livekit-5eef6.firebasestorage.app\"}","GCLOUD_PROJECT":"livekit-5eef6","EVENTARC_CLOUD_EVENT_SOURCE":"projects/livekit-5eef6/locations/us-central1/functions/manualDeleteSummary"},"serviceAccountEmail":null,"availableMemoryMb":null,"timeout":null,"vpcConnector":null,"vpcConnectorEgressSettings":null,"sourceToken":"09f0da63-0ee4-4577-a6b7-093b6fa2006d","buildEnvironmentVariables":{"GOOGLE_NODE_RUN_SCRIPTS":""}}
[debug] [2026-02-13T23:38:13.903Z] >>> [apiv2][query] POST https://cloudfunctions.googleapis.com/v1/projects/livekit-5eef6/locations/us-central1/functions [none]
[debug] [2026-02-13T23:38:13.903Z] >>> [apiv2][body] POST https://cloudfunctions.googleapis.com/v1/projects/livekit-5eef6/locations/us-central1/functions {"name":"projects/livekit-5eef6/locations/us-central1/functions/getDeletionStats","sourceUploadUrl":"https://storage.googleapis.com/uploads-260470608838.us-central1.cloudfunctions.appspot.com/756b0ede-c3c7-4f95-8e3e-99bcc5d3d9ec.zip?GoogleAccessId=service-900456648225@gcf-admin-robot.iam.gserviceaccount.com&Expires=1771027619&Signature=edHfs8TKShJMp0UGAHn9BOBlWWD0iwlwyRDtYibakuW5A57R%2F%2Bz3qWbSUVsKjjvUKW9mvXyuVaU47VdWLN%2BRLhOUWmLYQM3uu6u2MMFc21wL5QKzNP9LYxwyC6B1UDT8YOYFPMTtxBr5eQVgar4FQAXiCXyINu%2B3NLN19xaHOkVhb4sRNm11aAFmhSKUOw8ptS%2BleFa8WhG%2FVFO2et0ZgvAsJrkatfIb2291TM7e53Voak5xM4cH0ZkkFWs%2FtJ5MGW%2BpEhkhVwiZnH9gTAJEiUj%2BBHB6l%2FrpMOhkpiPoVrLTfGmuO6%2Fiwmk7e%2BB7g%2BMFs2qNhT7vR0LN2FvZoayv0g%3D%3D","entryPoint":"getDeletionStats","runtime":"nodejs22","dockerRegistry":"ARTIFACT_REGISTRY","labels":{"deployment-tool":"cli-firebase","deployment-callable":"true","firebase-functions-hash":"c79278fe1212f3620dc3f2174b932608249c5093"},"httpsTrigger":{"securityLevel":"SECURE_ALWAYS"},"minInstances":null,"maxInstances":null,"ingressSettings":null,"environmentVariables":{"FIREBASE_CONFIG":"{\"projectId\":\"livekit-5eef6\",\"storageBucket\":\"livekit-5eef6.firebasestorage.app\"}","GCLOUD_PROJECT":"livekit-5eef6","EVENTARC_CLOUD_EVENT_SOURCE":"projects/livekit-5eef6/locations/us-central1/functions/getDeletionStats"},"serviceAccountEmail":null,"availableMemoryMb":null,"timeout":null,"vpcConnector":null,"vpcConnectorEgressSettings":null,"sourceToken":"09f0da63-0ee4-4577-a6b7-093b6fa2006d","buildEnvironmentVariables":{"GOOGLE_NODE_RUN_SCRIPTS":""}}
[debug] [2026-02-13T23:38:13.905Z] >>> [apiv2][query] POST https://cloudfunctions.googleapis.com/v1/projects/livekit-5eef6/locations/us-central1/functions [none]
[debug] [2026-02-13T23:38:13.905Z] >>> [apiv2][body] POST https://cloudfunctions.googleapis.com/v1/projects/livekit-5eef6/locations/us-central1/functions {"name":"projects/livekit-5eef6/locations/us-central1/functions/auditConsultationDocuments","sourceUploadUrl":"https://storage.googleapis.com/uploads-260470608838.us-central1.cloudfunctions.appspot.com/756b0ede-c3c7-4f95-8e3e-99bcc5d3d9ec.zip?GoogleAccessId=service-900456648225@gcf-admin-robot.iam.gserviceaccount.com&Expires=1771027619&Signature=edHfs8TKShJMp0UGAHn9BOBlWWD0iwlwyRDtYibakuW5A57R%2F%2Bz3qWbSUVsKjjvUKW9mvXyuVaU47VdWLN%2BRLhOUWmLYQM3uu6u2MMFc21wL5QKzNP9LYxwyC6B1UDT8YOYFPMTtxBr5eQVgar4FQAXiCXyINu%2B3NLN19xaHOkVhb4sRNm11aAFmhSKUOw8ptS%2BleFa8WhG%2FVFO2et0ZgvAsJrkatfIb2291TM7e53Voak5xM4cH0ZkkFWs%2FtJ5MGW%2BpEhkhVwiZnH9gTAJEiUj%2BBHB6l%2FrpMOhkpiPoVrLTfGmuO6%2Fiwmk7e%2BB7g%2BMFs2qNhT7vR0LN2FvZoayv0g%3D%3D","entryPoint":"auditConsultationDocuments","runtime":"nodejs22","dockerRegistry":"ARTIFACT_REGISTRY","labels":{"deployment-tool":"cli-firebase","firebase-functions-hash":"c79278fe1212f3620dc3f2174b932608249c5093"},"eventTrigger":{"eventType":"providers/cloud.firestore/eventTypes/document.write","resource":"projects/livekit-5eef6/databases/(default)/documents/consultations/{documentId}"},"minInstances":null,"maxInstances":null,"ingressSettings":null,"environmentVariables":{"FIREBASE_CONFIG":"{\"projectId\":\"livekit-5eef6\",\"storageBucket\":\"livekit-5eef6.firebasestorage.app\"}","GCLOUD_PROJECT":"livekit-5eef6","EVENTARC_CLOUD_EVENT_SOURCE":"projects/livekit-5eef6/locations/us-central1/functions/auditConsultationDocuments"},"serviceAccountEmail":null,"availableMemoryMb":null,"timeout":null,"vpcConnector":null,"vpcConnectorEgressSettings":null,"sourceToken":"09f0da63-0ee4-4577-a6b7-093b6fa2006d","buildEnvironmentVariables":{"GOOGLE_NODE_RUN_SCRIPTS":""}}
[debug] [2026-02-13T23:38:13.907Z] >>> [apiv2][query] POST https://cloudfunctions.googleapis.com/v1/projects/livekit-5eef6/locations/us-central1/functions [none]
[debug] [2026-02-13T23:38:13.907Z] >>> [apiv2][body] POST https://cloudfunctions.googleapis.com/v1/projects/livekit-5eef6/locations/us-central1/functions {"name":"projects/livekit-5eef6/locations/us-central1/functions/auditConsultationSessions","sourceUploadUrl":"https://storage.googleapis.com/uploads-260470608838.us-central1.cloudfunctions.appspot.com/756b0ede-c3c7-4f95-8e3e-99bcc5d3d9ec.zip?GoogleAccessId=service-900456648225@gcf-admin-robot.iam.gserviceaccount.com&Expires=1771027619&Signature=edHfs8TKShJMp0UGAHn9BOBlWWD0iwlwyRDtYibakuW5A57R%2F%2Bz3qWbSUVsKjjvUKW9mvXyuVaU47VdWLN%2BRLhOUWmLYQM3uu6u2MMFc21wL5QKzNP9LYxwyC6B1UDT8YOYFPMTtxBr5eQVgar4FQAXiCXyINu%2B3NLN19xaHOkVhb4sRNm11aAFmhSKUOw8ptS%2BleFa8WhG%2FVFO2et0ZgvAsJrkatfIb2291TM7e53Voak5xM4cH0ZkkFWs%2FtJ5MGW%2BpEhkhVwiZnH9gTAJEiUj%2BBHB6l%2FrpMOhkpiPoVrLTfGmuO6%2Fiwmk7e%2BB7g%2BMFs2qNhT7vR0LN2FvZoayv0g%3D%3D","entryPoint":"auditConsultationSessions","runtime":"nodejs22","dockerRegistry":"ARTIFACT_REGISTRY","labels":{"deployment-tool":"cli-firebase","firebase-functions-hash":"c79278fe1212f3620dc3f2174b932608249c5093"},"eventTrigger":{"eventType":"providers/cloud.firestore/eventTypes/document.write","resource":"projects/livekit-5eef6/databases/(default)/documents/consultationSessions/{documentId}"},"minInstances":null,"maxInstances":null,"ingressSettings":null,"environmentVariables":{"FIREBASE_CONFIG":"{\"projectId\":\"livekit-5eef6\",\"storageBucket\":\"livekit-5eef6.firebasestorage.app\"}","GCLOUD_PROJECT":"livekit-5eef6","EVENTARC_CLOUD_EVENT_SOURCE":"projects/livekit-5eef6/locations/us-central1/functions/auditConsultationSessions"},"serviceAccountEmail":null,"availableMemoryMb":null,"timeout":null,"vpcConnector":null,"vpcConnectorEgressSettings":null,"sourceToken":"09f0da63-0ee4-4577-a6b7-093b6fa2006d","buildEnvironmentVariables":{"GOOGLE_NODE_RUN_SCRIPTS":""}}
[debug] [2026-02-13T23:38:13.909Z] >>> [apiv2][query] POST https://cloudfunctions.googleapis.com/v1/projects/livekit-5eef6/locations/us-central1/functions [none]
[debug] [2026-02-13T23:38:13.909Z] >>> [apiv2][body] POST https://cloudfunctions.googleapis.com/v1/projects/livekit-5eef6/locations/us-central1/functions {"name":"projects/livekit-5eef6/locations/us-central1/functions/auditConsultationSessionEvents","sourceUploadUrl":"https://storage.googleapis.com/uploads-260470608838.us-central1.cloudfunctions.appspot.com/756b0ede-c3c7-4f95-8e3e-99bcc5d3d9ec.zip?GoogleAccessId=service-900456648225@gcf-admin-robot.iam.gserviceaccount.com&Expires=1771027619&Signature=edHfs8TKShJMp0UGAHn9BOBlWWD0iwlwyRDtYibakuW5A57R%2F%2Bz3qWbSUVsKjjvUKW9mvXyuVaU47VdWLN%2BRLhOUWmLYQM3uu6u2MMFc21wL5QKzNP9LYxwyC6B1UDT8YOYFPMTtxBr5eQVgar4FQAXiCXyINu%2B3NLN19xaHOkVhb4sRNm11aAFmhSKUOw8ptS%2BleFa8WhG%2FVFO2et0ZgvAsJrkatfIb2291TM7e53Voak5xM4cH0ZkkFWs%2FtJ5MGW%2BpEhkhVwiZnH9gTAJEiUj%2BBHB6l%2FrpMOhkpiPoVrLTfGmuO6%2Fiwmk7e%2BB7g%2BMFs2qNhT7vR0LN2FvZoayv0g%3D%3D","entryPoint":"auditConsultationSessionEvents","runtime":"nodejs22","dockerRegistry":"ARTIFACT_REGISTRY","labels":{"deployment-tool":"cli-firebase","firebase-functions-hash":"c79278fe1212f3620dc3f2174b932608249c5093"},"eventTrigger":{"eventType":"providers/cloud.firestore/eventTypes/document.write","resource":"projects/livekit-5eef6/databases/(default)/documents/consultationSessions/{consultationSessionId}/events/{eventId}"},"minInstances":null,"maxInstances":null,"ingressSettings":null,"environmentVariables":{"FIREBASE_CONFIG":"{\"projectId\":\"livekit-5eef6\",\"storageBucket\":\"livekit-5eef6.firebasestorage.app\"}","GCLOUD_PROJECT":"livekit-5eef6","EVENTARC_CLOUD_EVENT_SOURCE":"projects/livekit-5eef6/locations/us-central1/functions/auditConsultationSessionEvents"},"serviceAccountEmail":null,"availableMemoryMb":null,"timeout":null,"vpcConnector":null,"vpcConnectorEgressSettings":null,"sourceToken":"09f0da63-0ee4-4577-a6b7-093b6fa2006d","buildEnvironmentVariables":{"GOOGLE_NODE_RUN_SCRIPTS":""}}
[debug] [2026-02-13T23:38:13.910Z] >>> [apiv2][query] POST https://cloudfunctions.googleapis.com/v1/projects/livekit-5eef6/locations/us-central1/functions [none]
[debug] [2026-02-13T23:38:13.910Z] >>> [apiv2][body] POST https://cloudfunctions.googleapis.com/v1/projects/livekit-5eef6/locations/us-central1/functions {"name":"projects/livekit-5eef6/locations/us-central1/functions/auditCallSummaries","sourceUploadUrl":"https://storage.googleapis.com/uploads-260470608838.us-central1.cloudfunctions.appspot.com/756b0ede-c3c7-4f95-8e3e-99bcc5d3d9ec.zip?GoogleAccessId=service-900456648225@gcf-admin-robot.iam.gserviceaccount.com&Expires=1771027619&Signature=edHfs8TKShJMp0UGAHn9BOBlWWD0iwlwyRDtYibakuW5A57R%2F%2Bz3qWbSUVsKjjvUKW9mvXyuVaU47VdWLN%2BRLhOUWmLYQM3uu6u2MMFc21wL5QKzNP9LYxwyC6B1UDT8YOYFPMTtxBr5eQVgar4FQAXiCXyINu%2B3NLN19xaHOkVhb4sRNm11aAFmhSKUOw8ptS%2BleFa8WhG%2FVFO2et0ZgvAsJrkatfIb2291TM7e53Voak5xM4cH0ZkkFWs%2FtJ5MGW%2BpEhkhVwiZnH9gTAJEiUj%2BBHB6l%2FrpMOhkpiPoVrLTfGmuO6%2Fiwmk7e%2BB7g%2BMFs2qNhT7vR0LN2FvZoayv0g%3D%3D","entryPoint":"auditCallSummaries","runtime":"nodejs22","dockerRegistry":"ARTIFACT_REGISTRY","labels":{"deployment-tool":"cli-firebase","firebase-functions-hash":"c79278fe1212f3620dc3f2174b932608249c5093"},"eventTrigger":{"eventType":"providers/cloud.firestore/eventTypes/document.write","resource":"projects/livekit-5eef6/databases/(default)/documents/call-summaries/{documentId}"},"minInstances":null,"maxInstances":null,"ingressSettings":null,"environmentVariables":{"FIREBASE_CONFIG":"{\"projectId\":\"livekit-5eef6\",\"storageBucket\":\"livekit-5eef6.firebasestorage.app\"}","GCLOUD_PROJECT":"livekit-5eef6","EVENTARC_CLOUD_EVENT_SOURCE":"projects/livekit-5eef6/locations/us-central1/functions/auditCallSummaries"},"serviceAccountEmail":null,"availableMemoryMb":null,"timeout":null,"vpcConnector":null,"vpcConnectorEgressSettings":null,"sourceToken":"09f0da63-0ee4-4577-a6b7-093b6fa2006d","buildEnvironmentVariables":{"GOOGLE_NODE_RUN_SCRIPTS":""}}
[debug] [2026-02-13T23:38:13.911Z] >>> [apiv2][query] POST https://cloudfunctions.googleapis.com/v1/projects/livekit-5eef6/locations/us-central1/functions [none]
[debug] [2026-02-13T23:38:13.912Z] >>> [apiv2][body] POST https://cloudfunctions.googleapis.com/v1/projects/livekit-5eef6/locations/us-central1/functions {"name":"projects/livekit-5eef6/locations/us-central1/functions/auditInvitations","sourceUploadUrl":"https://storage.googleapis.com/uploads-260470608838.us-central1.cloudfunctions.appspot.com/756b0ede-c3c7-4f95-8e3e-99bcc5d3d9ec.zip?GoogleAccessId=service-900456648225@gcf-admin-robot.iam.gserviceaccount.com&Expires=1771027619&Signature=edHfs8TKShJMp0UGAHn9BOBlWWD0iwlwyRDtYibakuW5A57R%2F%2Bz3qWbSUVsKjjvUKW9mvXyuVaU47VdWLN%2BRLhOUWmLYQM3uu6u2MMFc21wL5QKzNP9LYxwyC6B1UDT8YOYFPMTtxBr5eQVgar4FQAXiCXyINu%2B3NLN19xaHOkVhb4sRNm11aAFmhSKUOw8ptS%2BleFa8WhG%2FVFO2et0ZgvAsJrkatfIb2291TM7e53Voak5xM4cH0ZkkFWs%2FtJ5MGW%2BpEhkhVwiZnH9gTAJEiUj%2BBHB6l%2FrpMOhkpiPoVrLTfGmuO6%2Fiwmk7e%2BB7g%2BMFs2qNhT7vR0LN2FvZoayv0g%3D%3D","entryPoint":"auditInvitations","runtime":"nodejs22","dockerRegistry":"ARTIFACT_REGISTRY","labels":{"deployment-tool":"cli-firebase","firebase-functions-hash":"c79278fe1212f3620dc3f2174b932608249c5093"},"eventTrigger":{"eventType":"providers/cloud.firestore/eventTypes/document.write","resource":"projects/livekit-5eef6/databases/(default)/documents/invitations/{documentId}"},"minInstances":null,"maxInstances":null,"ingressSettings":null,"environmentVariables":{"FIREBASE_CONFIG":"{\"projectId\":\"livekit-5eef6\",\"storageBucket\":\"livekit-5eef6.firebasestorage.app\"}","GCLOUD_PROJECT":"livekit-5eef6","EVENTARC_CLOUD_EVENT_SOURCE":"projects/livekit-5eef6/locations/us-central1/functions/auditInvitations"},"serviceAccountEmail":null,"availableMemoryMb":null,"timeout":null,"vpcConnector":null,"vpcConnectorEgressSettings":null,"sourceToken":"09f0da63-0ee4-4577-a6b7-093b6fa2006d","buildEnvironmentVariables":{"GOOGLE_NODE_RUN_SCRIPTS":""}}
[debug] [2026-02-13T23:38:13.913Z] >>> [apiv2][query] POST https://cloudfunctions.googleapis.com/v1/projects/livekit-5eef6/locations/us-central1/functions [none]
[debug] [2026-02-13T23:38:13.913Z] >>> [apiv2][body] POST https://cloudfunctions.googleapis.com/v1/projects/livekit-5eef6/locations/us-central1/functions {"name":"projects/livekit-5eef6/locations/us-central1/functions/auditWaitingPatients","sourceUploadUrl":"https://storage.googleapis.com/uploads-260470608838.us-central1.cloudfunctions.appspot.com/756b0ede-c3c7-4f95-8e3e-99bcc5d3d9ec.zip?GoogleAccessId=service-900456648225@gcf-admin-robot.iam.gserviceaccount.com&Expires=1771027619&Signature=edHfs8TKShJMp0UGAHn9BOBlWWD0iwlwyRDtYibakuW5A57R%2F%2Bz3qWbSUVsKjjvUKW9mvXyuVaU47VdWLN%2BRLhOUWmLYQM3uu6u2MMFc21wL5QKzNP9LYxwyC6B1UDT8YOYFPMTtxBr5eQVgar4FQAXiCXyINu%2B3NLN19xaHOkVhb4sRNm11aAFmhSKUOw8ptS%2BleFa8WhG%2FVFO2et0ZgvAsJrkatfIb2291TM7e53Voak5xM4cH0ZkkFWs%2FtJ5MGW%2BpEhkhVwiZnH9gTAJEiUj%2BBHB6l%2FrpMOhkpiPoVrLTfGmuO6%2Fiwmk7e%2BB7g%2BMFs2qNhT7vR0LN2FvZoayv0g%3D%3D","entryPoint":"auditWaitingPatients","runtime":"nodejs22","dockerRegistry":"ARTIFACT_REGISTRY","labels":{"deployment-tool":"cli-firebase","firebase-functions-hash":"c79278fe1212f3620dc3f2174b932608249c5093"},"eventTrigger":{"eventType":"providers/cloud.firestore/eventTypes/document.write","resource":"projects/livekit-5eef6/databases/(default)/documents/waitingPatients/{documentId}"},"minInstances":null,"maxInstances":null,"ingressSettings":null,"environmentVariables":{"FIREBASE_CONFIG":"{\"projectId\":\"livekit-5eef6\",\"storageBucket\":\"livekit-5eef6.firebasestorage.app\"}","GCLOUD_PROJECT":"livekit-5eef6","EVENTARC_CLOUD_EVENT_SOURCE":"projects/livekit-5eef6/locations/us-central1/functions/auditWaitingPatients"},"serviceAccountEmail":null,"availableMemoryMb":null,"timeout":null,"vpcConnector":null,"vpcConnectorEgressSettings":null,"sourceToken":"09f0da63-0ee4-4577-a6b7-093b6fa2006d","buildEnvironmentVariables":{"GOOGLE_NODE_RUN_SCRIPTS":""}}
[debug] [2026-02-13T23:38:13.914Z] >>> [apiv2][query] POST https://cloudfunctions.googleapis.com/v1/projects/livekit-5eef6/locations/us-central1/functions [none]
[debug] [2026-02-13T23:38:13.915Z] >>> [apiv2][body] POST https://cloudfunctions.googleapis.com/v1/projects/livekit-5eef6/locations/us-central1/functions {"name":"projects/livekit-5eef6/locations/us-central1/functions/auditUsers","sourceUploadUrl":"https://storage.googleapis.com/uploads-260470608838.us-central1.cloudfunctions.appspot.com/756b0ede-c3c7-4f95-8e3e-99bcc5d3d9ec.zip?GoogleAccessId=service-900456648225@gcf-admin-robot.iam.gserviceaccount.com&Expires=1771027619&Signature=edHfs8TKShJMp0UGAHn9BOBlWWD0iwlwyRDtYibakuW5A57R%2F%2Bz3qWbSUVsKjjvUKW9mvXyuVaU47VdWLN%2BRLhOUWmLYQM3uu6u2MMFc21wL5QKzNP9LYxwyC6B1UDT8YOYFPMTtxBr5eQVgar4FQAXiCXyINu%2B3NLN19xaHOkVhb4sRNm11aAFmhSKUOw8ptS%2BleFa8WhG%2FVFO2et0ZgvAsJrkatfIb2291TM7e53Voak5xM4cH0ZkkFWs%2FtJ5MGW%2BpEhkhVwiZnH9gTAJEiUj%2BBHB6l%2FrpMOhkpiPoVrLTfGmuO6%2Fiwmk7e%2BB7g%2BMFs2qNhT7vR0LN2FvZoayv0g%3D%3D","entryPoint":"auditUsers","runtime":"nodejs22","dockerRegistry":"ARTIFACT_REGISTRY","labels":{"deployment-tool":"cli-firebase","firebase-functions-hash":"c79278fe1212f3620dc3f2174b932608249c5093"},"eventTrigger":{"eventType":"providers/cloud.firestore/eventTypes/document.write","resource":"projects/livekit-5eef6/databases/(default)/documents/users/{documentId}"},"minInstances":null,"maxInstances":null,"ingressSettings":null,"environmentVariables":{"FIREBASE_CONFIG":"{\"projectId\":\"livekit-5eef6\",\"storageBucket\":\"livekit-5eef6.firebasestorage.app\"}","GCLOUD_PROJECT":"livekit-5eef6","EVENTARC_CLOUD_EVENT_SOURCE":"projects/livekit-5eef6/locations/us-central1/functions/auditUsers"},"serviceAccountEmail":null,"availableMemoryMb":null,"timeout":null,"vpcConnector":null,"vpcConnectorEgressSettings":null,"sourceToken":"09f0da63-0ee4-4577-a6b7-093b6fa2006d","buildEnvironmentVariables":{"GOOGLE_NODE_RUN_SCRIPTS":""}}
[debug] [2026-02-13T23:38:14.792Z] <<< [apiv2][status] POST https://cloudfunctions.googleapis.com/v1/projects/livekit-5eef6/locations/us-central1/functions 200
[debug] [2026-02-13T23:38:14.792Z] <<< [apiv2][body] POST https://cloudfunctions.googleapis.com/v1/projects/livekit-5eef6/locations/us-central1/functions {"name":"operations/cHJvamVjdHMvbGl2ZWtpdC01ZWVmNi9sb2NhdGlvbnMvdXMtY2VudHJhbDEvb3BlcmF0aW9ucy9vcGVyYXRpb24tMTc3MTAyNTg5MzQ3MS02NGFiZDE5NDRiNmFmLTVkMWI5M2U1LTNiMDg3Mjc4","metadata":{"@type":"type.googleapis.com/google.cloud.functions.v1.OperationMetadataV1","target":"projects/livekit-5eef6/locations/us-central1/functions/onRoomEnd","updateTime":"2026-02-13T23:38:13.838051250Z"}}
[debug] [2026-02-13T23:38:14.792Z] Checked if tokens are valid: true, expires at: 1771027031198
[debug] [2026-02-13T23:38:14.792Z] Checked if tokens are valid: true, expires at: 1771027031198
[debug] [2026-02-13T23:38:14.792Z] >>> [apiv2][query] GET https://cloudfunctions.googleapis.com/v1/operations/cHJvamVjdHMvbGl2ZWtpdC01ZWVmNi9sb2NhdGlvbnMvdXMtY2VudHJhbDEvb3BlcmF0aW9ucy9vcGVyYXRpb24tMTc3MTAyNTg5MzQ3MS02NGFiZDE5NDRiNmFmLTVkMWI5M2U1LTNiMDg3Mjc4 [none]
[debug] [2026-02-13T23:38:14.802Z] <<< [apiv2][status] POST https://cloudfunctions.googleapis.com/v1/projects/livekit-5eef6/locations/us-central1/functions 200
[debug] [2026-02-13T23:38:14.802Z] <<< [apiv2][body] POST https://cloudfunctions.googleapis.com/v1/projects/livekit-5eef6/locations/us-central1/functions {"name":"operations/cHJvamVjdHMvbGl2ZWtpdC01ZWVmNi9sb2NhdGlvbnMvdXMtY2VudHJhbDEvb3BlcmF0aW9ucy9vcGVyYXRpb24tMTc3MTAyNTg5MzQxOS02NGFiZDE5NDNlOTE3LTMxMGM0M2MwLTQyMDljMGVi","metadata":{"@type":"type.googleapis.com/google.cloud.functions.v1.OperationMetadataV1","target":"projects/livekit-5eef6/locations/us-central1/functions/manualDeleteSummary","updateTime":"2026-02-13T23:38:13.847297565Z"}}
[debug] [2026-02-13T23:38:14.802Z] Checked if tokens are valid: true, expires at: 1771027031198
[debug] [2026-02-13T23:38:14.802Z] Checked if tokens are valid: true, expires at: 1771027031198
[debug] [2026-02-13T23:38:14.802Z] >>> [apiv2][query] GET https://cloudfunctions.googleapis.com/v1/operations/cHJvamVjdHMvbGl2ZWtpdC01ZWVmNi9sb2NhdGlvbnMvdXMtY2VudHJhbDEvb3BlcmF0aW9ucy9vcGVyYXRpb24tMTc3MTAyNTg5MzQxOS02NGFiZDE5NDNlOTE3LTMxMGM0M2MwLTQyMDljMGVi [none]
[debug] [2026-02-13T23:38:14.823Z] <<< [apiv2][status] POST https://cloudfunctions.googleapis.com/v1/projects/livekit-5eef6/locations/us-central1/functions 200
[debug] [2026-02-13T23:38:14.823Z] <<< [apiv2][body] POST https://cloudfunctions.googleapis.com/v1/projects/livekit-5eef6/locations/us-central1/functions {"name":"operations/cHJvamVjdHMvbGl2ZWtpdC01ZWVmNi9sb2NhdGlvbnMvdXMtY2VudHJhbDEvb3BlcmF0aW9ucy9vcGVyYXRpb24tMTc3MTAyNTg5MzU0NC02NGFiZDE5NDVkMzI5LTg1MzFmNmQ3LTMxN2MxYjJh","metadata":{"@type":"type.googleapis.com/google.cloud.functions.v1.OperationMetadataV1","target":"projects/livekit-5eef6/locations/us-central1/functions/getDeletionStats","updateTime":"2026-02-13T23:38:13.863079734Z"}}
[debug] [2026-02-13T23:38:14.823Z] Checked if tokens are valid: true, expires at: 1771027031198
[debug] [2026-02-13T23:38:14.823Z] Checked if tokens are valid: true, expires at: 1771027031198
[debug] [2026-02-13T23:38:14.823Z] >>> [apiv2][query] GET https://cloudfunctions.googleapis.com/v1/operations/cHJvamVjdHMvbGl2ZWtpdC01ZWVmNi9sb2NhdGlvbnMvdXMtY2VudHJhbDEvb3BlcmF0aW9ucy9vcGVyYXRpb24tMTc3MTAyNTg5MzU0NC02NGFiZDE5NDVkMzI5LTg1MzFmNmQ3LTMxN2MxYjJh [none]
[debug] [2026-02-13T23:38:14.843Z] <<< [apiv2][status] POST https://cloudfunctions.googleapis.com/v1/projects/livekit-5eef6/locations/us-central1/functions 200
[debug] [2026-02-13T23:38:14.843Z] <<< [apiv2][body] POST https://cloudfunctions.googleapis.com/v1/projects/livekit-5eef6/locations/us-central1/functions {"name":"operations/cHJvamVjdHMvbGl2ZWtpdC01ZWVmNi9sb2NhdGlvbnMvdXMtY2VudHJhbDEvb3BlcmF0aW9ucy9vcGVyYXRpb24tMTc3MTAyNTg5MzU0NS02NGFiZDE5NDVkNzhjLTE4OTFkYzM4LTM5MjllYzJm","metadata":{"@type":"type.googleapis.com/google.cloud.functions.v1.OperationMetadataV1","target":"projects/livekit-5eef6/locations/us-central1/functions/auditWaitingPatients","updateTime":"2026-02-13T23:38:13.890900703Z"}}
[debug] [2026-02-13T23:38:14.843Z] Checked if tokens are valid: true, expires at: 1771027031198
[debug] [2026-02-13T23:38:14.843Z] Checked if tokens are valid: true, expires at: 1771027031198
[debug] [2026-02-13T23:38:14.844Z] >>> [apiv2][query] GET https://cloudfunctions.googleapis.com/v1/operations/cHJvamVjdHMvbGl2ZWtpdC01ZWVmNi9sb2NhdGlvbnMvdXMtY2VudHJhbDEvb3BlcmF0aW9ucy9vcGVyYXRpb24tMTc3MTAyNTg5MzU0NS02NGFiZDE5NDVkNzhjLTE4OTFkYzM4LTM5MjllYzJm [none]
[debug] [2026-02-13T23:38:14.850Z] <<< [apiv2][status] POST https://cloudfunctions.googleapis.com/v1/projects/livekit-5eef6/locations/us-central1/functions 200
[debug] [2026-02-13T23:38:14.851Z] <<< [apiv2][body] POST https://cloudfunctions.googleapis.com/v1/projects/livekit-5eef6/locations/us-central1/functions {"name":"operations/cHJvamVjdHMvbGl2ZWtpdC01ZWVmNi9sb2NhdGlvbnMvdXMtY2VudHJhbDEvb3BlcmF0aW9ucy9vcGVyYXRpb24tMTc3MTAyNTg5MzQ1MS02NGFiZDE5NDQ2OGEwLWU2MWRlOWZmLTYyNTc5NzI4","metadata":{"@type":"type.googleapis.com/google.cloud.functions.v1.OperationMetadataV1","target":"projects/livekit-5eef6/locations/us-central1/functions/auditUsers","updateTime":"2026-02-13T23:38:13.891610908Z"}}
[debug] [2026-02-13T23:38:14.851Z] Checked if tokens are valid: true, expires at: 1771027031198
[debug] [2026-02-13T23:38:14.851Z] Checked if tokens are valid: true, expires at: 1771027031198
[debug] [2026-02-13T23:38:14.851Z] >>> [apiv2][query] GET https://cloudfunctions.googleapis.com/v1/operations/cHJvamVjdHMvbGl2ZWtpdC01ZWVmNi9sb2NhdGlvbnMvdXMtY2VudHJhbDEvb3BlcmF0aW9ucy9vcGVyYXRpb24tMTc3MTAyNTg5MzQ1MS02NGFiZDE5NDQ2OGEwLWU2MWRlOWZmLTYyNTc5NzI4 [none]
[debug] [2026-02-13T23:38:14.852Z] <<< [apiv2][status] POST https://cloudfunctions.googleapis.com/v1/projects/livekit-5eef6/locations/us-central1/functions 200
[debug] [2026-02-13T23:38:14.852Z] <<< [apiv2][body] POST https://cloudfunctions.googleapis.com/v1/projects/livekit-5eef6/locations/us-central1/functions {"name":"operations/cHJvamVjdHMvbGl2ZWtpdC01ZWVmNi9sb2NhdGlvbnMvdXMtY2VudHJhbDEvb3BlcmF0aW9ucy9vcGVyYXRpb24tMTc3MTAyNTg5MzU0Ny02NGFiZDE5NDVkZTRhLTg5OTgzODU5LTlkZWU3MTM1","metadata":{"@type":"type.googleapis.com/google.cloud.functions.v1.OperationMetadataV1","target":"projects/livekit-5eef6/locations/us-central1/functions/autoDeleteSummaries","updateTime":"2026-02-13T23:38:13.896670073Z"}}
[debug] [2026-02-13T23:38:14.853Z] Checked if tokens are valid: true, expires at: 1771027031198
[debug] [2026-02-13T23:38:14.853Z] Checked if tokens are valid: true, expires at: 1771027031198
[debug] [2026-02-13T23:38:14.853Z] >>> [apiv2][query] GET https://cloudfunctions.googleapis.com/v1/operations/cHJvamVjdHMvbGl2ZWtpdC01ZWVmNi9sb2NhdGlvbnMvdXMtY2VudHJhbDEvb3BlcmF0aW9ucy9vcGVyYXRpb24tMTc3MTAyNTg5MzU0Ny02NGFiZDE5NDVkZTRhLTg5OTgzODU5LTlkZWU3MTM1 [none]
[debug] [2026-02-13T23:38:14.857Z] <<< [apiv2][status] POST https://cloudfunctions.googleapis.com/v1/projects/livekit-5eef6/locations/us-central1/functions 200
[debug] [2026-02-13T23:38:14.858Z] <<< [apiv2][body] POST https://cloudfunctions.googleapis.com/v1/projects/livekit-5eef6/locations/us-central1/functions {"name":"operations/cHJvamVjdHMvbGl2ZWtpdC01ZWVmNi9sb2NhdGlvbnMvdXMtY2VudHJhbDEvb3BlcmF0aW9ucy9vcGVyYXRpb24tMTc3MTAyNTg5MzU2My02NGFiZDE5NDYxZGUyLTZmMGM3YzBlLWViNDdmMjZh","metadata":{"@type":"type.googleapis.com/google.cloud.functions.v1.OperationMetadataV1","target":"projects/livekit-5eef6/locations/us-central1/functions/auditConsultationSessions","updateTime":"2026-02-13T23:38:13.904256038Z"}}
[debug] [2026-02-13T23:38:14.858Z] Checked if tokens are valid: true, expires at: 1771027031198
[debug] [2026-02-13T23:38:14.858Z] Checked if tokens are valid: true, expires at: 1771027031198
[debug] [2026-02-13T23:38:14.858Z] >>> [apiv2][query] GET https://cloudfunctions.googleapis.com/v1/operations/cHJvamVjdHMvbGl2ZWtpdC01ZWVmNi9sb2NhdGlvbnMvdXMtY2VudHJhbDEvb3BlcmF0aW9ucy9vcGVyYXRpb24tMTc3MTAyNTg5MzU2My02NGFiZDE5NDYxZGUyLTZmMGM3YzBlLWViNDdmMjZh [none]
[debug] [2026-02-13T23:38:14.872Z] <<< [apiv2][status] POST https://cloudfunctions.googleapis.com/v1/projects/livekit-5eef6/locations/us-central1/functions 200
[debug] [2026-02-13T23:38:14.872Z] <<< [apiv2][body] POST https://cloudfunctions.googleapis.com/v1/projects/livekit-5eef6/locations/us-central1/functions {"name":"operations/cHJvamVjdHMvbGl2ZWtpdC01ZWVmNi9sb2NhdGlvbnMvdXMtY2VudHJhbDEvb3BlcmF0aW9ucy9vcGVyYXRpb24tMTc3MTAyNTg5MzU0NS02NGFiZDE5NDVkNzgwLWYwMTcwNTI2LWI0NWFmYjVj","metadata":{"@type":"type.googleapis.com/google.cloud.functions.v1.OperationMetadataV1","target":"projects/livekit-5eef6/locations/us-central1/functions/auditInvitations","updateTime":"2026-02-13T23:38:13.918226832Z"}}
[debug] [2026-02-13T23:38:14.873Z] Checked if tokens are valid: true, expires at: 1771027031198
[debug] [2026-02-13T23:38:14.873Z] Checked if tokens are valid: true, expires at: 1771027031198
[debug] [2026-02-13T23:38:14.873Z] >>> [apiv2][query] GET https://cloudfunctions.googleapis.com/v1/operations/cHJvamVjdHMvbGl2ZWtpdC01ZWVmNi9sb2NhdGlvbnMvdXMtY2VudHJhbDEvb3BlcmF0aW9ucy9vcGVyYXRpb24tMTc3MTAyNTg5MzU0NS02NGFiZDE5NDVkNzgwLWYwMTcwNTI2LWI0NWFmYjVj [none]
[debug] [2026-02-13T23:38:14.875Z] <<< [apiv2][status] POST https://cloudfunctions.googleapis.com/v1/projects/livekit-5eef6/locations/us-central1/functions 200
[debug] [2026-02-13T23:38:14.875Z] <<< [apiv2][body] POST https://cloudfunctions.googleapis.com/v1/projects/livekit-5eef6/locations/us-central1/functions {"name":"operations/cHJvamVjdHMvbGl2ZWtpdC01ZWVmNi9sb2NhdGlvbnMvdXMtY2VudHJhbDEvb3BlcmF0aW9ucy9vcGVyYXRpb24tMTc3MTAyNTg5MzU1Mi02NGFiZDE5NDVmMzU4LTIzZTA4M2JlLTEzMjgzZjBm","metadata":{"@type":"type.googleapis.com/google.cloud.functions.v1.OperationMetadataV1","target":"projects/livekit-5eef6/locations/us-central1/functions/auditConsultationSessionEvents","updateTime":"2026-02-13T23:38:13.913531798Z"}}
[debug] [2026-02-13T23:38:14.876Z] Checked if tokens are valid: true, expires at: 1771027031198
[debug] [2026-02-13T23:38:14.876Z] Checked if tokens are valid: true, expires at: 1771027031198
[debug] [2026-02-13T23:38:14.876Z] >>> [apiv2][query] GET https://cloudfunctions.googleapis.com/v1/operations/cHJvamVjdHMvbGl2ZWtpdC01ZWVmNi9sb2NhdGlvbnMvdXMtY2VudHJhbDEvb3BlcmF0aW9ucy9vcGVyYXRpb24tMTc3MTAyNTg5MzU1Mi02NGFiZDE5NDVmMzU4LTIzZTA4M2JlLTEzMjgzZjBm [none]
[debug] [2026-02-13T23:38:14.877Z] <<< [apiv2][status] POST https://cloudfunctions.googleapis.com/v1/projects/livekit-5eef6/locations/us-central1/functions 200
[debug] [2026-02-13T23:38:14.877Z] <<< [apiv2][body] POST https://cloudfunctions.googleapis.com/v1/projects/livekit-5eef6/locations/us-central1/functions {"name":"operations/cHJvamVjdHMvbGl2ZWtpdC01ZWVmNi9sb2NhdGlvbnMvdXMtY2VudHJhbDEvb3BlcmF0aW9ucy9vcGVyYXRpb24tMTc3MTAyNTg5MzU0Mi02NGFiZDE5NDVjOGQzLTUxNWMwMjNlLWU5MGQ2Nzcz","metadata":{"@type":"type.googleapis.com/google.cloud.functions.v1.OperationMetadataV1","target":"projects/livekit-5eef6/locations/us-central1/functions/auditCallSummaries","updateTime":"2026-02-13T23:38:13.921722093Z"}}
[debug] [2026-02-13T23:38:14.878Z] Checked if tokens are valid: true, expires at: 1771027031198
[debug] [2026-02-13T23:38:14.878Z] Checked if tokens are valid: true, expires at: 1771027031198
[debug] [2026-02-13T23:38:14.878Z] >>> [apiv2][query] GET https://cloudfunctions.googleapis.com/v1/operations/cHJvamVjdHMvbGl2ZWtpdC01ZWVmNi9sb2NhdGlvbnMvdXMtY2VudHJhbDEvb3BlcmF0aW9ucy9vcGVyYXRpb24tMTc3MTAyNTg5MzU0Mi02NGFiZDE5NDVjOGQzLTUxNWMwMjNlLWU5MGQ2Nzcz [none]
[debug] [2026-02-13T23:38:14.920Z] <<< [apiv2][status] POST https://cloudfunctions.googleapis.com/v1/projects/livekit-5eef6/locations/us-central1/functions 200
[debug] [2026-02-13T23:38:14.920Z] <<< [apiv2][body] POST https://cloudfunctions.googleapis.com/v1/projects/livekit-5eef6/locations/us-central1/functions {"name":"operations/cHJvamVjdHMvbGl2ZWtpdC01ZWVmNi9sb2NhdGlvbnMvdXMtY2VudHJhbDEvb3BlcmF0aW9ucy9vcGVyYXRpb24tMTc3MTAyNTg5MzU2OC02NGFiZDE5NDYyZTg5LTRmNmFmMmJlLWQ0MzAyODky","metadata":{"@type":"type.googleapis.com/google.cloud.functions.v1.OperationMetadataV1","target":"projects/livekit-5eef6/locations/us-central1/functions/auditConsultationDocuments","updateTime":"2026-02-13T23:38:13.964706663Z"}}
[debug] [2026-02-13T23:38:14.920Z] Checked if tokens are valid: true, expires at: 1771027031198
[debug] [2026-02-13T23:38:14.921Z] Checked if tokens are valid: true, expires at: 1771027031198
[debug] [2026-02-13T23:38:14.921Z] >>> [apiv2][query] GET https://cloudfunctions.googleapis.com/v1/operations/cHJvamVjdHMvbGl2ZWtpdC01ZWVmNi9sb2NhdGlvbnMvdXMtY2VudHJhbDEvb3BlcmF0aW9ucy9vcGVyYXRpb24tMTc3MTAyNTg5MzU2OC02NGFiZDE5NDYyZTg5LTRmNmFmMmJlLWQ0MzAyODky [none]
[debug] [2026-02-13T23:38:15.131Z] <<< [apiv2][status] GET https://cloudfunctions.googleapis.com/v1/operations/cHJvamVjdHMvbGl2ZWtpdC01ZWVmNi9sb2NhdGlvbnMvdXMtY2VudHJhbDEvb3BlcmF0aW9ucy9vcGVyYXRpb24tMTc3MTAyNTg5MzU0NC02NGFiZDE5NDVkMzI5LTg1MzFmNmQ3LTMxN2MxYjJh 503
[debug] [2026-02-13T23:38:15.132Z] <<< [apiv2][body] GET https://cloudfunctions.googleapis.com/v1/operations/cHJvamVjdHMvbGl2ZWtpdC01ZWVmNi9sb2NhdGlvbnMvdXMtY2VudHJhbDEvb3BlcmF0aW9ucy9vcGVyYXRpb24tMTc3MTAyNTg5MzU0NC02NGFiZDE5NDVkMzI5LTg1MzFmNmQ3LTMxN2MxYjJh {"error":{"code":503,"message":"The service is currently unavailable.","status":"UNAVAILABLE"}}
[debug] [2026-02-13T23:38:15.135Z] <<< [apiv2][status] GET https://cloudfunctions.googleapis.com/v1/operations/cHJvamVjdHMvbGl2ZWtpdC01ZWVmNi9sb2NhdGlvbnMvdXMtY2VudHJhbDEvb3BlcmF0aW9ucy9vcGVyYXRpb24tMTc3MTAyNTg5MzQ3MS02NGFiZDE5NDRiNmFmLTVkMWI5M2U1LTNiMDg3Mjc4 200
[debug] [2026-02-13T23:38:15.135Z] <<< [apiv2][body] GET https://cloudfunctions.googleapis.com/v1/operations/cHJvamVjdHMvbGl2ZWtpdC01ZWVmNi9sb2NhdGlvbnMvdXMtY2VudHJhbDEvb3BlcmF0aW9ucy9vcGVyYXRpb24tMTc3MTAyNTg5MzQ3MS02NGFiZDE5NDRiNmFmLTVkMWI5M2U1LTNiMDg3Mjc4 {"name":"operations/cHJvamVjdHMvbGl2ZWtpdC01ZWVmNi9sb2NhdGlvbnMvdXMtY2VudHJhbDEvb3BlcmF0aW9ucy9vcGVyYXRpb24tMTc3MTAyNTg5MzQ3MS02NGFiZDE5NDRiNmFmLTVkMWI5M2U1LTNiMDg3Mjc4","metadata":{"@type":"type.googleapis.com/google.cloud.functions.v1.OperationMetadataV1","target":"projects/livekit-5eef6/locations/us-central1/functions/onRoomEnd","updateTime":"2026-02-13T23:38:13.838051250Z"}}
[debug] [2026-02-13T23:38:15.300Z] <<< [apiv2][status] GET https://cloudfunctions.googleapis.com/v1/operations/cHJvamVjdHMvbGl2ZWtpdC01ZWVmNi9sb2NhdGlvbnMvdXMtY2VudHJhbDEvb3BlcmF0aW9ucy9vcGVyYXRpb24tMTc3MTAyNTg5MzQxOS02NGFiZDE5NDNlOTE3LTMxMGM0M2MwLTQyMDljMGVi 200
[debug] [2026-02-13T23:38:15.301Z] <<< [apiv2][body] GET https://cloudfunctions.googleapis.com/v1/operations/cHJvamVjdHMvbGl2ZWtpdC01ZWVmNi9sb2NhdGlvbnMvdXMtY2VudHJhbDEvb3BlcmF0aW9ucy9vcGVyYXRpb24tMTc3MTAyNTg5MzQxOS02NGFiZDE5NDNlOTE3LTMxMGM0M2MwLTQyMDljMGVi {"name":"operations/cHJvamVjdHMvbGl2ZWtpdC01ZWVmNi9sb2NhdGlvbnMvdXMtY2VudHJhbDEvb3BlcmF0aW9ucy9vcGVyYXRpb24tMTc3MTAyNTg5MzQxOS02NGFiZDE5NDNlOTE3LTMxMGM0M2MwLTQyMDljMGVi","metadata":{"@type":"type.googleapis.com/google.cloud.functions.v1.OperationMetadataV1","target":"projects/livekit-5eef6/locations/us-central1/functions/manualDeleteSummary","updateTime":"2026-02-13T23:38:13.847297565Z"}}
[debug] [2026-02-13T23:38:15.315Z] <<< [apiv2][status] GET https://cloudfunctions.googleapis.com/v1/operations/cHJvamVjdHMvbGl2ZWtpdC01ZWVmNi9sb2NhdGlvbnMvdXMtY2VudHJhbDEvb3BlcmF0aW9ucy9vcGVyYXRpb24tMTc3MTAyNTg5MzQ1MS02NGFiZDE5NDQ2OGEwLWU2MWRlOWZmLTYyNTc5NzI4 200
[debug] [2026-02-13T23:38:15.316Z] <<< [apiv2][body] GET https://cloudfunctions.googleapis.com/v1/operations/cHJvamVjdHMvbGl2ZWtpdC01ZWVmNi9sb2NhdGlvbnMvdXMtY2VudHJhbDEvb3BlcmF0aW9ucy9vcGVyYXRpb24tMTc3MTAyNTg5MzQ1MS02NGFiZDE5NDQ2OGEwLWU2MWRlOWZmLTYyNTc5NzI4 {"name":"operations/cHJvamVjdHMvbGl2ZWtpdC01ZWVmNi9sb2NhdGlvbnMvdXMtY2VudHJhbDEvb3BlcmF0aW9ucy9vcGVyYXRpb24tMTc3MTAyNTg5MzQ1MS02NGFiZDE5NDQ2OGEwLWU2MWRlOWZmLTYyNTc5NzI4","metadata":{"@type":"type.googleapis.com/google.cloud.functions.v1.OperationMetadataV1","target":"projects/livekit-5eef6/locations/us-central1/functions/auditUsers","updateTime":"2026-02-13T23:38:13.891610908Z"}}
[debug] [2026-02-13T23:38:15.318Z] <<< [apiv2][status] GET https://cloudfunctions.googleapis.com/v1/operations/cHJvamVjdHMvbGl2ZWtpdC01ZWVmNi9sb2NhdGlvbnMvdXMtY2VudHJhbDEvb3BlcmF0aW9ucy9vcGVyYXRpb24tMTc3MTAyNTg5MzU0Ny02NGFiZDE5NDVkZTRhLTg5OTgzODU5LTlkZWU3MTM1 200
[debug] [2026-02-13T23:38:15.319Z] <<< [apiv2][body] GET https://cloudfunctions.googleapis.com/v1/operations/cHJvamVjdHMvbGl2ZWtpdC01ZWVmNi9sb2NhdGlvbnMvdXMtY2VudHJhbDEvb3BlcmF0aW9ucy9vcGVyYXRpb24tMTc3MTAyNTg5MzU0Ny02NGFiZDE5NDVkZTRhLTg5OTgzODU5LTlkZWU3MTM1 {"name":"operations/cHJvamVjdHMvbGl2ZWtpdC01ZWVmNi9sb2NhdGlvbnMvdXMtY2VudHJhbDEvb3BlcmF0aW9ucy9vcGVyYXRpb24tMTc3MTAyNTg5MzU0Ny02NGFiZDE5NDVkZTRhLTg5OTgzODU5LTlkZWU3MTM1","metadata":{"@type":"type.googleapis.com/google.cloud.functions.v1.OperationMetadataV1","target":"projects/livekit-5eef6/locations/us-central1/functions/autoDeleteSummaries","updateTime":"2026-02-13T23:38:13.896670073Z"}}
[debug] [2026-02-13T23:38:15.319Z] <<< [apiv2][status] GET https://cloudfunctions.googleapis.com/v1/operations/cHJvamVjdHMvbGl2ZWtpdC01ZWVmNi9sb2NhdGlvbnMvdXMtY2VudHJhbDEvb3BlcmF0aW9ucy9vcGVyYXRpb24tMTc3MTAyNTg5MzU0NS02NGFiZDE5NDVkNzhjLTE4OTFkYzM4LTM5MjllYzJm 200
[debug] [2026-02-13T23:38:15.319Z] <<< [apiv2][body] GET https://cloudfunctions.googleapis.com/v1/operations/cHJvamVjdHMvbGl2ZWtpdC01ZWVmNi9sb2NhdGlvbnMvdXMtY2VudHJhbDEvb3BlcmF0aW9ucy9vcGVyYXRpb24tMTc3MTAyNTg5MzU0NS02NGFiZDE5NDVkNzhjLTE4OTFkYzM4LTM5MjllYzJm {"name":"operations/cHJvamVjdHMvbGl2ZWtpdC01ZWVmNi9sb2NhdGlvbnMvdXMtY2VudHJhbDEvb3BlcmF0aW9ucy9vcGVyYXRpb24tMTc3MTAyNTg5MzU0NS02NGFiZDE5NDVkNzhjLTE4OTFkYzM4LTM5MjllYzJm","metadata":{"@type":"type.googleapis.com/google.cloud.functions.v1.OperationMetadataV1","target":"projects/livekit-5eef6/locations/us-central1/functions/auditWaitingPatients","updateTime":"2026-02-13T23:38:13.890900703Z"}}
[debug] [2026-02-13T23:38:15.324Z] <<< [apiv2][status] GET https://cloudfunctions.googleapis.com/v1/operations/cHJvamVjdHMvbGl2ZWtpdC01ZWVmNi9sb2NhdGlvbnMvdXMtY2VudHJhbDEvb3BlcmF0aW9ucy9vcGVyYXRpb24tMTc3MTAyNTg5MzU2My02NGFiZDE5NDYxZGUyLTZmMGM3YzBlLWViNDdmMjZh 200
[debug] [2026-02-13T23:38:15.324Z] <<< [apiv2][body] GET https://cloudfunctions.googleapis.com/v1/operations/cHJvamVjdHMvbGl2ZWtpdC01ZWVmNi9sb2NhdGlvbnMvdXMtY2VudHJhbDEvb3BlcmF0aW9ucy9vcGVyYXRpb24tMTc3MTAyNTg5MzU2My02NGFiZDE5NDYxZGUyLTZmMGM3YzBlLWViNDdmMjZh {"name":"operations/cHJvamVjdHMvbGl2ZWtpdC01ZWVmNi9sb2NhdGlvbnMvdXMtY2VudHJhbDEvb3BlcmF0aW9ucy9vcGVyYXRpb24tMTc3MTAyNTg5MzU2My02NGFiZDE5NDYxZGUyLTZmMGM3YzBlLWViNDdmMjZh","metadata":{"@type":"type.googleapis.com/google.cloud.functions.v1.OperationMetadataV1","target":"projects/livekit-5eef6/locations/us-central1/functions/auditConsultationSessions","updateTime":"2026-02-13T23:38:13.904256038Z"}}
[debug] [2026-02-13T23:38:15.343Z] <<< [apiv2][status] GET https://cloudfunctions.googleapis.com/v1/operations/cHJvamVjdHMvbGl2ZWtpdC01ZWVmNi9sb2NhdGlvbnMvdXMtY2VudHJhbDEvb3BlcmF0aW9ucy9vcGVyYXRpb24tMTc3MTAyNTg5MzU0NS02NGFiZDE5NDVkNzgwLWYwMTcwNTI2LWI0NWFmYjVj 200
[debug] [2026-02-13T23:38:15.343Z] <<< [apiv2][body] GET https://cloudfunctions.googleapis.com/v1/operations/cHJvamVjdHMvbGl2ZWtpdC01ZWVmNi9sb2NhdGlvbnMvdXMtY2VudHJhbDEvb3BlcmF0aW9ucy9vcGVyYXRpb24tMTc3MTAyNTg5MzU0NS02NGFiZDE5NDVkNzgwLWYwMTcwNTI2LWI0NWFmYjVj {"name":"operations/cHJvamVjdHMvbGl2ZWtpdC01ZWVmNi9sb2NhdGlvbnMvdXMtY2VudHJhbDEvb3BlcmF0aW9ucy9vcGVyYXRpb24tMTc3MTAyNTg5MzU0NS02NGFiZDE5NDVkNzgwLWYwMTcwNTI2LWI0NWFmYjVj","metadata":{"@type":"type.googleapis.com/google.cloud.functions.v1.OperationMetadataV1","target":"projects/livekit-5eef6/locations/us-central1/functions/auditInvitations","updateTime":"2026-02-13T23:38:13.918226832Z"}}
[debug] [2026-02-13T23:38:15.347Z] <<< [apiv2][status] GET https://cloudfunctions.googleapis.com/v1/operations/cHJvamVjdHMvbGl2ZWtpdC01ZWVmNi9sb2NhdGlvbnMvdXMtY2VudHJhbDEvb3BlcmF0aW9ucy9vcGVyYXRpb24tMTc3MTAyNTg5MzU1Mi02NGFiZDE5NDVmMzU4LTIzZTA4M2JlLTEzMjgzZjBm 200
[debug] [2026-02-13T23:38:15.347Z] <<< [apiv2][body] GET https://cloudfunctions.googleapis.com/v1/operations/cHJvamVjdHMvbGl2ZWtpdC01ZWVmNi9sb2NhdGlvbnMvdXMtY2VudHJhbDEvb3BlcmF0aW9ucy9vcGVyYXRpb24tMTc3MTAyNTg5MzU1Mi02NGFiZDE5NDVmMzU4LTIzZTA4M2JlLTEzMjgzZjBm {"name":"operations/cHJvamVjdHMvbGl2ZWtpdC01ZWVmNi9sb2NhdGlvbnMvdXMtY2VudHJhbDEvb3BlcmF0aW9ucy9vcGVyYXRpb24tMTc3MTAyNTg5MzU1Mi02NGFiZDE5NDVmMzU4LTIzZTA4M2JlLTEzMjgzZjBm","metadata":{"@type":"type.googleapis.com/google.cloud.functions.v1.OperationMetadataV1","target":"projects/livekit-5eef6/locations/us-central1/functions/auditConsultationSessionEvents","updateTime":"2026-02-13T23:38:13.913531798Z"}}
[debug] [2026-02-13T23:38:15.368Z] <<< [apiv2][status] GET https://cloudfunctions.googleapis.com/v1/operations/cHJvamVjdHMvbGl2ZWtpdC01ZWVmNi9sb2NhdGlvbnMvdXMtY2VudHJhbDEvb3BlcmF0aW9ucy9vcGVyYXRpb24tMTc3MTAyNTg5MzU0Mi02NGFiZDE5NDVjOGQzLTUxNWMwMjNlLWU5MGQ2Nzcz 200
[debug] [2026-02-13T23:38:15.368Z] <<< [apiv2][body] GET https://cloudfunctions.googleapis.com/v1/operations/cHJvamVjdHMvbGl2ZWtpdC01ZWVmNi9sb2NhdGlvbnMvdXMtY2VudHJhbDEvb3BlcmF0aW9ucy9vcGVyYXRpb24tMTc3MTAyNTg5MzU0Mi02NGFiZDE5NDVjOGQzLTUxNWMwMjNlLWU5MGQ2Nzcz {"name":"operations/cHJvamVjdHMvbGl2ZWtpdC01ZWVmNi9sb2NhdGlvbnMvdXMtY2VudHJhbDEvb3BlcmF0aW9ucy9vcGVyYXRpb24tMTc3MTAyNTg5MzU0Mi02NGFiZDE5NDVjOGQzLTUxNWMwMjNlLWU5MGQ2Nzcz","metadata":{"@type":"type.googleapis.com/google.cloud.functions.v1.OperationMetadataV1","target":"projects/livekit-5eef6/locations/us-central1/functions/auditCallSummaries","type":"CREATE_FUNCTION","request":{"@type":"type.googleapis.com/google.cloud.functions.v1.CloudFunction","name":"projects/livekit-5eef6/locations/us-central1/functions/auditCallSummaries","eventTrigger":{"eventType":"providers/cloud.firestore/eventTypes/document.write","resource":"projects/livekit-5eef6/databases/(default)/documents/call-summaries/{documentId}","failurePolicy":{}},"entryPoint":"auditCallSummaries","updateTime":"1970-01-01T00:00:00Z","labels":{"deployment-tool":"cli-firebase","firebase-functions-hash":"c79278fe1212f3620dc3f2174b932608249c5093"},"sourceUploadUrl":"https://storage.googleapis.com/uploads-260470608838.us-central1.cloudfunctions.appspot.com/756b0ede-c3c7-4f95-8e3e-99bcc5d3d9ec.zip?GoogleAccessId=service-900456648225@gcf-admin-robot.iam.gserviceaccount.com&Expires=1771027619&Signature=edHfs8TKShJMp0UGAHn9BOBlWWD0iwlwyRDtYibakuW5A57R%2F%2Bz3qWbSUVsKjjvUKW9mvXyuVaU47VdWLN%2BRLhOUWmLYQM3uu6u2MMFc21wL5QKzNP9LYxwyC6B1UDT8YOYFPMTtxBr5eQVgar4FQAXiCXyINu%2B3NLN19xaHOkVhb4sRNm11aAFmhSKUOw8ptS%2BleFa8WhG%2FVFO2et0ZgvAsJrkatfIb2291TM7e53Voak5xM4cH0ZkkFWs%2FtJ5MGW%2BpEhkhVwiZnH9gTAJEiUj%2BBHB6l%2FrpMOhkpiPoVrLTfGmuO6%2Fiwmk7e%2BB7g%2BMFs2qNhT7vR0LN2FvZoayv0g%3D%3D","environmentVariables":{"FIREBASE_CONFIG":"{\"projectId\":\"livekit-5eef6\",\"storageBucket\":\"livekit-5eef6.firebasestorage.app\"}","GCLOUD_PROJECT":"livekit-5eef6","EVENTARC_CLOUD_EVENT_SOURCE":"projects/livekit-5eef6/locations/us-central1/functions/auditCallSummaries"},"runtime":"nodejs22","buildEnvironmentVariables":{"GOOGLE_NODE_RUN_SCRIPTS":""},"sourceToken":"09f0da63-0ee4-4577-a6b7-093b6fa2006d","dockerRegistry":"ARTIFACT_REGISTRY"},"updateTime":"2026-02-13T23:38:13.921722093Z"}}
[debug] [2026-02-13T23:38:15.406Z] <<< [apiv2][status] GET https://cloudfunctions.googleapis.com/v1/operations/cHJvamVjdHMvbGl2ZWtpdC01ZWVmNi9sb2NhdGlvbnMvdXMtY2VudHJhbDEvb3BlcmF0aW9ucy9vcGVyYXRpb24tMTc3MTAyNTg5MzU2OC02NGFiZDE5NDYyZTg5LTRmNmFmMmJlLWQ0MzAyODky 200
[debug] [2026-02-13T23:38:15.406Z] <<< [apiv2][body] GET https://cloudfunctions.googleapis.com/v1/operations/cHJvamVjdHMvbGl2ZWtpdC01ZWVmNi9sb2NhdGlvbnMvdXMtY2VudHJhbDEvb3BlcmF0aW9ucy9vcGVyYXRpb24tMTc3MTAyNTg5MzU2OC02NGFiZDE5NDYyZTg5LTRmNmFmMmJlLWQ0MzAyODky {"name":"operations/cHJvamVjdHMvbGl2ZWtpdC01ZWVmNi9sb2NhdGlvbnMvdXMtY2VudHJhbDEvb3BlcmF0aW9ucy9vcGVyYXRpb24tMTc3MTAyNTg5MzU2OC02NGFiZDE5NDYyZTg5LTRmNmFmMmJlLWQ0MzAyODky","metadata":{"@type":"type.googleapis.com/google.cloud.functions.v1.OperationMetadataV1","target":"projects/livekit-5eef6/locations/us-central1/functions/auditConsultationDocuments","type":"CREATE_FUNCTION","request":{"@type":"type.googleapis.com/google.cloud.functions.v1.CloudFunction","name":"projects/livekit-5eef6/locations/us-central1/functions/auditConsultationDocuments","eventTrigger":{"eventType":"providers/cloud.firestore/eventTypes/document.write","resource":"projects/livekit-5eef6/databases/(default)/documents/consultations/{documentId}","failurePolicy":{}},"entryPoint":"auditConsultationDocuments","updateTime":"1970-01-01T00:00:00Z","labels":{"deployment-tool":"cli-firebase","firebase-functions-hash":"c79278fe1212f3620dc3f2174b932608249c5093"},"sourceUploadUrl":"https://storage.googleapis.com/uploads-260470608838.us-central1.cloudfunctions.appspot.com/756b0ede-c3c7-4f95-8e3e-99bcc5d3d9ec.zip?GoogleAccessId=service-900456648225@gcf-admin-robot.iam.gserviceaccount.com&Expires=1771027619&Signature=edHfs8TKShJMp0UGAHn9BOBlWWD0iwlwyRDtYibakuW5A57R%2F%2Bz3qWbSUVsKjjvUKW9mvXyuVaU47VdWLN%2BRLhOUWmLYQM3uu6u2MMFc21wL5QKzNP9LYxwyC6B1UDT8YOYFPMTtxBr5eQVgar4FQAXiCXyINu%2B3NLN19xaHOkVhb4sRNm11aAFmhSKUOw8ptS%2BleFa8WhG%2FVFO2et0ZgvAsJrkatfIb2291TM7e53Voak5xM4cH0ZkkFWs%2FtJ5MGW%2BpEhkhVwiZnH9gTAJEiUj%2BBHB6l%2FrpMOhkpiPoVrLTfGmuO6%2Fiwmk7e%2BB7g%2BMFs2qNhT7vR0LN2FvZoayv0g%3D%3D","environmentVariables":{"FIREBASE_CONFIG":"{\"projectId\":\"livekit-5eef6\",\"storageBucket\":\"livekit-5eef6.firebasestorage.app\"}","GCLOUD_PROJECT":"livekit-5eef6","EVENTARC_CLOUD_EVENT_SOURCE":"projects/livekit-5eef6/locations/us-central1/functions/auditConsultationDocuments"},"runtime":"nodejs22","buildEnvironmentVariables":{"GOOGLE_NODE_RUN_SCRIPTS":""},"sourceToken":"09f0da63-0ee4-4577-a6b7-093b6fa2006d","dockerRegistry":"ARTIFACT_REGISTRY"},"updateTime":"2026-02-13T23:38:13.964706663Z"}}
[debug] [2026-02-13T23:38:15.638Z] [create-default-us-central1-getDeletionStats] Retrying task index 0
[debug] [2026-02-13T23:38:15.638Z] Checked if tokens are valid: true, expires at: 1771027031198
[debug] [2026-02-13T23:38:15.638Z] Checked if tokens are valid: true, expires at: 1771027031198
[debug] [2026-02-13T23:38:15.638Z] >>> [apiv2][query] GET https://cloudfunctions.googleapis.com/v1/operations/cHJvamVjdHMvbGl2ZWtpdC01ZWVmNi9sb2NhdGlvbnMvdXMtY2VudHJhbDEvb3BlcmF0aW9ucy9vcGVyYXRpb24tMTc3MTAyNTg5MzU0NC02NGFiZDE5NDVkMzI5LTg1MzFmNmQ3LTMxN2MxYjJh [none]
[debug] [2026-02-13T23:38:15.639Z] [create-default-us-central1-onRoomEnd] Retrying task index 0
[debug] [2026-02-13T23:38:15.639Z] Checked if tokens are valid: true, expires at: 1771027031198
[debug] [2026-02-13T23:38:15.639Z] Checked if tokens are valid: true, expires at: 1771027031198
[debug] [2026-02-13T23:38:15.639Z] >>> [apiv2][query] GET https://cloudfunctions.googleapis.com/v1/operations/cHJvamVjdHMvbGl2ZWtpdC01ZWVmNi9sb2NhdGlvbnMvdXMtY2VudHJhbDEvb3BlcmF0aW9ucy9vcGVyYXRpb24tMTc3MTAyNTg5MzQ3MS02NGFiZDE5NDRiNmFmLTVkMWI5M2U1LTNiMDg3Mjc4 [none]
[debug] [2026-02-13T23:38:15.809Z] [create-default-us-central1-manualDeleteSummary] Retrying task index 0
[debug] [2026-02-13T23:38:15.809Z] Checked if tokens are valid: true, expires at: 1771027031198
[debug] [2026-02-13T23:38:15.809Z] Checked if tokens are valid: true, expires at: 1771027031198
[debug] [2026-02-13T23:38:15.809Z] >>> [apiv2][query] GET https://cloudfunctions.googleapis.com/v1/operations/cHJvamVjdHMvbGl2ZWtpdC01ZWVmNi9sb2NhdGlvbnMvdXMtY2VudHJhbDEvb3BlcmF0aW9ucy9vcGVyYXRpb24tMTc3MTAyNTg5MzQxOS02NGFiZDE5NDNlOTE3LTMxMGM0M2MwLTQyMDljMGVi [none]
[debug] [2026-02-13T23:38:15.824Z] [create-default-us-central1-auditUsers] Retrying task index 0
[debug] [2026-02-13T23:38:15.824Z] Checked if tokens are valid: true, expires at: 1771027031198
[debug] [2026-02-13T23:38:15.824Z] Checked if tokens are valid: true, expires at: 1771027031198
[debug] [2026-02-13T23:38:15.824Z] >>> [apiv2][query] GET https://cloudfunctions.googleapis.com/v1/operations/cHJvamVjdHMvbGl2ZWtpdC01ZWVmNi9sb2NhdGlvbnMvdXMtY2VudHJhbDEvb3BlcmF0aW9ucy9vcGVyYXRpb24tMTc3MTAyNTg5MzQ1MS02NGFiZDE5NDQ2OGEwLWU2MWRlOWZmLTYyNTc5NzI4 [none]
[debug] [2026-02-13T23:38:15.825Z] [create-default-us-central1-autoDeleteSummaries] Retrying task index 0
[debug] [2026-02-13T23:38:15.825Z] Checked if tokens are valid: true, expires at: 1771027031198
[debug] [2026-02-13T23:38:15.825Z] Checked if tokens are valid: true, expires at: 1771027031198
[debug] [2026-02-13T23:38:15.825Z] >>> [apiv2][query] GET https://cloudfunctions.googleapis.com/v1/operations/cHJvamVjdHMvbGl2ZWtpdC01ZWVmNi9sb2NhdGlvbnMvdXMtY2VudHJhbDEvb3BlcmF0aW9ucy9vcGVyYXRpb24tMTc3MTAyNTg5MzU0Ny02NGFiZDE5NDVkZTRhLTg5OTgzODU5LTlkZWU3MTM1 [none]
[debug] [2026-02-13T23:38:15.826Z] [create-default-us-central1-auditWaitingPatients] Retrying task index 0
[debug] [2026-02-13T23:38:15.826Z] Checked if tokens are valid: true, expires at: 1771027031198
[debug] [2026-02-13T23:38:15.826Z] Checked if tokens are valid: true, expires at: 1771027031198
[debug] [2026-02-13T23:38:15.826Z] >>> [apiv2][query] GET https://cloudfunctions.googleapis.com/v1/operations/cHJvamVjdHMvbGl2ZWtpdC01ZWVmNi9sb2NhdGlvbnMvdXMtY2VudHJhbDEvb3BlcmF0aW9ucy9vcGVyYXRpb24tMTc3MTAyNTg5MzU0NS02NGFiZDE5NDVkNzhjLTE4OTFkYzM4LTM5MjllYzJm [none]
[debug] [2026-02-13T23:38:15.826Z] [create-default-us-central1-auditConsultationSessions] Retrying task index 0
[debug] [2026-02-13T23:38:15.826Z] Checked if tokens are valid: true, expires at: 1771027031198
[debug] [2026-02-13T23:38:15.826Z] Checked if tokens are valid: true, expires at: 1771027031198
[debug] [2026-02-13T23:38:15.826Z] >>> [apiv2][query] GET https://cloudfunctions.googleapis.com/v1/operations/cHJvamVjdHMvbGl2ZWtpdC01ZWVmNi9sb2NhdGlvbnMvdXMtY2VudHJhbDEvb3BlcmF0aW9ucy9vcGVyYXRpb24tMTc3MTAyNTg5MzU2My02NGFiZDE5NDYxZGUyLTZmMGM3YzBlLWViNDdmMjZh [none]
[debug] [2026-02-13T23:38:15.856Z] [create-default-us-central1-auditInvitations] Retrying task index 0
[debug] [2026-02-13T23:38:15.856Z] Checked if tokens are valid: true, expires at: 1771027031198
[debug] [2026-02-13T23:38:15.856Z] Checked if tokens are valid: true, expires at: 1771027031198
[debug] [2026-02-13T23:38:15.856Z] >>> [apiv2][query] GET https://cloudfunctions.googleapis.com/v1/operations/cHJvamVjdHMvbGl2ZWtpdC01ZWVmNi9sb2NhdGlvbnMvdXMtY2VudHJhbDEvb3BlcmF0aW9ucy9vcGVyYXRpb24tMTc3MTAyNTg5MzU0NS02NGFiZDE5NDVkNzgwLWYwMTcwNTI2LWI0NWFmYjVj [none]
[debug] [2026-02-13T23:38:15.857Z] [create-default-us-central1-auditConsultationSessionEvents] Retrying task index 0
[debug] [2026-02-13T23:38:15.857Z] Checked if tokens are valid: true, expires at: 1771027031198
[debug] [2026-02-13T23:38:15.857Z] Checked if tokens are valid: true, expires at: 1771027031198
[debug] [2026-02-13T23:38:15.857Z] >>> [apiv2][query] GET https://cloudfunctions.googleapis.com/v1/operations/cHJvamVjdHMvbGl2ZWtpdC01ZWVmNi9sb2NhdGlvbnMvdXMtY2VudHJhbDEvb3BlcmF0aW9ucy9vcGVyYXRpb24tMTc3MTAyNTg5MzU1Mi02NGFiZDE5NDVmMzU4LTIzZTA4M2JlLTEzMjgzZjBm [none]
[debug] [2026-02-13T23:38:15.871Z] [create-default-us-central1-auditCallSummaries] Retrying task index 0
[debug] [2026-02-13T23:38:15.872Z] Checked if tokens are valid: true, expires at: 1771027031198
[debug] [2026-02-13T23:38:15.872Z] Checked if tokens are valid: true, expires at: 1771027031198
[debug] [2026-02-13T23:38:15.872Z] >>> [apiv2][query] GET https://cloudfunctions.googleapis.com/v1/operations/cHJvamVjdHMvbGl2ZWtpdC01ZWVmNi9sb2NhdGlvbnMvdXMtY2VudHJhbDEvb3BlcmF0aW9ucy9vcGVyYXRpb24tMTc3MTAyNTg5MzU0Mi02NGFiZDE5NDVjOGQzLTUxNWMwMjNlLWU5MGQ2Nzcz [none]
[debug] [2026-02-13T23:38:15.918Z] [create-default-us-central1-auditConsultationDocuments] Retrying task index 0
[debug] [2026-02-13T23:38:15.918Z] Checked if tokens are valid: true, expires at: 1771027031198
[debug] [2026-02-13T23:38:15.918Z] Checked if tokens are valid: true, expires at: 1771027031198
[debug] [2026-02-13T23:38:15.919Z] >>> [apiv2][query] GET https://cloudfunctions.googleapis.com/v1/operations/cHJvamVjdHMvbGl2ZWtpdC01ZWVmNi9sb2NhdGlvbnMvdXMtY2VudHJhbDEvb3BlcmF0aW9ucy9vcGVyYXRpb24tMTc3MTAyNTg5MzU2OC02NGFiZDE5NDYyZTg5LTRmNmFmMmJlLWQ0MzAyODky [none]
[debug] [2026-02-13T23:38:15.956Z] <<< [apiv2][status] GET https://cloudfunctions.googleapis.com/v1/operations/cHJvamVjdHMvbGl2ZWtpdC01ZWVmNi9sb2NhdGlvbnMvdXMtY2VudHJhbDEvb3BlcmF0aW9ucy9vcGVyYXRpb24tMTc3MTAyNTg5MzU0NC02NGFiZDE5NDVkMzI5LTg1MzFmNmQ3LTMxN2MxYjJh 200
[debug] [2026-02-13T23:38:15.956Z] <<< [apiv2][body] GET https://cloudfunctions.googleapis.com/v1/operations/cHJvamVjdHMvbGl2ZWtpdC01ZWVmNi9sb2NhdGlvbnMvdXMtY2VudHJhbDEvb3BlcmF0aW9ucy9vcGVyYXRpb24tMTc3MTAyNTg5MzU0NC02NGFiZDE5NDVkMzI5LTg1MzFmNmQ3LTMxN2MxYjJh {"name":"operations/cHJvamVjdHMvbGl2ZWtpdC01ZWVmNi9sb2NhdGlvbnMvdXMtY2VudHJhbDEvb3BlcmF0aW9ucy9vcGVyYXRpb24tMTc3MTAyNTg5MzU0NC02NGFiZDE5NDVkMzI5LTg1MzFmNmQ3LTMxN2MxYjJh","metadata":{"@type":"type.googleapis.com/google.cloud.functions.v1.OperationMetadataV1","target":"projects/livekit-5eef6/locations/us-central1/functions/getDeletionStats","type":"CREATE_FUNCTION","request":{"@type":"type.googleapis.com/google.cloud.functions.v1.CloudFunction","name":"projects/livekit-5eef6/locations/us-central1/functions/getDeletionStats","httpsTrigger":{"securityLevel":"SECURE_ALWAYS"},"entryPoint":"getDeletionStats","updateTime":"1970-01-01T00:00:00Z","labels":{"deployment-tool":"cli-firebase","deployment-callable":"true","firebase-functions-hash":"c79278fe1212f3620dc3f2174b932608249c5093"},"sourceUploadUrl":"https://storage.googleapis.com/uploads-260470608838.us-central1.cloudfunctions.appspot.com/756b0ede-c3c7-4f95-8e3e-99bcc5d3d9ec.zip?GoogleAccessId=service-900456648225@gcf-admin-robot.iam.gserviceaccount.com&Expires=1771027619&Signature=edHfs8TKShJMp0UGAHn9BOBlWWD0iwlwyRDtYibakuW5A57R%2F%2Bz3qWbSUVsKjjvUKW9mvXyuVaU47VdWLN%2BRLhOUWmLYQM3uu6u2MMFc21wL5QKzNP9LYxwyC6B1UDT8YOYFPMTtxBr5eQVgar4FQAXiCXyINu%2B3NLN19xaHOkVhb4sRNm11aAFmhSKUOw8ptS%2BleFa8WhG%2FVFO2et0ZgvAsJrkatfIb2291TM7e53Voak5xM4cH0ZkkFWs%2FtJ5MGW%2BpEhkhVwiZnH9gTAJEiUj%2BBHB6l%2FrpMOhkpiPoVrLTfGmuO6%2Fiwmk7e%2BB7g%2BMFs2qNhT7vR0LN2FvZoayv0g%3D%3D","environmentVariables":{"FIREBASE_CONFIG":"{\"projectId\":\"livekit-5eef6\",\"storageBucket\":\"livekit-5eef6.firebasestorage.app\"}","GCLOUD_PROJECT":"livekit-5eef6","EVENTARC_CLOUD_EVENT_SOURCE":"projects/livekit-5eef6/locations/us-central1/functions/getDeletionStats"},"runtime":"nodejs22","buildEnvironmentVariables":{"GOOGLE_NODE_RUN_SCRIPTS":""},"sourceToken":"09f0da63-0ee4-4577-a6b7-093b6fa2006d","dockerRegistry":"ARTIFACT_REGISTRY"},"versionId":"1","updateTime":"2026-02-13T23:38:13.863079734Z","sourceToken":"09f0da63-0ee4-4577-a6b7-093b6fa2006d"}}
[debug] [2026-02-13T23:38:15.956Z] Got source token 09f0da63-0ee4-4577-a6b7-093b6fa2006d for region us-central1
[debug] [2026-02-13T23:38:16.128Z] <<< [apiv2][status] GET https://cloudfunctions.googleapis.com/v1/operations/cHJvamVjdHMvbGl2ZWtpdC01ZWVmNi9sb2NhdGlvbnMvdXMtY2VudHJhbDEvb3BlcmF0aW9ucy9vcGVyYXRpb24tMTc3MTAyNTg5MzU2My02NGFiZDE5NDYxZGUyLTZmMGM3YzBlLWViNDdmMjZh 200
[debug] [2026-02-13T23:38:16.129Z] <<< [apiv2][body] GET https://cloudfunctions.googleapis.com/v1/operations/cHJvamVjdHMvbGl2ZWtpdC01ZWVmNi9sb2NhdGlvbnMvdXMtY2VudHJhbDEvb3BlcmF0aW9ucy9vcGVyYXRpb24tMTc3MTAyNTg5MzU2My02NGFiZDE5NDYxZGUyLTZmMGM3YzBlLWViNDdmMjZh {"name":"operations/cHJvamVjdHMvbGl2ZWtpdC01ZWVmNi9sb2NhdGlvbnMvdXMtY2VudHJhbDEvb3BlcmF0aW9ucy9vcGVyYXRpb24tMTc3MTAyNTg5MzU2My02NGFiZDE5NDYxZGUyLTZmMGM3YzBlLWViNDdmMjZh","metadata":{"@type":"type.googleapis.com/google.cloud.functions.v1.OperationMetadataV1","target":"projects/livekit-5eef6/locations/us-central1/functions/auditConsultationSessions","type":"CREATE_FUNCTION","request":{"@type":"type.googleapis.com/google.cloud.functions.v1.CloudFunction","name":"projects/livekit-5eef6/locations/us-central1/functions/auditConsultationSessions","eventTrigger":{"eventType":"providers/cloud.firestore/eventTypes/document.write","resource":"projects/livekit-5eef6/databases/(default)/documents/consultationSessions/{documentId}","failurePolicy":{}},"entryPoint":"auditConsultationSessions","updateTime":"1970-01-01T00:00:00Z","labels":{"deployment-tool":"cli-firebase","firebase-functions-hash":"c79278fe1212f3620dc3f2174b932608249c5093"},"sourceUploadUrl":"https://storage.googleapis.com/uploads-260470608838.us-central1.cloudfunctions.appspot.com/756b0ede-c3c7-4f95-8e3e-99bcc5d3d9ec.zip?GoogleAccessId=service-900456648225@gcf-admin-robot.iam.gserviceaccount.com&Expires=1771027619&Signature=edHfs8TKShJMp0UGAHn9BOBlWWD0iwlwyRDtYibakuW5A57R%2F%2Bz3qWbSUVsKjjvUKW9mvXyuVaU47VdWLN%2BRLhOUWmLYQM3uu6u2MMFc21wL5QKzNP9LYxwyC6B1UDT8YOYFPMTtxBr5eQVgar4FQAXiCXyINu%2B3NLN19xaHOkVhb4sRNm11aAFmhSKUOw8ptS%2BleFa8WhG%2FVFO2et0ZgvAsJrkatfIb2291TM7e53Voak5xM4cH0ZkkFWs%2FtJ5MGW%2BpEhkhVwiZnH9gTAJEiUj%2BBHB6l%2FrpMOhkpiPoVrLTfGmuO6%2Fiwmk7e%2BB7g%2BMFs2qNhT7vR0LN2FvZoayv0g%3D%3D","environmentVariables":{"FIREBASE_CONFIG":"{\"projectId\":\"livekit-5eef6\",\"storageBucket\":\"livekit-5eef6.firebasestorage.app\"}","GCLOUD_PROJECT":"livekit-5eef6","EVENTARC_CLOUD_EVENT_SOURCE":"projects/livekit-5eef6/locations/us-central1/functions/auditConsultationSessions"},"runtime":"nodejs22","buildEnvironmentVariables":{"GOOGLE_NODE_RUN_SCRIPTS":""},"sourceToken":"09f0da63-0ee4-4577-a6b7-093b6fa2006d","dockerRegistry":"ARTIFACT_REGISTRY"},"versionId":"1","updateTime":"2026-02-13T23:38:13.904256038Z","sourceToken":"09f0da63-0ee4-4577-a6b7-093b6fa2006d"}}
[debug] [2026-02-13T23:38:16.129Z] Got source token 09f0da63-0ee4-4577-a6b7-093b6fa2006d for region us-central1
[debug] [2026-02-13T23:38:16.129Z] <<< [apiv2][status] GET https://cloudfunctions.googleapis.com/v1/operations/cHJvamVjdHMvbGl2ZWtpdC01ZWVmNi9sb2NhdGlvbnMvdXMtY2VudHJhbDEvb3BlcmF0aW9ucy9vcGVyYXRpb24tMTc3MTAyNTg5MzQ3MS02NGFiZDE5NDRiNmFmLTVkMWI5M2U1LTNiMDg3Mjc4 200
[debug] [2026-02-13T23:38:16.129Z] <<< [apiv2][body] GET https://cloudfunctions.googleapis.com/v1/operations/cHJvamVjdHMvbGl2ZWtpdC01ZWVmNi9sb2NhdGlvbnMvdXMtY2VudHJhbDEvb3BlcmF0aW9ucy9vcGVyYXRpb24tMTc3MTAyNTg5MzQ3MS02NGFiZDE5NDRiNmFmLTVkMWI5M2U1LTNiMDg3Mjc4 {"name":"operations/cHJvamVjdHMvbGl2ZWtpdC01ZWVmNi9sb2NhdGlvbnMvdXMtY2VudHJhbDEvb3BlcmF0aW9ucy9vcGVyYXRpb24tMTc3MTAyNTg5MzQ3MS02NGFiZDE5NDRiNmFmLTVkMWI5M2U1LTNiMDg3Mjc4","metadata":{"@type":"type.googleapis.com/google.cloud.functions.v1.OperationMetadataV1","target":"projects/livekit-5eef6/locations/us-central1/functions/onRoomEnd","type":"CREATE_FUNCTION","request":{"@type":"type.googleapis.com/google.cloud.functions.v1.CloudFunction","name":"projects/livekit-5eef6/locations/us-central1/functions/onRoomEnd","httpsTrigger":{"securityLevel":"SECURE_ALWAYS"},"entryPoint":"onRoomEnd","updateTime":"1970-01-01T00:00:00Z","labels":{"deployment-tool":"cli-firebase","firebase-functions-hash":"c79278fe1212f3620dc3f2174b932608249c5093"},"sourceUploadUrl":"https://storage.googleapis.com/uploads-260470608838.us-central1.cloudfunctions.appspot.com/756b0ede-c3c7-4f95-8e3e-99bcc5d3d9ec.zip?GoogleAccessId=service-900456648225@gcf-admin-robot.iam.gserviceaccount.com&Expires=1771027619&Signature=edHfs8TKShJMp0UGAHn9BOBlWWD0iwlwyRDtYibakuW5A57R%2F%2Bz3qWbSUVsKjjvUKW9mvXyuVaU47VdWLN%2BRLhOUWmLYQM3uu6u2MMFc21wL5QKzNP9LYxwyC6B1UDT8YOYFPMTtxBr5eQVgar4FQAXiCXyINu%2B3NLN19xaHOkVhb4sRNm11aAFmhSKUOw8ptS%2BleFa8WhG%2FVFO2et0ZgvAsJrkatfIb2291TM7e53Voak5xM4cH0ZkkFWs%2FtJ5MGW%2BpEhkhVwiZnH9gTAJEiUj%2BBHB6l%2FrpMOhkpiPoVrLTfGmuO6%2Fiwmk7e%2BB7g%2BMFs2qNhT7vR0LN2FvZoayv0g%3D%3D","environmentVariables":{"FIREBASE_CONFIG":"{\"projectId\":\"livekit-5eef6\",\"storageBucket\":\"livekit-5eef6.firebasestorage.app\"}","GCLOUD_PROJECT":"livekit-5eef6","EVENTARC_CLOUD_EVENT_SOURCE":"projects/livekit-5eef6/locations/us-central1/functions/onRoomEnd"},"runtime":"nodejs22","buildEnvironmentVariables":{"GOOGLE_NODE_RUN_SCRIPTS":""},"sourceToken":"09f0da63-0ee4-4577-a6b7-093b6fa2006d","dockerRegistry":"ARTIFACT_REGISTRY"},"versionId":"1","updateTime":"2026-02-13T23:38:13.838051250Z","sourceToken":"09f0da63-0ee4-4577-a6b7-093b6fa2006d"}}
[debug] [2026-02-13T23:38:16.129Z] Got source token 09f0da63-0ee4-4577-a6b7-093b6fa2006d for region us-central1
[debug] [2026-02-13T23:38:16.200Z] <<< [apiv2][status] GET https://cloudfunctions.googleapis.com/v1/operations/cHJvamVjdHMvbGl2ZWtpdC01ZWVmNi9sb2NhdGlvbnMvdXMtY2VudHJhbDEvb3BlcmF0aW9ucy9vcGVyYXRpb24tMTc3MTAyNTg5MzU1Mi02NGFiZDE5NDVmMzU4LTIzZTA4M2JlLTEzMjgzZjBm 200
[debug] [2026-02-13T23:38:16.200Z] <<< [apiv2][body] GET https://cloudfunctions.googleapis.com/v1/operations/cHJvamVjdHMvbGl2ZWtpdC01ZWVmNi9sb2NhdGlvbnMvdXMtY2VudHJhbDEvb3BlcmF0aW9ucy9vcGVyYXRpb24tMTc3MTAyNTg5MzU1Mi02NGFiZDE5NDVmMzU4LTIzZTA4M2JlLTEzMjgzZjBm {"name":"operations/cHJvamVjdHMvbGl2ZWtpdC01ZWVmNi9sb2NhdGlvbnMvdXMtY2VudHJhbDEvb3BlcmF0aW9ucy9vcGVyYXRpb24tMTc3MTAyNTg5MzU1Mi02NGFiZDE5NDVmMzU4LTIzZTA4M2JlLTEzMjgzZjBm","metadata":{"@type":"type.googleapis.com/google.cloud.functions.v1.OperationMetadataV1","target":"projects/livekit-5eef6/locations/us-central1/functions/auditConsultationSessionEvents","type":"CREATE_FUNCTION","request":{"@type":"type.googleapis.com/google.cloud.functions.v1.CloudFunction","name":"projects/livekit-5eef6/locations/us-central1/functions/auditConsultationSessionEvents","eventTrigger":{"eventType":"providers/cloud.firestore/eventTypes/document.write","resource":"projects/livekit-5eef6/databases/(default)/documents/consultationSessions/{consultationSessionId}/events/{eventId}","failurePolicy":{}},"entryPoint":"auditConsultationSessionEvents","updateTime":"1970-01-01T00:00:00Z","labels":{"deployment-tool":"cli-firebase","firebase-functions-hash":"c79278fe1212f3620dc3f2174b932608249c5093"},"sourceUploadUrl":"https://storage.googleapis.com/uploads-260470608838.us-central1.cloudfunctions.appspot.com/756b0ede-c3c7-4f95-8e3e-99bcc5d3d9ec.zip?GoogleAccessId=service-900456648225@gcf-admin-robot.iam.gserviceaccount.com&Expires=1771027619&Signature=edHfs8TKShJMp0UGAHn9BOBlWWD0iwlwyRDtYibakuW5A57R%2F%2Bz3qWbSUVsKjjvUKW9mvXyuVaU47VdWLN%2BRLhOUWmLYQM3uu6u2MMFc21wL5QKzNP9LYxwyC6B1UDT8YOYFPMTtxBr5eQVgar4FQAXiCXyINu%2B3NLN19xaHOkVhb4sRNm11aAFmhSKUOw8ptS%2BleFa8WhG%2FVFO2et0ZgvAsJrkatfIb2291TM7e53Voak5xM4cH0ZkkFWs%2FtJ5MGW%2BpEhkhVwiZnH9gTAJEiUj%2BBHB6l%2FrpMOhkpiPoVrLTfGmuO6%2Fiwmk7e%2BB7g%2BMFs2qNhT7vR0LN2FvZoayv0g%3D%3D","environmentVariables":{"FIREBASE_CONFIG":"{\"projectId\":\"livekit-5eef6\",\"storageBucket\":\"livekit-5eef6.firebasestorage.app\"}","GCLOUD_PROJECT":"livekit-5eef6","EVENTARC_CLOUD_EVENT_SOURCE":"projects/livekit-5eef6/locations/us-central1/functions/auditConsultationSessionEvents"},"runtime":"nodejs22","buildEnvironmentVariables":{"GOOGLE_NODE_RUN_SCRIPTS":""},"sourceToken":"09f0da63-0ee4-4577-a6b7-093b6fa2006d","dockerRegistry":"ARTIFACT_REGISTRY"},"versionId":"1","updateTime":"2026-02-13T23:38:13.913531798Z","sourceToken":"09f0da63-0ee4-4577-a6b7-093b6fa2006d"}}
[debug] [2026-02-13T23:38:16.200Z] Got source token 09f0da63-0ee4-4577-a6b7-093b6fa2006d for region us-central1
[debug] [2026-02-13T23:38:16.287Z] <<< [apiv2][status] GET https://cloudfunctions.googleapis.com/v1/operations/cHJvamVjdHMvbGl2ZWtpdC01ZWVmNi9sb2NhdGlvbnMvdXMtY2VudHJhbDEvb3BlcmF0aW9ucy9vcGVyYXRpb24tMTc3MTAyNTg5MzQxOS02NGFiZDE5NDNlOTE3LTMxMGM0M2MwLTQyMDljMGVi 200
[debug] [2026-02-13T23:38:16.287Z] <<< [apiv2][body] GET https://cloudfunctions.googleapis.com/v1/operations/cHJvamVjdHMvbGl2ZWtpdC01ZWVmNi9sb2NhdGlvbnMvdXMtY2VudHJhbDEvb3BlcmF0aW9ucy9vcGVyYXRpb24tMTc3MTAyNTg5MzQxOS02NGFiZDE5NDNlOTE3LTMxMGM0M2MwLTQyMDljMGVi {"name":"operations/cHJvamVjdHMvbGl2ZWtpdC01ZWVmNi9sb2NhdGlvbnMvdXMtY2VudHJhbDEvb3BlcmF0aW9ucy9vcGVyYXRpb24tMTc3MTAyNTg5MzQxOS02NGFiZDE5NDNlOTE3LTMxMGM0M2MwLTQyMDljMGVi","metadata":{"@type":"type.googleapis.com/google.cloud.functions.v1.OperationMetadataV1","target":"projects/livekit-5eef6/locations/us-central1/functions/manualDeleteSummary","type":"CREATE_FUNCTION","request":{"@type":"type.googleapis.com/google.cloud.functions.v1.CloudFunction","name":"projects/livekit-5eef6/locations/us-central1/functions/manualDeleteSummary","httpsTrigger":{"securityLevel":"SECURE_ALWAYS"},"entryPoint":"manualDeleteSummary","updateTime":"1970-01-01T00:00:00Z","labels":{"deployment-tool":"cli-firebase","deployment-callable":"true","firebase-functions-hash":"c79278fe1212f3620dc3f2174b932608249c5093"},"sourceUploadUrl":"https://storage.googleapis.com/uploads-260470608838.us-central1.cloudfunctions.appspot.com/756b0ede-c3c7-4f95-8e3e-99bcc5d3d9ec.zip?GoogleAccessId=service-900456648225@gcf-admin-robot.iam.gserviceaccount.com&Expires=1771027619&Signature=edHfs8TKShJMp0UGAHn9BOBlWWD0iwlwyRDtYibakuW5A57R%2F%2Bz3qWbSUVsKjjvUKW9mvXyuVaU47VdWLN%2BRLhOUWmLYQM3uu6u2MMFc21wL5QKzNP9LYxwyC6B1UDT8YOYFPMTtxBr5eQVgar4FQAXiCXyINu%2B3NLN19xaHOkVhb4sRNm11aAFmhSKUOw8ptS%2BleFa8WhG%2FVFO2et0ZgvAsJrkatfIb2291TM7e53Voak5xM4cH0ZkkFWs%2FtJ5MGW%2BpEhkhVwiZnH9gTAJEiUj%2BBHB6l%2FrpMOhkpiPoVrLTfGmuO6%2Fiwmk7e%2BB7g%2BMFs2qNhT7vR0LN2FvZoayv0g%3D%3D","environmentVariables":{"FIREBASE_CONFIG":"{\"projectId\":\"livekit-5eef6\",\"storageBucket\":\"livekit-5eef6.firebasestorage.app\"}","GCLOUD_PROJECT":"livekit-5eef6","EVENTARC_CLOUD_EVENT_SOURCE":"projects/livekit-5eef6/locations/us-central1/functions/manualDeleteSummary"},"runtime":"nodejs22","buildEnvironmentVariables":{"GOOGLE_NODE_RUN_SCRIPTS":""},"sourceToken":"09f0da63-0ee4-4577-a6b7-093b6fa2006d","dockerRegistry":"ARTIFACT_REGISTRY"},"versionId":"1","updateTime":"2026-02-13T23:38:13.847297565Z","sourceToken":"09f0da63-0ee4-4577-a6b7-093b6fa2006d"}}
[debug] [2026-02-13T23:38:16.287Z] Got source token 09f0da63-0ee4-4577-a6b7-093b6fa2006d for region us-central1
[debug] [2026-02-13T23:38:16.287Z] <<< [apiv2][status] GET https://cloudfunctions.googleapis.com/v1/operations/cHJvamVjdHMvbGl2ZWtpdC01ZWVmNi9sb2NhdGlvbnMvdXMtY2VudHJhbDEvb3BlcmF0aW9ucy9vcGVyYXRpb24tMTc3MTAyNTg5MzU0NS02NGFiZDE5NDVkNzhjLTE4OTFkYzM4LTM5MjllYzJm 200
[debug] [2026-02-13T23:38:16.288Z] <<< [apiv2][body] GET https://cloudfunctions.googleapis.com/v1/operations/cHJvamVjdHMvbGl2ZWtpdC01ZWVmNi9sb2NhdGlvbnMvdXMtY2VudHJhbDEvb3BlcmF0aW9ucy9vcGVyYXRpb24tMTc3MTAyNTg5MzU0NS02NGFiZDE5NDVkNzhjLTE4OTFkYzM4LTM5MjllYzJm {"name":"operations/cHJvamVjdHMvbGl2ZWtpdC01ZWVmNi9sb2NhdGlvbnMvdXMtY2VudHJhbDEvb3BlcmF0aW9ucy9vcGVyYXRpb24tMTc3MTAyNTg5MzU0NS02NGFiZDE5NDVkNzhjLTE4OTFkYzM4LTM5MjllYzJm","metadata":{"@type":"type.googleapis.com/google.cloud.functions.v1.OperationMetadataV1","target":"projects/livekit-5eef6/locations/us-central1/functions/auditWaitingPatients","type":"CREATE_FUNCTION","request":{"@type":"type.googleapis.com/google.cloud.functions.v1.CloudFunction","name":"projects/livekit-5eef6/locations/us-central1/functions/auditWaitingPatients","eventTrigger":{"eventType":"providers/cloud.firestore/eventTypes/document.write","resource":"projects/livekit-5eef6/databases/(default)/documents/waitingPatients/{documentId}","failurePolicy":{}},"entryPoint":"auditWaitingPatients","updateTime":"1970-01-01T00:00:00Z","labels":{"deployment-tool":"cli-firebase","firebase-functions-hash":"c79278fe1212f3620dc3f2174b932608249c5093"},"sourceUploadUrl":"https://storage.googleapis.com/uploads-260470608838.us-central1.cloudfunctions.appspot.com/756b0ede-c3c7-4f95-8e3e-99bcc5d3d9ec.zip?GoogleAccessId=service-900456648225@gcf-admin-robot.iam.gserviceaccount.com&Expires=1771027619&Signature=edHfs8TKShJMp0UGAHn9BOBlWWD0iwlwyRDtYibakuW5A57R%2F%2Bz3qWbSUVsKjjvUKW9mvXyuVaU47VdWLN%2BRLhOUWmLYQM3uu6u2MMFc21wL5QKzNP9LYxwyC6B1UDT8YOYFPMTtxBr5eQVgar4FQAXiCXyINu%2B3NLN19xaHOkVhb4sRNm11aAFmhSKUOw8ptS%2BleFa8WhG%2FVFO2et0ZgvAsJrkatfIb2291TM7e53Voak5xM4cH0ZkkFWs%2FtJ5MGW%2BpEhkhVwiZnH9gTAJEiUj%2BBHB6l%2FrpMOhkpiPoVrLTfGmuO6%2Fiwmk7e%2BB7g%2BMFs2qNhT7vR0LN2FvZoayv0g%3D%3D","environmentVariables":{"FIREBASE_CONFIG":"{\"projectId\":\"livekit-5eef6\",\"storageBucket\":\"livekit-5eef6.firebasestorage.app\"}","GCLOUD_PROJECT":"livekit-5eef6","EVENTARC_CLOUD_EVENT_SOURCE":"projects/livekit-5eef6/locations/us-central1/functions/auditWaitingPatients"},"runtime":"nodejs22","buildEnvironmentVariables":{"GOOGLE_NODE_RUN_SCRIPTS":""},"sourceToken":"09f0da63-0ee4-4577-a6b7-093b6fa2006d","dockerRegistry":"ARTIFACT_REGISTRY"},"versionId":"1","updateTime":"2026-02-13T23:38:13.890900703Z","sourceToken":"09f0da63-0ee4-4577-a6b7-093b6fa2006d"}}
[debug] [2026-02-13T23:38:16.288Z] Got source token 09f0da63-0ee4-4577-a6b7-093b6fa2006d for region us-central1
[debug] [2026-02-13T23:38:16.289Z] <<< [apiv2][status] GET https://cloudfunctions.googleapis.com/v1/operations/cHJvamVjdHMvbGl2ZWtpdC01ZWVmNi9sb2NhdGlvbnMvdXMtY2VudHJhbDEvb3BlcmF0aW9ucy9vcGVyYXRpb24tMTc3MTAyNTg5MzU0Ny02NGFiZDE5NDVkZTRhLTg5OTgzODU5LTlkZWU3MTM1 200
[debug] [2026-02-13T23:38:16.289Z] <<< [apiv2][body] GET https://cloudfunctions.googleapis.com/v1/operations/cHJvamVjdHMvbGl2ZWtpdC01ZWVmNi9sb2NhdGlvbnMvdXMtY2VudHJhbDEvb3BlcmF0aW9ucy9vcGVyYXRpb24tMTc3MTAyNTg5MzU0Ny02NGFiZDE5NDVkZTRhLTg5OTgzODU5LTlkZWU3MTM1 {"name":"operations/cHJvamVjdHMvbGl2ZWtpdC01ZWVmNi9sb2NhdGlvbnMvdXMtY2VudHJhbDEvb3BlcmF0aW9ucy9vcGVyYXRpb24tMTc3MTAyNTg5MzU0Ny02NGFiZDE5NDVkZTRhLTg5OTgzODU5LTlkZWU3MTM1","metadata":{"@type":"type.googleapis.com/google.cloud.functions.v1.OperationMetadataV1","target":"projects/livekit-5eef6/locations/us-central1/functions/autoDeleteSummaries","type":"CREATE_FUNCTION","request":{"@type":"type.googleapis.com/google.cloud.functions.v1.CloudFunction","name":"projects/livekit-5eef6/locations/us-central1/functions/autoDeleteSummaries","eventTrigger":{"eventType":"google.pubsub.topic.publish","resource":"projects/livekit-5eef6/topics/firebase-schedule-autoDeleteSummaries-us-central1","failurePolicy":{}},"entryPoint":"autoDeleteSummaries","updateTime":"1970-01-01T00:00:00Z","labels":{"deployment-tool":"cli-firebase","deployment-scheduled":"true","firebase-functions-hash":"c79278fe1212f3620dc3f2174b932608249c5093"},"sourceUploadUrl":"https://storage.googleapis.com/uploads-260470608838.us-central1.cloudfunctions.appspot.com/756b0ede-c3c7-4f95-8e3e-99bcc5d3d9ec.zip?GoogleAccessId=service-900456648225@gcf-admin-robot.iam.gserviceaccount.com&Expires=1771027619&Signature=edHfs8TKShJMp0UGAHn9BOBlWWD0iwlwyRDtYibakuW5A57R%2F%2Bz3qWbSUVsKjjvUKW9mvXyuVaU47VdWLN%2BRLhOUWmLYQM3uu6u2MMFc21wL5QKzNP9LYxwyC6B1UDT8YOYFPMTtxBr5eQVgar4FQAXiCXyINu%2B3NLN19xaHOkVhb4sRNm11aAFmhSKUOw8ptS%2BleFa8WhG%2FVFO2et0ZgvAsJrkatfIb2291TM7e53Voak5xM4cH0ZkkFWs%2FtJ5MGW%2BpEhkhVwiZnH9gTAJEiUj%2BBHB6l%2FrpMOhkpiPoVrLTfGmuO6%2Fiwmk7e%2BB7g%2BMFs2qNhT7vR0LN2FvZoayv0g%3D%3D","environmentVariables":{"FIREBASE_CONFIG":"{\"projectId\":\"livekit-5eef6\",\"storageBucket\":\"livekit-5eef6.firebasestorage.app\"}","GCLOUD_PROJECT":"livekit-5eef6","EVENTARC_CLOUD_EVENT_SOURCE":"projects/livekit-5eef6/locations/us-central1/functions/autoDeleteSummaries"},"runtime":"nodejs22","buildEnvironmentVariables":{"GOOGLE_NODE_RUN_SCRIPTS":""},"sourceToken":"09f0da63-0ee4-4577-a6b7-093b6fa2006d","dockerRegistry":"ARTIFACT_REGISTRY"},"versionId":"1","updateTime":"2026-02-13T23:38:13.896670073Z","sourceToken":"09f0da63-0ee4-4577-a6b7-093b6fa2006d"}}
[debug] [2026-02-13T23:38:16.289Z] Got source token 09f0da63-0ee4-4577-a6b7-093b6fa2006d for region us-central1
[debug] [2026-02-13T23:38:16.309Z] <<< [apiv2][status] GET https://cloudfunctions.googleapis.com/v1/operations/cHJvamVjdHMvbGl2ZWtpdC01ZWVmNi9sb2NhdGlvbnMvdXMtY2VudHJhbDEvb3BlcmF0aW9ucy9vcGVyYXRpb24tMTc3MTAyNTg5MzQ1MS02NGFiZDE5NDQ2OGEwLWU2MWRlOWZmLTYyNTc5NzI4 200
[debug] [2026-02-13T23:38:16.309Z] <<< [apiv2][body] GET https://cloudfunctions.googleapis.com/v1/operations/cHJvamVjdHMvbGl2ZWtpdC01ZWVmNi9sb2NhdGlvbnMvdXMtY2VudHJhbDEvb3BlcmF0aW9ucy9vcGVyYXRpb24tMTc3MTAyNTg5MzQ1MS02NGFiZDE5NDQ2OGEwLWU2MWRlOWZmLTYyNTc5NzI4 {"name":"operations/cHJvamVjdHMvbGl2ZWtpdC01ZWVmNi9sb2NhdGlvbnMvdXMtY2VudHJhbDEvb3BlcmF0aW9ucy9vcGVyYXRpb24tMTc3MTAyNTg5MzQ1MS02NGFiZDE5NDQ2OGEwLWU2MWRlOWZmLTYyNTc5NzI4","metadata":{"@type":"type.googleapis.com/google.cloud.functions.v1.OperationMetadataV1","target":"projects/livekit-5eef6/locations/us-central1/functions/auditUsers","type":"CREATE_FUNCTION","request":{"@type":"type.googleapis.com/google.cloud.functions.v1.CloudFunction","name":"projects/livekit-5eef6/locations/us-central1/functions/auditUsers","eventTrigger":{"eventType":"providers/cloud.firestore/eventTypes/document.write","resource":"projects/livekit-5eef6/databases/(default)/documents/users/{documentId}","failurePolicy":{}},"entryPoint":"auditUsers","updateTime":"1970-01-01T00:00:00Z","labels":{"deployment-tool":"cli-firebase","firebase-functions-hash":"c79278fe1212f3620dc3f2174b932608249c5093"},"sourceUploadUrl":"https://storage.googleapis.com/uploads-260470608838.us-central1.cloudfunctions.appspot.com/756b0ede-c3c7-4f95-8e3e-99bcc5d3d9ec.zip?GoogleAccessId=service-900456648225@gcf-admin-robot.iam.gserviceaccount.com&Expires=1771027619&Signature=edHfs8TKShJMp0UGAHn9BOBlWWD0iwlwyRDtYibakuW5A57R%2F%2Bz3qWbSUVsKjjvUKW9mvXyuVaU47VdWLN%2BRLhOUWmLYQM3uu6u2MMFc21wL5QKzNP9LYxwyC6B1UDT8YOYFPMTtxBr5eQVgar4FQAXiCXyINu%2B3NLN19xaHOkVhb4sRNm11aAFmhSKUOw8ptS%2BleFa8WhG%2FVFO2et0ZgvAsJrkatfIb2291TM7e53Voak5xM4cH0ZkkFWs%2FtJ5MGW%2BpEhkhVwiZnH9gTAJEiUj%2BBHB6l%2FrpMOhkpiPoVrLTfGmuO6%2Fiwmk7e%2BB7g%2BMFs2qNhT7vR0LN2FvZoayv0g%3D%3D","environmentVariables":{"FIREBASE_CONFIG":"{\"projectId\":\"livekit-5eef6\",\"storageBucket\":\"livekit-5eef6.firebasestorage.app\"}","GCLOUD_PROJECT":"livekit-5eef6","EVENTARC_CLOUD_EVENT_SOURCE":"projects/livekit-5eef6/locations/us-central1/functions/auditUsers"},"runtime":"nodejs22","buildEnvironmentVariables":{"GOOGLE_NODE_RUN_SCRIPTS":""},"sourceToken":"09f0da63-0ee4-4577-a6b7-093b6fa2006d","dockerRegistry":"ARTIFACT_REGISTRY"},"versionId":"1","updateTime":"2026-02-13T23:38:13.891610908Z","sourceToken":"09f0da63-0ee4-4577-a6b7-093b6fa2006d"}}
[debug] [2026-02-13T23:38:16.309Z] Got source token 09f0da63-0ee4-4577-a6b7-093b6fa2006d for region us-central1
[debug] [2026-02-13T23:38:16.339Z] <<< [apiv2][status] GET https://cloudfunctions.googleapis.com/v1/operations/cHJvamVjdHMvbGl2ZWtpdC01ZWVmNi9sb2NhdGlvbnMvdXMtY2VudHJhbDEvb3BlcmF0aW9ucy9vcGVyYXRpb24tMTc3MTAyNTg5MzU0Mi02NGFiZDE5NDVjOGQzLTUxNWMwMjNlLWU5MGQ2Nzcz 200
[debug] [2026-02-13T23:38:16.339Z] <<< [apiv2][body] GET https://cloudfunctions.googleapis.com/v1/operations/cHJvamVjdHMvbGl2ZWtpdC01ZWVmNi9sb2NhdGlvbnMvdXMtY2VudHJhbDEvb3BlcmF0aW9ucy9vcGVyYXRpb24tMTc3MTAyNTg5MzU0Mi02NGFiZDE5NDVjOGQzLTUxNWMwMjNlLWU5MGQ2Nzcz {"name":"operations/cHJvamVjdHMvbGl2ZWtpdC01ZWVmNi9sb2NhdGlvbnMvdXMtY2VudHJhbDEvb3BlcmF0aW9ucy9vcGVyYXRpb24tMTc3MTAyNTg5MzU0Mi02NGFiZDE5NDVjOGQzLTUxNWMwMjNlLWU5MGQ2Nzcz","metadata":{"@type":"type.googleapis.com/google.cloud.functions.v1.OperationMetadataV1","target":"projects/livekit-5eef6/locations/us-central1/functions/auditCallSummaries","type":"CREATE_FUNCTION","request":{"@type":"type.googleapis.com/google.cloud.functions.v1.CloudFunction","name":"projects/livekit-5eef6/locations/us-central1/functions/auditCallSummaries","eventTrigger":{"eventType":"providers/cloud.firestore/eventTypes/document.write","resource":"projects/livekit-5eef6/databases/(default)/documents/call-summaries/{documentId}","failurePolicy":{}},"entryPoint":"auditCallSummaries","updateTime":"1970-01-01T00:00:00Z","labels":{"deployment-tool":"cli-firebase","firebase-functions-hash":"c79278fe1212f3620dc3f2174b932608249c5093"},"sourceUploadUrl":"https://storage.googleapis.com/uploads-260470608838.us-central1.cloudfunctions.appspot.com/756b0ede-c3c7-4f95-8e3e-99bcc5d3d9ec.zip?GoogleAccessId=service-900456648225@gcf-admin-robot.iam.gserviceaccount.com&Expires=1771027619&Signature=edHfs8TKShJMp0UGAHn9BOBlWWD0iwlwyRDtYibakuW5A57R%2F%2Bz3qWbSUVsKjjvUKW9mvXyuVaU47VdWLN%2BRLhOUWmLYQM3uu6u2MMFc21wL5QKzNP9LYxwyC6B1UDT8YOYFPMTtxBr5eQVgar4FQAXiCXyINu%2B3NLN19xaHOkVhb4sRNm11aAFmhSKUOw8ptS%2BleFa8WhG%2FVFO2et0ZgvAsJrkatfIb2291TM7e53Voak5xM4cH0ZkkFWs%2FtJ5MGW%2BpEhkhVwiZnH9gTAJEiUj%2BBHB6l%2FrpMOhkpiPoVrLTfGmuO6%2Fiwmk7e%2BB7g%2BMFs2qNhT7vR0LN2FvZoayv0g%3D%3D","environmentVariables":{"FIREBASE_CONFIG":"{\"projectId\":\"livekit-5eef6\",\"storageBucket\":\"livekit-5eef6.firebasestorage.app\"}","GCLOUD_PROJECT":"livekit-5eef6","EVENTARC_CLOUD_EVENT_SOURCE":"projects/livekit-5eef6/locations/us-central1/functions/auditCallSummaries"},"runtime":"nodejs22","buildEnvironmentVariables":{"GOOGLE_NODE_RUN_SCRIPTS":""},"sourceToken":"09f0da63-0ee4-4577-a6b7-093b6fa2006d","dockerRegistry":"ARTIFACT_REGISTRY"},"versionId":"1","updateTime":"2026-02-13T23:38:13.921722093Z","sourceToken":"09f0da63-0ee4-4577-a6b7-093b6fa2006d"}}
[debug] [2026-02-13T23:38:16.339Z] Got source token 09f0da63-0ee4-4577-a6b7-093b6fa2006d for region us-central1
[debug] [2026-02-13T23:38:16.342Z] <<< [apiv2][status] GET https://cloudfunctions.googleapis.com/v1/operations/cHJvamVjdHMvbGl2ZWtpdC01ZWVmNi9sb2NhdGlvbnMvdXMtY2VudHJhbDEvb3BlcmF0aW9ucy9vcGVyYXRpb24tMTc3MTAyNTg5MzU0NS02NGFiZDE5NDVkNzgwLWYwMTcwNTI2LWI0NWFmYjVj 200
[debug] [2026-02-13T23:38:16.342Z] <<< [apiv2][body] GET https://cloudfunctions.googleapis.com/v1/operations/cHJvamVjdHMvbGl2ZWtpdC01ZWVmNi9sb2NhdGlvbnMvdXMtY2VudHJhbDEvb3BlcmF0aW9ucy9vcGVyYXRpb24tMTc3MTAyNTg5MzU0NS02NGFiZDE5NDVkNzgwLWYwMTcwNTI2LWI0NWFmYjVj {"name":"operations/cHJvamVjdHMvbGl2ZWtpdC01ZWVmNi9sb2NhdGlvbnMvdXMtY2VudHJhbDEvb3BlcmF0aW9ucy9vcGVyYXRpb24tMTc3MTAyNTg5MzU0NS02NGFiZDE5NDVkNzgwLWYwMTcwNTI2LWI0NWFmYjVj","metadata":{"@type":"type.googleapis.com/google.cloud.functions.v1.OperationMetadataV1","target":"projects/livekit-5eef6/locations/us-central1/functions/auditInvitations","type":"CREATE_FUNCTION","request":{"@type":"type.googleapis.com/google.cloud.functions.v1.CloudFunction","name":"projects/livekit-5eef6/locations/us-central1/functions/auditInvitations","eventTrigger":{"eventType":"providers/cloud.firestore/eventTypes/document.write","resource":"projects/livekit-5eef6/databases/(default)/documents/invitations/{documentId}","failurePolicy":{}},"entryPoint":"auditInvitations","updateTime":"1970-01-01T00:00:00Z","labels":{"deployment-tool":"cli-firebase","firebase-functions-hash":"c79278fe1212f3620dc3f2174b932608249c5093"},"sourceUploadUrl":"https://storage.googleapis.com/uploads-260470608838.us-central1.cloudfunctions.appspot.com/756b0ede-c3c7-4f95-8e3e-99bcc5d3d9ec.zip?GoogleAccessId=service-900456648225@gcf-admin-robot.iam.gserviceaccount.com&Expires=1771027619&Signature=edHfs8TKShJMp0UGAHn9BOBlWWD0iwlwyRDtYibakuW5A57R%2F%2Bz3qWbSUVsKjjvUKW9mvXyuVaU47VdWLN%2BRLhOUWmLYQM3uu6u2MMFc21wL5QKzNP9LYxwyC6B1UDT8YOYFPMTtxBr5eQVgar4FQAXiCXyINu%2B3NLN19xaHOkVhb4sRNm11aAFmhSKUOw8ptS%2BleFa8WhG%2FVFO2et0ZgvAsJrkatfIb2291TM7e53Voak5xM4cH0ZkkFWs%2FtJ5MGW%2BpEhkhVwiZnH9gTAJEiUj%2BBHB6l%2FrpMOhkpiPoVrLTfGmuO6%2Fiwmk7e%2BB7g%2BMFs2qNhT7vR0LN2FvZoayv0g%3D%3D","environmentVariables":{"FIREBASE_CONFIG":"{\"projectId\":\"livekit-5eef6\",\"storageBucket\":\"livekit-5eef6.firebasestorage.app\"}","GCLOUD_PROJECT":"livekit-5eef6","EVENTARC_CLOUD_EVENT_SOURCE":"projects/livekit-5eef6/locations/us-central1/functions/auditInvitations"},"runtime":"nodejs22","buildEnvironmentVariables":{"GOOGLE_NODE_RUN_SCRIPTS":""},"sourceToken":"09f0da63-0ee4-4577-a6b7-093b6fa2006d","dockerRegistry":"ARTIFACT_REGISTRY"},"versionId":"1","updateTime":"2026-02-13T23:38:13.918226832Z","sourceToken":"09f0da63-0ee4-4577-a6b7-093b6fa2006d"}}
[debug] [2026-02-13T23:38:16.342Z] Got source token 09f0da63-0ee4-4577-a6b7-093b6fa2006d for region us-central1
[debug] [2026-02-13T23:38:16.391Z] <<< [apiv2][status] GET https://cloudfunctions.googleapis.com/v1/operations/cHJvamVjdHMvbGl2ZWtpdC01ZWVmNi9sb2NhdGlvbnMvdXMtY2VudHJhbDEvb3BlcmF0aW9ucy9vcGVyYXRpb24tMTc3MTAyNTg5MzU2OC02NGFiZDE5NDYyZTg5LTRmNmFmMmJlLWQ0MzAyODky 200
[debug] [2026-02-13T23:38:16.391Z] <<< [apiv2][body] GET https://cloudfunctions.googleapis.com/v1/operations/cHJvamVjdHMvbGl2ZWtpdC01ZWVmNi9sb2NhdGlvbnMvdXMtY2VudHJhbDEvb3BlcmF0aW9ucy9vcGVyYXRpb24tMTc3MTAyNTg5MzU2OC02NGFiZDE5NDYyZTg5LTRmNmFmMmJlLWQ0MzAyODky {"name":"operations/cHJvamVjdHMvbGl2ZWtpdC01ZWVmNi9sb2NhdGlvbnMvdXMtY2VudHJhbDEvb3BlcmF0aW9ucy9vcGVyYXRpb24tMTc3MTAyNTg5MzU2OC02NGFiZDE5NDYyZTg5LTRmNmFmMmJlLWQ0MzAyODky","metadata":{"@type":"type.googleapis.com/google.cloud.functions.v1.OperationMetadataV1","target":"projects/livekit-5eef6/locations/us-central1/functions/auditConsultationDocuments","type":"CREATE_FUNCTION","request":{"@type":"type.googleapis.com/google.cloud.functions.v1.CloudFunction","name":"projects/livekit-5eef6/locations/us-central1/functions/auditConsultationDocuments","eventTrigger":{"eventType":"providers/cloud.firestore/eventTypes/document.write","resource":"projects/livekit-5eef6/databases/(default)/documents/consultations/{documentId}","failurePolicy":{}},"entryPoint":"auditConsultationDocuments","updateTime":"1970-01-01T00:00:00Z","labels":{"deployment-tool":"cli-firebase","firebase-functions-hash":"c79278fe1212f3620dc3f2174b932608249c5093"},"sourceUploadUrl":"https://storage.googleapis.com/uploads-260470608838.us-central1.cloudfunctions.appspot.com/756b0ede-c3c7-4f95-8e3e-99bcc5d3d9ec.zip?GoogleAccessId=service-900456648225@gcf-admin-robot.iam.gserviceaccount.com&Expires=1771027619&Signature=edHfs8TKShJMp0UGAHn9BOBlWWD0iwlwyRDtYibakuW5A57R%2F%2Bz3qWbSUVsKjjvUKW9mvXyuVaU47VdWLN%2BRLhOUWmLYQM3uu6u2MMFc21wL5QKzNP9LYxwyC6B1UDT8YOYFPMTtxBr5eQVgar4FQAXiCXyINu%2B3NLN19xaHOkVhb4sRNm11aAFmhSKUOw8ptS%2BleFa8WhG%2FVFO2et0ZgvAsJrkatfIb2291TM7e53Voak5xM4cH0ZkkFWs%2FtJ5MGW%2BpEhkhVwiZnH9gTAJEiUj%2BBHB6l%2FrpMOhkpiPoVrLTfGmuO6%2Fiwmk7e%2BB7g%2BMFs2qNhT7vR0LN2FvZoayv0g%3D%3D","environmentVariables":{"FIREBASE_CONFIG":"{\"projectId\":\"livekit-5eef6\",\"storageBucket\":\"livekit-5eef6.firebasestorage.app\"}","GCLOUD_PROJECT":"livekit-5eef6","EVENTARC_CLOUD_EVENT_SOURCE":"projects/livekit-5eef6/locations/us-central1/functions/auditConsultationDocuments"},"runtime":"nodejs22","buildEnvironmentVariables":{"GOOGLE_NODE_RUN_SCRIPTS":""},"sourceToken":"09f0da63-0ee4-4577-a6b7-093b6fa2006d","dockerRegistry":"ARTIFACT_REGISTRY"},"versionId":"1","updateTime":"2026-02-13T23:38:13.964706663Z","sourceToken":"09f0da63-0ee4-4577-a6b7-093b6fa2006d"}}
[debug] [2026-02-13T23:38:16.391Z] Got source token 09f0da63-0ee4-4577-a6b7-093b6fa2006d for region us-central1
[debug] [2026-02-13T23:38:16.961Z] [create-default-us-central1-getDeletionStats] Retrying task index 0
[debug] [2026-02-13T23:38:16.961Z] Checked if tokens are valid: true, expires at: 1771027031198
[debug] [2026-02-13T23:38:16.961Z] Checked if tokens are valid: true, expires at: 1771027031198
[debug] [2026-02-13T23:38:16.962Z] >>> [apiv2][query] GET https://cloudfunctions.googleapis.com/v1/operations/cHJvamVjdHMvbGl2ZWtpdC01ZWVmNi9sb2NhdGlvbnMvdXMtY2VudHJhbDEvb3BlcmF0aW9ucy9vcGVyYXRpb24tMTc3MTAyNTg5MzU0NC02NGFiZDE5NDVkMzI5LTg1MzFmNmQ3LTMxN2MxYjJh [none]
[debug] [2026-02-13T23:38:17.133Z] [create-default-us-central1-auditConsultationSessions] Retrying task index 0
[debug] [2026-02-13T23:38:17.133Z] Checked if tokens are valid: true, expires at: 1771027031198
[debug] [2026-02-13T23:38:17.133Z] Checked if tokens are valid: true, expires at: 1771027031198
[debug] [2026-02-13T23:38:17.133Z] >>> [apiv2][query] GET https://cloudfunctions.googleapis.com/v1/operations/cHJvamVjdHMvbGl2ZWtpdC01ZWVmNi9sb2NhdGlvbnMvdXMtY2VudHJhbDEvb3BlcmF0aW9ucy9vcGVyYXRpb24tMTc3MTAyNTg5MzU2My02NGFiZDE5NDYxZGUyLTZmMGM3YzBlLWViNDdmMjZh [none]
[debug] [2026-02-13T23:38:17.134Z] [create-default-us-central1-onRoomEnd] Retrying task index 0
[debug] [2026-02-13T23:38:17.134Z] Checked if tokens are valid: true, expires at: 1771027031198
[debug] [2026-02-13T23:38:17.134Z] Checked if tokens are valid: true, expires at: 1771027031198
[debug] [2026-02-13T23:38:17.134Z] >>> [apiv2][query] GET https://cloudfunctions.googleapis.com/v1/operations/cHJvamVjdHMvbGl2ZWtpdC01ZWVmNi9sb2NhdGlvbnMvdXMtY2VudHJhbDEvb3BlcmF0aW9ucy9vcGVyYXRpb24tMTc3MTAyNTg5MzQ3MS02NGFiZDE5NDRiNmFmLTVkMWI5M2U1LTNiMDg3Mjc4 [none]
[debug] [2026-02-13T23:38:17.210Z] [create-default-us-central1-auditConsultationSessionEvents] Retrying task index 0
[debug] [2026-02-13T23:38:17.211Z] Checked if tokens are valid: true, expires at: 1771027031198
[debug] [2026-02-13T23:38:17.211Z] Checked if tokens are valid: true, expires at: 1771027031198
[debug] [2026-02-13T23:38:17.211Z] >>> [apiv2][query] GET https://cloudfunctions.googleapis.com/v1/operations/cHJvamVjdHMvbGl2ZWtpdC01ZWVmNi9sb2NhdGlvbnMvdXMtY2VudHJhbDEvb3BlcmF0aW9ucy9vcGVyYXRpb24tMTc3MTAyNTg5MzU1Mi02NGFiZDE5NDVmMzU4LTIzZTA4M2JlLTEzMjgzZjBm [none]
[debug] [2026-02-13T23:38:17.269Z] <<< [apiv2][status] GET https://cloudfunctions.googleapis.com/v1/operations/cHJvamVjdHMvbGl2ZWtpdC01ZWVmNi9sb2NhdGlvbnMvdXMtY2VudHJhbDEvb3BlcmF0aW9ucy9vcGVyYXRpb24tMTc3MTAyNTg5MzU0NC02NGFiZDE5NDVkMzI5LTg1MzFmNmQ3LTMxN2MxYjJh 200
[debug] [2026-02-13T23:38:17.269Z] <<< [apiv2][body] GET https://cloudfunctions.googleapis.com/v1/operations/cHJvamVjdHMvbGl2ZWtpdC01ZWVmNi9sb2NhdGlvbnMvdXMtY2VudHJhbDEvb3BlcmF0aW9ucy9vcGVyYXRpb24tMTc3MTAyNTg5MzU0NC02NGFiZDE5NDVkMzI5LTg1MzFmNmQ3LTMxN2MxYjJh {"name":"operations/cHJvamVjdHMvbGl2ZWtpdC01ZWVmNi9sb2NhdGlvbnMvdXMtY2VudHJhbDEvb3BlcmF0aW9ucy9vcGVyYXRpb24tMTc3MTAyNTg5MzU0NC02NGFiZDE5NDVkMzI5LTg1MzFmNmQ3LTMxN2MxYjJh","metadata":{"@type":"type.googleapis.com/google.cloud.functions.v1.OperationMetadataV1","target":"projects/livekit-5eef6/locations/us-central1/functions/getDeletionStats","type":"CREATE_FUNCTION","request":{"@type":"type.googleapis.com/google.cloud.functions.v1.CloudFunction","name":"projects/livekit-5eef6/locations/us-central1/functions/getDeletionStats","httpsTrigger":{"securityLevel":"SECURE_ALWAYS"},"entryPoint":"getDeletionStats","updateTime":"1970-01-01T00:00:00Z","labels":{"deployment-tool":"cli-firebase","deployment-callable":"true","firebase-functions-hash":"c79278fe1212f3620dc3f2174b932608249c5093"},"sourceUploadUrl":"https://storage.googleapis.com/uploads-260470608838.us-central1.cloudfunctions.appspot.com/756b0ede-c3c7-4f95-8e3e-99bcc5d3d9ec.zip?GoogleAccessId=service-900456648225@gcf-admin-robot.iam.gserviceaccount.com&Expires=1771027619&Signature=edHfs8TKShJMp0UGAHn9BOBlWWD0iwlwyRDtYibakuW5A57R%2F%2Bz3qWbSUVsKjjvUKW9mvXyuVaU47VdWLN%2BRLhOUWmLYQM3uu6u2MMFc21wL5QKzNP9LYxwyC6B1UDT8YOYFPMTtxBr5eQVgar4FQAXiCXyINu%2B3NLN19xaHOkVhb4sRNm11aAFmhSKUOw8ptS%2BleFa8WhG%2FVFO2et0ZgvAsJrkatfIb2291TM7e53Voak5xM4cH0ZkkFWs%2FtJ5MGW%2BpEhkhVwiZnH9gTAJEiUj%2BBHB6l%2FrpMOhkpiPoVrLTfGmuO6%2Fiwmk7e%2BB7g%2BMFs2qNhT7vR0LN2FvZoayv0g%3D%3D","environmentVariables":{"FIREBASE_CONFIG":"{\"projectId\":\"livekit-5eef6\",\"storageBucket\":\"livekit-5eef6.firebasestorage.app\"}","GCLOUD_PROJECT":"livekit-5eef6","EVENTARC_CLOUD_EVENT_SOURCE":"projects/livekit-5eef6/locations/us-central1/functions/getDeletionStats"},"runtime":"nodejs22","buildEnvironmentVariables":{"GOOGLE_NODE_RUN_SCRIPTS":""},"sourceToken":"09f0da63-0ee4-4577-a6b7-093b6fa2006d","dockerRegistry":"ARTIFACT_REGISTRY"},"versionId":"1","updateTime":"2026-02-13T23:38:13.863079734Z","sourceToken":"09f0da63-0ee4-4577-a6b7-093b6fa2006d"}}
[debug] [2026-02-13T23:38:17.269Z] Got source token 09f0da63-0ee4-4577-a6b7-093b6fa2006d for region us-central1
[debug] [2026-02-13T23:38:17.288Z] [create-default-us-central1-manualDeleteSummary] Retrying task index 0
[debug] [2026-02-13T23:38:17.288Z] Checked if tokens are valid: true, expires at: 1771027031198
[debug] [2026-02-13T23:38:17.289Z] Checked if tokens are valid: true, expires at: 1771027031198
[debug] [2026-02-13T23:38:17.289Z] >>> [apiv2][query] GET https://cloudfunctions.googleapis.com/v1/operations/cHJvamVjdHMvbGl2ZWtpdC01ZWVmNi9sb2NhdGlvbnMvdXMtY2VudHJhbDEvb3BlcmF0aW9ucy9vcGVyYXRpb24tMTc3MTAyNTg5MzQxOS02NGFiZDE5NDNlOTE3LTMxMGM0M2MwLTQyMDljMGVi [none]
[debug] [2026-02-13T23:38:17.289Z] [create-default-us-central1-auditWaitingPatients] Retrying task index 0
[debug] [2026-02-13T23:38:17.289Z] Checked if tokens are valid: true, expires at: 1771027031198
[debug] [2026-02-13T23:38:17.289Z] Checked if tokens are valid: true, expires at: 1771027031198
[debug] [2026-02-13T23:38:17.290Z] >>> [apiv2][query] GET https://cloudfunctions.googleapis.com/v1/operations/cHJvamVjdHMvbGl2ZWtpdC01ZWVmNi9sb2NhdGlvbnMvdXMtY2VudHJhbDEvb3BlcmF0aW9ucy9vcGVyYXRpb24tMTc3MTAyNTg5MzU0NS02NGFiZDE5NDVkNzhjLTE4OTFkYzM4LTM5MjllYzJm [none]
[debug] [2026-02-13T23:38:17.290Z] [create-default-us-central1-autoDeleteSummaries] Retrying task index 0
[debug] [2026-02-13T23:38:17.290Z] Checked if tokens are valid: true, expires at: 1771027031198
[debug] [2026-02-13T23:38:17.290Z] Checked if tokens are valid: true, expires at: 1771027031198
[debug] [2026-02-13T23:38:17.290Z] >>> [apiv2][query] GET https://cloudfunctions.googleapis.com/v1/operations/cHJvamVjdHMvbGl2ZWtpdC01ZWVmNi9sb2NhdGlvbnMvdXMtY2VudHJhbDEvb3BlcmF0aW9ucy9vcGVyYXRpb24tMTc3MTAyNTg5MzU0Ny02NGFiZDE5NDVkZTRhLTg5OTgzODU5LTlkZWU3MTM1 [none]
[debug] [2026-02-13T23:38:17.320Z] [create-default-us-central1-auditUsers] Retrying task index 0
[debug] [2026-02-13T23:38:17.320Z] Checked if tokens are valid: true, expires at: 1771027031198
[debug] [2026-02-13T23:38:17.320Z] Checked if tokens are valid: true, expires at: 1771027031198
[debug] [2026-02-13T23:38:17.320Z] >>> [apiv2][query] GET https://cloudfunctions.googleapis.com/v1/operations/cHJvamVjdHMvbGl2ZWtpdC01ZWVmNi9sb2NhdGlvbnMvdXMtY2VudHJhbDEvb3BlcmF0aW9ucy9vcGVyYXRpb24tMTc3MTAyNTg5MzQ1MS02NGFiZDE5NDQ2OGEwLWU2MWRlOWZmLTYyNTc5NzI4 [none]
[debug] [2026-02-13T23:38:17.351Z] [create-default-us-central1-auditCallSummaries] Retrying task index 0
[debug] [2026-02-13T23:38:17.352Z] Checked if tokens are valid: true, expires at: 1771027031198
[debug] [2026-02-13T23:38:17.352Z] Checked if tokens are valid: true, expires at: 1771027031198
[debug] [2026-02-13T23:38:17.352Z] >>> [apiv2][query] GET https://cloudfunctions.googleapis.com/v1/operations/cHJvamVjdHMvbGl2ZWtpdC01ZWVmNi9sb2NhdGlvbnMvdXMtY2VudHJhbDEvb3BlcmF0aW9ucy9vcGVyYXRpb24tMTc3MTAyNTg5MzU0Mi02NGFiZDE5NDVjOGQzLTUxNWMwMjNlLWU5MGQ2Nzcz [none]
[debug] [2026-02-13T23:38:17.352Z] [create-default-us-central1-auditInvitations] Retrying task index 0
[debug] [2026-02-13T23:38:17.352Z] Checked if tokens are valid: true, expires at: 1771027031198
[debug] [2026-02-13T23:38:17.352Z] Checked if tokens are valid: true, expires at: 1771027031198
[debug] [2026-02-13T23:38:17.352Z] >>> [apiv2][query] GET https://cloudfunctions.googleapis.com/v1/operations/cHJvamVjdHMvbGl2ZWtpdC01ZWVmNi9sb2NhdGlvbnMvdXMtY2VudHJhbDEvb3BlcmF0aW9ucy9vcGVyYXRpb24tMTc3MTAyNTg5MzU0NS02NGFiZDE5NDVkNzgwLWYwMTcwNTI2LWI0NWFmYjVj [none]
[debug] [2026-02-13T23:38:17.398Z] [create-default-us-central1-auditConsultationDocuments] Retrying task index 0
[debug] [2026-02-13T23:38:17.399Z] Checked if tokens are valid: true, expires at: 1771027031198
[debug] [2026-02-13T23:38:17.399Z] Checked if tokens are valid: true, expires at: 1771027031198
[debug] [2026-02-13T23:38:17.399Z] >>> [apiv2][query] GET https://cloudfunctions.googleapis.com/v1/operations/cHJvamVjdHMvbGl2ZWtpdC01ZWVmNi9sb2NhdGlvbnMvdXMtY2VudHJhbDEvb3BlcmF0aW9ucy9vcGVyYXRpb24tMTc3MTAyNTg5MzU2OC02NGFiZDE5NDYyZTg5LTRmNmFmMmJlLWQ0MzAyODky [none]
[debug] [2026-02-13T23:38:17.433Z] <<< [apiv2][status] GET https://cloudfunctions.googleapis.com/v1/operations/cHJvamVjdHMvbGl2ZWtpdC01ZWVmNi9sb2NhdGlvbnMvdXMtY2VudHJhbDEvb3BlcmF0aW9ucy9vcGVyYXRpb24tMTc3MTAyNTg5MzQ3MS02NGFiZDE5NDRiNmFmLTVkMWI5M2U1LTNiMDg3Mjc4 200
[debug] [2026-02-13T23:38:17.434Z] <<< [apiv2][body] GET https://cloudfunctions.googleapis.com/v1/operations/cHJvamVjdHMvbGl2ZWtpdC01ZWVmNi9sb2NhdGlvbnMvdXMtY2VudHJhbDEvb3BlcmF0aW9ucy9vcGVyYXRpb24tMTc3MTAyNTg5MzQ3MS02NGFiZDE5NDRiNmFmLTVkMWI5M2U1LTNiMDg3Mjc4 {"name":"operations/cHJvamVjdHMvbGl2ZWtpdC01ZWVmNi9sb2NhdGlvbnMvdXMtY2VudHJhbDEvb3BlcmF0aW9ucy9vcGVyYXRpb24tMTc3MTAyNTg5MzQ3MS02NGFiZDE5NDRiNmFmLTVkMWI5M2U1LTNiMDg3Mjc4","metadata":{"@type":"type.googleapis.com/google.cloud.functions.v1.OperationMetadataV1","target":"projects/livekit-5eef6/locations/us-central1/functions/onRoomEnd","type":"CREATE_FUNCTION","request":{"@type":"type.googleapis.com/google.cloud.functions.v1.CloudFunction","name":"projects/livekit-5eef6/locations/us-central1/functions/onRoomEnd","httpsTrigger":{"securityLevel":"SECURE_ALWAYS"},"entryPoint":"onRoomEnd","updateTime":"1970-01-01T00:00:00Z","labels":{"deployment-tool":"cli-firebase","firebase-functions-hash":"c79278fe1212f3620dc3f2174b932608249c5093"},"sourceUploadUrl":"https://storage.googleapis.com/uploads-260470608838.us-central1.cloudfunctions.appspot.com/756b0ede-c3c7-4f95-8e3e-99bcc5d3d9ec.zip?GoogleAccessId=service-900456648225@gcf-admin-robot.iam.gserviceaccount.com&Expires=1771027619&Signature=edHfs8TKShJMp0UGAHn9BOBlWWD0iwlwyRDtYibakuW5A57R%2F%2Bz3qWbSUVsKjjvUKW9mvXyuVaU47VdWLN%2BRLhOUWmLYQM3uu6u2MMFc21wL5QKzNP9LYxwyC6B1UDT8YOYFPMTtxBr5eQVgar4FQAXiCXyINu%2B3NLN19xaHOkVhb4sRNm11aAFmhSKUOw8ptS%2BleFa8WhG%2FVFO2et0ZgvAsJrkatfIb2291TM7e53Voak5xM4cH0ZkkFWs%2FtJ5MGW%2BpEhkhVwiZnH9gTAJEiUj%2BBHB6l%2FrpMOhkpiPoVrLTfGmuO6%2Fiwmk7e%2BB7g%2BMFs2qNhT7vR0LN2FvZoayv0g%3D%3D","environmentVariables":{"FIREBASE_CONFIG":"{\"projectId\":\"livekit-5eef6\",\"storageBucket\":\"livekit-5eef6.firebasestorage.app\"}","GCLOUD_PROJECT":"livekit-5eef6","EVENTARC_CLOUD_EVENT_SOURCE":"projects/livekit-5eef6/locations/us-central1/functions/onRoomEnd"},"runtime":"nodejs22","buildEnvironmentVariables":{"GOOGLE_NODE_RUN_SCRIPTS":""},"sourceToken":"09f0da63-0ee4-4577-a6b7-093b6fa2006d","dockerRegistry":"ARTIFACT_REGISTRY"},"versionId":"1","updateTime":"2026-02-13T23:38:13.838051250Z","sourceToken":"09f0da63-0ee4-4577-a6b7-093b6fa2006d"}}
[debug] [2026-02-13T23:38:17.434Z] Got source token 09f0da63-0ee4-4577-a6b7-093b6fa2006d for region us-central1
[debug] [2026-02-13T23:38:17.592Z] <<< [apiv2][status] GET https://cloudfunctions.googleapis.com/v1/operations/cHJvamVjdHMvbGl2ZWtpdC01ZWVmNi9sb2NhdGlvbnMvdXMtY2VudHJhbDEvb3BlcmF0aW9ucy9vcGVyYXRpb24tMTc3MTAyNTg5MzU2My02NGFiZDE5NDYxZGUyLTZmMGM3YzBlLWViNDdmMjZh 200
[debug] [2026-02-13T23:38:17.592Z] <<< [apiv2][body] GET https://cloudfunctions.googleapis.com/v1/operations/cHJvamVjdHMvbGl2ZWtpdC01ZWVmNi9sb2NhdGlvbnMvdXMtY2VudHJhbDEvb3BlcmF0aW9ucy9vcGVyYXRpb24tMTc3MTAyNTg5MzU2My02NGFiZDE5NDYxZGUyLTZmMGM3YzBlLWViNDdmMjZh {"name":"operations/cHJvamVjdHMvbGl2ZWtpdC01ZWVmNi9sb2NhdGlvbnMvdXMtY2VudHJhbDEvb3BlcmF0aW9ucy9vcGVyYXRpb24tMTc3MTAyNTg5MzU2My02NGFiZDE5NDYxZGUyLTZmMGM3YzBlLWViNDdmMjZh","metadata":{"@type":"type.googleapis.com/google.cloud.functions.v1.OperationMetadataV1","target":"projects/livekit-5eef6/locations/us-central1/functions/auditConsultationSessions","type":"CREATE_FUNCTION","request":{"@type":"type.googleapis.com/google.cloud.functions.v1.CloudFunction","name":"projects/livekit-5eef6/locations/us-central1/functions/auditConsultationSessions","eventTrigger":{"eventType":"providers/cloud.firestore/eventTypes/document.write","resource":"projects/livekit-5eef6/databases/(default)/documents/consultationSessions/{documentId}","failurePolicy":{}},"entryPoint":"auditConsultationSessions","updateTime":"1970-01-01T00:00:00Z","labels":{"deployment-tool":"cli-firebase","firebase-functions-hash":"c79278fe1212f3620dc3f2174b932608249c5093"},"sourceUploadUrl":"https://storage.googleapis.com/uploads-260470608838.us-central1.cloudfunctions.appspot.com/756b0ede-c3c7-4f95-8e3e-99bcc5d3d9ec.zip?GoogleAccessId=service-900456648225@gcf-admin-robot.iam.gserviceaccount.com&Expires=1771027619&Signature=edHfs8TKShJMp0UGAHn9BOBlWWD0iwlwyRDtYibakuW5A57R%2F%2Bz3qWbSUVsKjjvUKW9mvXyuVaU47VdWLN%2BRLhOUWmLYQM3uu6u2MMFc21wL5QKzNP9LYxwyC6B1UDT8YOYFPMTtxBr5eQVgar4FQAXiCXyINu%2B3NLN19xaHOkVhb4sRNm11aAFmhSKUOw8ptS%2BleFa8WhG%2FVFO2et0ZgvAsJrkatfIb2291TM7e53Voak5xM4cH0ZkkFWs%2FtJ5MGW%2BpEhkhVwiZnH9gTAJEiUj%2BBHB6l%2FrpMOhkpiPoVrLTfGmuO6%2Fiwmk7e%2BB7g%2BMFs2qNhT7vR0LN2FvZoayv0g%3D%3D","environmentVariables":{"FIREBASE_CONFIG":"{\"projectId\":\"livekit-5eef6\",\"storageBucket\":\"livekit-5eef6.firebasestorage.app\"}","GCLOUD_PROJECT":"livekit-5eef6","EVENTARC_CLOUD_EVENT_SOURCE":"projects/livekit-5eef6/locations/us-central1/functions/auditConsultationSessions"},"runtime":"nodejs22","buildEnvironmentVariables":{"GOOGLE_NODE_RUN_SCRIPTS":""},"sourceToken":"09f0da63-0ee4-4577-a6b7-093b6fa2006d","dockerRegistry":"ARTIFACT_REGISTRY"},"versionId":"1","updateTime":"2026-02-13T23:38:13.904256038Z","sourceToken":"09f0da63-0ee4-4577-a6b7-093b6fa2006d"}}
[debug] [2026-02-13T23:38:17.592Z] Got source token 09f0da63-0ee4-4577-a6b7-093b6fa2006d for region us-central1
[debug] [2026-02-13T23:38:17.720Z] <<< [apiv2][status] GET https://cloudfunctions.googleapis.com/v1/operations/cHJvamVjdHMvbGl2ZWtpdC01ZWVmNi9sb2NhdGlvbnMvdXMtY2VudHJhbDEvb3BlcmF0aW9ucy9vcGVyYXRpb24tMTc3MTAyNTg5MzU1Mi02NGFiZDE5NDVmMzU4LTIzZTA4M2JlLTEzMjgzZjBm 200
[debug] [2026-02-13T23:38:17.720Z] <<< [apiv2][body] GET https://cloudfunctions.googleapis.com/v1/operations/cHJvamVjdHMvbGl2ZWtpdC01ZWVmNi9sb2NhdGlvbnMvdXMtY2VudHJhbDEvb3BlcmF0aW9ucy9vcGVyYXRpb24tMTc3MTAyNTg5MzU1Mi02NGFiZDE5NDVmMzU4LTIzZTA4M2JlLTEzMjgzZjBm {"name":"operations/cHJvamVjdHMvbGl2ZWtpdC01ZWVmNi9sb2NhdGlvbnMvdXMtY2VudHJhbDEvb3BlcmF0aW9ucy9vcGVyYXRpb24tMTc3MTAyNTg5MzU1Mi02NGFiZDE5NDVmMzU4LTIzZTA4M2JlLTEzMjgzZjBm","metadata":{"@type":"type.googleapis.com/google.cloud.functions.v1.OperationMetadataV1","target":"projects/livekit-5eef6/locations/us-central1/functions/auditConsultationSessionEvents","type":"CREATE_FUNCTION","request":{"@type":"type.googleapis.com/google.cloud.functions.v1.CloudFunction","name":"projects/livekit-5eef6/locations/us-central1/functions/auditConsultationSessionEvents","eventTrigger":{"eventType":"providers/cloud.firestore/eventTypes/document.write","resource":"projects/livekit-5eef6/databases/(default)/documents/consultationSessions/{consultationSessionId}/events/{eventId}","failurePolicy":{}},"entryPoint":"auditConsultationSessionEvents","updateTime":"1970-01-01T00:00:00Z","labels":{"deployment-tool":"cli-firebase","firebase-functions-hash":"c79278fe1212f3620dc3f2174b932608249c5093"},"sourceUploadUrl":"https://storage.googleapis.com/uploads-260470608838.us-central1.cloudfunctions.appspot.com/756b0ede-c3c7-4f95-8e3e-99bcc5d3d9ec.zip?GoogleAccessId=service-900456648225@gcf-admin-robot.iam.gserviceaccount.com&Expires=1771027619&Signature=edHfs8TKShJMp0UGAHn9BOBlWWD0iwlwyRDtYibakuW5A57R%2F%2Bz3qWbSUVsKjjvUKW9mvXyuVaU47VdWLN%2BRLhOUWmLYQM3uu6u2MMFc21wL5QKzNP9LYxwyC6B1UDT8YOYFPMTtxBr5eQVgar4FQAXiCXyINu%2B3NLN19xaHOkVhb4sRNm11aAFmhSKUOw8ptS%2BleFa8WhG%2FVFO2et0ZgvAsJrkatfIb2291TM7e53Voak5xM4cH0ZkkFWs%2FtJ5MGW%2BpEhkhVwiZnH9gTAJEiUj%2BBHB6l%2FrpMOhkpiPoVrLTfGmuO6%2Fiwmk7e%2BB7g%2BMFs2qNhT7vR0LN2FvZoayv0g%3D%3D","environmentVariables":{"FIREBASE_CONFIG":"{\"projectId\":\"livekit-5eef6\",\"storageBucket\":\"livekit-5eef6.firebasestorage.app\"}","GCLOUD_PROJECT":"livekit-5eef6","EVENTARC_CLOUD_EVENT_SOURCE":"projects/livekit-5eef6/locations/us-central1/functions/auditConsultationSessionEvents"},"runtime":"nodejs22","buildEnvironmentVariables":{"GOOGLE_NODE_RUN_SCRIPTS":""},"sourceToken":"09f0da63-0ee4-4577-a6b7-093b6fa2006d","dockerRegistry":"ARTIFACT_REGISTRY"},"versionId":"1","updateTime":"2026-02-13T23:38:13.913531798Z","sourceToken":"09f0da63-0ee4-4577-a6b7-093b6fa2006d"}}
[debug] [2026-02-13T23:38:17.721Z] Got source token 09f0da63-0ee4-4577-a6b7-093b6fa2006d for region us-central1
[debug] [2026-02-13T23:38:17.758Z] <<< [apiv2][status] GET https://cloudfunctions.googleapis.com/v1/operations/cHJvamVjdHMvbGl2ZWtpdC01ZWVmNi9sb2NhdGlvbnMvdXMtY2VudHJhbDEvb3BlcmF0aW9ucy9vcGVyYXRpb24tMTc3MTAyNTg5MzQxOS02NGFiZDE5NDNlOTE3LTMxMGM0M2MwLTQyMDljMGVi 200
[debug] [2026-02-13T23:38:17.759Z] <<< [apiv2][body] GET https://cloudfunctions.googleapis.com/v1/operations/cHJvamVjdHMvbGl2ZWtpdC01ZWVmNi9sb2NhdGlvbnMvdXMtY2VudHJhbDEvb3BlcmF0aW9ucy9vcGVyYXRpb24tMTc3MTAyNTg5MzQxOS02NGFiZDE5NDNlOTE3LTMxMGM0M2MwLTQyMDljMGVi {"name":"operations/cHJvamVjdHMvbGl2ZWtpdC01ZWVmNi9sb2NhdGlvbnMvdXMtY2VudHJhbDEvb3BlcmF0aW9ucy9vcGVyYXRpb24tMTc3MTAyNTg5MzQxOS02NGFiZDE5NDNlOTE3LTMxMGM0M2MwLTQyMDljMGVi","metadata":{"@type":"type.googleapis.com/google.cloud.functions.v1.OperationMetadataV1","target":"projects/livekit-5eef6/locations/us-central1/functions/manualDeleteSummary","type":"CREATE_FUNCTION","request":{"@type":"type.googleapis.com/google.cloud.functions.v1.CloudFunction","name":"projects/livekit-5eef6/locations/us-central1/functions/manualDeleteSummary","httpsTrigger":{"securityLevel":"SECURE_ALWAYS"},"entryPoint":"manualDeleteSummary","updateTime":"1970-01-01T00:00:00Z","labels":{"deployment-tool":"cli-firebase","deployment-callable":"true","firebase-functions-hash":"c79278fe1212f3620dc3f2174b932608249c5093"},"sourceUploadUrl":"https://storage.googleapis.com/uploads-260470608838.us-central1.cloudfunctions.appspot.com/756b0ede-c3c7-4f95-8e3e-99bcc5d3d9ec.zip?GoogleAccessId=service-900456648225@gcf-admin-robot.iam.gserviceaccount.com&Expires=1771027619&Signature=edHfs8TKShJMp0UGAHn9BOBlWWD0iwlwyRDtYibakuW5A57R%2F%2Bz3qWbSUVsKjjvUKW9mvXyuVaU47VdWLN%2BRLhOUWmLYQM3uu6u2MMFc21wL5QKzNP9LYxwyC6B1UDT8YOYFPMTtxBr5eQVgar4FQAXiCXyINu%2B3NLN19xaHOkVhb4sRNm11aAFmhSKUOw8ptS%2BleFa8WhG%2FVFO2et0ZgvAsJrkatfIb2291TM7e53Voak5xM4cH0ZkkFWs%2FtJ5MGW%2BpEhkhVwiZnH9gTAJEiUj%2BBHB6l%2FrpMOhkpiPoVrLTfGmuO6%2Fiwmk7e%2BB7g%2BMFs2qNhT7vR0LN2FvZoayv0g%3D%3D","environmentVariables":{"FIREBASE_CONFIG":"{\"projectId\":\"livekit-5eef6\",\"storageBucket\":\"livekit-5eef6.firebasestorage.app\"}","GCLOUD_PROJECT":"livekit-5eef6","EVENTARC_CLOUD_EVENT_SOURCE":"projects/livekit-5eef6/locations/us-central1/functions/manualDeleteSummary"},"runtime":"nodejs22","buildEnvironmentVariables":{"GOOGLE_NODE_RUN_SCRIPTS":""},"sourceToken":"09f0da63-0ee4-4577-a6b7-093b6fa2006d","dockerRegistry":"ARTIFACT_REGISTRY"},"versionId":"1","updateTime":"2026-02-13T23:38:13.847297565Z","sourceToken":"09f0da63-0ee4-4577-a6b7-093b6fa2006d"}}
[debug] [2026-02-13T23:38:17.759Z] Got source token 09f0da63-0ee4-4577-a6b7-093b6fa2006d for region us-central1
[debug] [2026-02-13T23:38:17.766Z] <<< [apiv2][status] GET https://cloudfunctions.googleapis.com/v1/operations/cHJvamVjdHMvbGl2ZWtpdC01ZWVmNi9sb2NhdGlvbnMvdXMtY2VudHJhbDEvb3BlcmF0aW9ucy9vcGVyYXRpb24tMTc3MTAyNTg5MzU0Ny02NGFiZDE5NDVkZTRhLTg5OTgzODU5LTlkZWU3MTM1 200
[debug] [2026-02-13T23:38:17.766Z] <<< [apiv2][body] GET https://cloudfunctions.googleapis.com/v1/operations/cHJvamVjdHMvbGl2ZWtpdC01ZWVmNi9sb2NhdGlvbnMvdXMtY2VudHJhbDEvb3BlcmF0aW9ucy9vcGVyYXRpb24tMTc3MTAyNTg5MzU0Ny02NGFiZDE5NDVkZTRhLTg5OTgzODU5LTlkZWU3MTM1 {"name":"operations/cHJvamVjdHMvbGl2ZWtpdC01ZWVmNi9sb2NhdGlvbnMvdXMtY2VudHJhbDEvb3BlcmF0aW9ucy9vcGVyYXRpb24tMTc3MTAyNTg5MzU0Ny02NGFiZDE5NDVkZTRhLTg5OTgzODU5LTlkZWU3MTM1","metadata":{"@type":"type.googleapis.com/google.cloud.functions.v1.OperationMetadataV1","target":"projects/livekit-5eef6/locations/us-central1/functions/autoDeleteSummaries","type":"CREATE_FUNCTION","request":{"@type":"type.googleapis.com/google.cloud.functions.v1.CloudFunction","name":"projects/livekit-5eef6/locations/us-central1/functions/autoDeleteSummaries","eventTrigger":{"eventType":"google.pubsub.topic.publish","resource":"projects/livekit-5eef6/topics/firebase-schedule-autoDeleteSummaries-us-central1","failurePolicy":{}},"entryPoint":"autoDeleteSummaries","updateTime":"1970-01-01T00:00:00Z","labels":{"deployment-tool":"cli-firebase","deployment-scheduled":"true","firebase-functions-hash":"c79278fe1212f3620dc3f2174b932608249c5093"},"sourceUploadUrl":"https://storage.googleapis.com/uploads-260470608838.us-central1.cloudfunctions.appspot.com/756b0ede-c3c7-4f95-8e3e-99bcc5d3d9ec.zip?GoogleAccessId=service-900456648225@gcf-admin-robot.iam.gserviceaccount.com&Expires=1771027619&Signature=edHfs8TKShJMp0UGAHn9BOBlWWD0iwlwyRDtYibakuW5A57R%2F%2Bz3qWbSUVsKjjvUKW9mvXyuVaU47VdWLN%2BRLhOUWmLYQM3uu6u2MMFc21wL5QKzNP9LYxwyC6B1UDT8YOYFPMTtxBr5eQVgar4FQAXiCXyINu%2B3NLN19xaHOkVhb4sRNm11aAFmhSKUOw8ptS%2BleFa8WhG%2FVFO2et0ZgvAsJrkatfIb2291TM7e53Voak5xM4cH0ZkkFWs%2FtJ5MGW%2BpEhkhVwiZnH9gTAJEiUj%2BBHB6l%2FrpMOhkpiPoVrLTfGmuO6%2Fiwmk7e%2BB7g%2BMFs2qNhT7vR0LN2FvZoayv0g%3D%3D","environmentVariables":{"FIREBASE_CONFIG":"{\"projectId\":\"livekit-5eef6\",\"storageBucket\":\"livekit-5eef6.firebasestorage.app\"}","GCLOUD_PROJECT":"livekit-5eef6","EVENTARC_CLOUD_EVENT_SOURCE":"projects/livekit-5eef6/locations/us-central1/functions/autoDeleteSummaries"},"runtime":"nodejs22","buildEnvironmentVariables":{"GOOGLE_NODE_RUN_SCRIPTS":""},"sourceToken":"09f0da63-0ee4-4577-a6b7-093b6fa2006d","dockerRegistry":"ARTIFACT_REGISTRY"},"versionId":"1","updateTime":"2026-02-13T23:38:13.896670073Z","sourceToken":"09f0da63-0ee4-4577-a6b7-093b6fa2006d"}}
[debug] [2026-02-13T23:38:17.767Z] Got source token 09f0da63-0ee4-4577-a6b7-093b6fa2006d for region us-central1
[debug] [2026-02-13T23:38:17.767Z] <<< [apiv2][status] GET https://cloudfunctions.googleapis.com/v1/operations/cHJvamVjdHMvbGl2ZWtpdC01ZWVmNi9sb2NhdGlvbnMvdXMtY2VudHJhbDEvb3BlcmF0aW9ucy9vcGVyYXRpb24tMTc3MTAyNTg5MzU0NS02NGFiZDE5NDVkNzhjLTE4OTFkYzM4LTM5MjllYzJm 200
[debug] [2026-02-13T23:38:17.767Z] <<< [apiv2][body] GET https://cloudfunctions.googleapis.com/v1/operations/cHJvamVjdHMvbGl2ZWtpdC01ZWVmNi9sb2NhdGlvbnMvdXMtY2VudHJhbDEvb3BlcmF0aW9ucy9vcGVyYXRpb24tMTc3MTAyNTg5MzU0NS02NGFiZDE5NDVkNzhjLTE4OTFkYzM4LTM5MjllYzJm {"name":"operations/cHJvamVjdHMvbGl2ZWtpdC01ZWVmNi9sb2NhdGlvbnMvdXMtY2VudHJhbDEvb3BlcmF0aW9ucy9vcGVyYXRpb24tMTc3MTAyNTg5MzU0NS02NGFiZDE5NDVkNzhjLTE4OTFkYzM4LTM5MjllYzJm","metadata":{"@type":"type.googleapis.com/google.cloud.functions.v1.OperationMetadataV1","target":"projects/livekit-5eef6/locations/us-central1/functions/auditWaitingPatients","type":"CREATE_FUNCTION","request":{"@type":"type.googleapis.com/google.cloud.functions.v1.CloudFunction","name":"projects/livekit-5eef6/locations/us-central1/functions/auditWaitingPatients","eventTrigger":{"eventType":"providers/cloud.firestore/eventTypes/document.write","resource":"projects/livekit-5eef6/databases/(default)/documents/waitingPatients/{documentId}","failurePolicy":{}},"entryPoint":"auditWaitingPatients","updateTime":"1970-01-01T00:00:00Z","labels":{"deployment-tool":"cli-firebase","firebase-functions-hash":"c79278fe1212f3620dc3f2174b932608249c5093"},"sourceUploadUrl":"https://storage.googleapis.com/uploads-260470608838.us-central1.cloudfunctions.appspot.com/756b0ede-c3c7-4f95-8e3e-99bcc5d3d9ec.zip?GoogleAccessId=service-900456648225@gcf-admin-robot.iam.gserviceaccount.com&Expires=1771027619&Signature=edHfs8TKShJMp0UGAHn9BOBlWWD0iwlwyRDtYibakuW5A57R%2F%2Bz3qWbSUVsKjjvUKW9mvXyuVaU47VdWLN%2BRLhOUWmLYQM3uu6u2MMFc21wL5QKzNP9LYxwyC6B1UDT8YOYFPMTtxBr5eQVgar4FQAXiCXyINu%2B3NLN19xaHOkVhb4sRNm11aAFmhSKUOw8ptS%2BleFa8WhG%2FVFO2et0ZgvAsJrkatfIb2291TM7e53Voak5xM4cH0ZkkFWs%2FtJ5MGW%2BpEhkhVwiZnH9gTAJEiUj%2BBHB6l%2FrpMOhkpiPoVrLTfGmuO6%2Fiwmk7e%2BB7g%2BMFs2qNhT7vR0LN2FvZoayv0g%3D%3D","environmentVariables":{"FIREBASE_CONFIG":"{\"projectId\":\"livekit-5eef6\",\"storageBucket\":\"livekit-5eef6.firebasestorage.app\"}","GCLOUD_PROJECT":"livekit-5eef6","EVENTARC_CLOUD_EVENT_SOURCE":"projects/livekit-5eef6/locations/us-central1/functions/auditWaitingPatients"},"runtime":"nodejs22","buildEnvironmentVariables":{"GOOGLE_NODE_RUN_SCRIPTS":""},"sourceToken":"09f0da63-0ee4-4577-a6b7-093b6fa2006d","dockerRegistry":"ARTIFACT_REGISTRY"},"versionId":"1","updateTime":"2026-02-13T23:38:13.890900703Z","buildId":"c020d2f4-7422-4e40-a452-4e71b2bf1ae3","sourceToken":"09f0da63-0ee4-4577-a6b7-093b6fa2006d","buildName":"projects/900456648225/locations/us-central1/builds/c020d2f4-7422-4e40-a452-4e71b2bf1ae3"}}
[debug] [2026-02-13T23:38:17.767Z] Got source token 09f0da63-0ee4-4577-a6b7-093b6fa2006d for region us-central1
[debug] [2026-02-13T23:38:17.795Z] <<< [apiv2][status] GET https://cloudfunctions.googleapis.com/v1/operations/cHJvamVjdHMvbGl2ZWtpdC01ZWVmNi9sb2NhdGlvbnMvdXMtY2VudHJhbDEvb3BlcmF0aW9ucy9vcGVyYXRpb24tMTc3MTAyNTg5MzQ1MS02NGFiZDE5NDQ2OGEwLWU2MWRlOWZmLTYyNTc5NzI4 200
[debug] [2026-02-13T23:38:17.795Z] <<< [apiv2][body] GET https://cloudfunctions.googleapis.com/v1/operations/cHJvamVjdHMvbGl2ZWtpdC01ZWVmNi9sb2NhdGlvbnMvdXMtY2VudHJhbDEvb3BlcmF0aW9ucy9vcGVyYXRpb24tMTc3MTAyNTg5MzQ1MS02NGFiZDE5NDQ2OGEwLWU2MWRlOWZmLTYyNTc5NzI4 {"name":"operations/cHJvamVjdHMvbGl2ZWtpdC01ZWVmNi9sb2NhdGlvbnMvdXMtY2VudHJhbDEvb3BlcmF0aW9ucy9vcGVyYXRpb24tMTc3MTAyNTg5MzQ1MS02NGFiZDE5NDQ2OGEwLWU2MWRlOWZmLTYyNTc5NzI4","metadata":{"@type":"type.googleapis.com/google.cloud.functions.v1.OperationMetadataV1","target":"projects/livekit-5eef6/locations/us-central1/functions/auditUsers","type":"CREATE_FUNCTION","request":{"@type":"type.googleapis.com/google.cloud.functions.v1.CloudFunction","name":"projects/livekit-5eef6/locations/us-central1/functions/auditUsers","eventTrigger":{"eventType":"providers/cloud.firestore/eventTypes/document.write","resource":"projects/livekit-5eef6/databases/(default)/documents/users/{documentId}","failurePolicy":{}},"entryPoint":"auditUsers","updateTime":"1970-01-01T00:00:00Z","labels":{"deployment-tool":"cli-firebase","firebase-functions-hash":"c79278fe1212f3620dc3f2174b932608249c5093"},"sourceUploadUrl":"https://storage.googleapis.com/uploads-260470608838.us-central1.cloudfunctions.appspot.com/756b0ede-c3c7-4f95-8e3e-99bcc5d3d9ec.zip?GoogleAccessId=service-900456648225@gcf-admin-robot.iam.gserviceaccount.com&Expires=1771027619&Signature=edHfs8TKShJMp0UGAHn9BOBlWWD0iwlwyRDtYibakuW5A57R%2F%2Bz3qWbSUVsKjjvUKW9mvXyuVaU47VdWLN%2BRLhOUWmLYQM3uu6u2MMFc21wL5QKzNP9LYxwyC6B1UDT8YOYFPMTtxBr5eQVgar4FQAXiCXyINu%2B3NLN19xaHOkVhb4sRNm11aAFmhSKUOw8ptS%2BleFa8WhG%2FVFO2et0ZgvAsJrkatfIb2291TM7e53Voak5xM4cH0ZkkFWs%2FtJ5MGW%2BpEhkhVwiZnH9gTAJEiUj%2BBHB6l%2FrpMOhkpiPoVrLTfGmuO6%2Fiwmk7e%2BB7g%2BMFs2qNhT7vR0LN2FvZoayv0g%3D%3D","environmentVariables":{"FIREBASE_CONFIG":"{\"projectId\":\"livekit-5eef6\",\"storageBucket\":\"livekit-5eef6.firebasestorage.app\"}","GCLOUD_PROJECT":"livekit-5eef6","EVENTARC_CLOUD_EVENT_SOURCE":"projects/livekit-5eef6/locations/us-central1/functions/auditUsers"},"runtime":"nodejs22","buildEnvironmentVariables":{"GOOGLE_NODE_RUN_SCRIPTS":""},"sourceToken":"09f0da63-0ee4-4577-a6b7-093b6fa2006d","dockerRegistry":"ARTIFACT_REGISTRY"},"versionId":"1","updateTime":"2026-02-13T23:38:13.891610908Z","buildId":"c020d2f4-7422-4e40-a452-4e71b2bf1ae3","sourceToken":"09f0da63-0ee4-4577-a6b7-093b6fa2006d","buildName":"projects/900456648225/locations/us-central1/builds/c020d2f4-7422-4e40-a452-4e71b2bf1ae3"}}
[debug] [2026-02-13T23:38:17.795Z] Got source token 09f0da63-0ee4-4577-a6b7-093b6fa2006d for region us-central1
[debug] [2026-02-13T23:38:17.814Z] <<< [apiv2][status] GET https://cloudfunctions.googleapis.com/v1/operations/cHJvamVjdHMvbGl2ZWtpdC01ZWVmNi9sb2NhdGlvbnMvdXMtY2VudHJhbDEvb3BlcmF0aW9ucy9vcGVyYXRpb24tMTc3MTAyNTg5MzU0Mi02NGFiZDE5NDVjOGQzLTUxNWMwMjNlLWU5MGQ2Nzcz 200
[debug] [2026-02-13T23:38:17.814Z] <<< [apiv2][body] GET https://cloudfunctions.googleapis.com/v1/operations/cHJvamVjdHMvbGl2ZWtpdC01ZWVmNi9sb2NhdGlvbnMvdXMtY2VudHJhbDEvb3BlcmF0aW9ucy9vcGVyYXRpb24tMTc3MTAyNTg5MzU0Mi02NGFiZDE5NDVjOGQzLTUxNWMwMjNlLWU5MGQ2Nzcz {"name":"operations/cHJvamVjdHMvbGl2ZWtpdC01ZWVmNi9sb2NhdGlvbnMvdXMtY2VudHJhbDEvb3BlcmF0aW9ucy9vcGVyYXRpb24tMTc3MTAyNTg5MzU0Mi02NGFiZDE5NDVjOGQzLTUxNWMwMjNlLWU5MGQ2Nzcz","metadata":{"@type":"type.googleapis.com/google.cloud.functions.v1.OperationMetadataV1","target":"projects/livekit-5eef6/locations/us-central1/functions/auditCallSummaries","type":"CREATE_FUNCTION","request":{"@type":"type.googleapis.com/google.cloud.functions.v1.CloudFunction","name":"projects/livekit-5eef6/locations/us-central1/functions/auditCallSummaries","eventTrigger":{"eventType":"providers/cloud.firestore/eventTypes/document.write","resource":"projects/livekit-5eef6/databases/(default)/documents/call-summaries/{documentId}","failurePolicy":{}},"entryPoint":"auditCallSummaries","updateTime":"1970-01-01T00:00:00Z","labels":{"deployment-tool":"cli-firebase","firebase-functions-hash":"c79278fe1212f3620dc3f2174b932608249c5093"},"sourceUploadUrl":"https://storage.googleapis.com/uploads-260470608838.us-central1.cloudfunctions.appspot.com/756b0ede-c3c7-4f95-8e3e-99bcc5d3d9ec.zip?GoogleAccessId=service-900456648225@gcf-admin-robot.iam.gserviceaccount.com&Expires=1771027619&Signature=edHfs8TKShJMp0UGAHn9BOBlWWD0iwlwyRDtYibakuW5A57R%2F%2Bz3qWbSUVsKjjvUKW9mvXyuVaU47VdWLN%2BRLhOUWmLYQM3uu6u2MMFc21wL5QKzNP9LYxwyC6B1UDT8YOYFPMTtxBr5eQVgar4FQAXiCXyINu%2B3NLN19xaHOkVhb4sRNm11aAFmhSKUOw8ptS%2BleFa8WhG%2FVFO2et0ZgvAsJrkatfIb2291TM7e53Voak5xM4cH0ZkkFWs%2FtJ5MGW%2BpEhkhVwiZnH9gTAJEiUj%2BBHB6l%2FrpMOhkpiPoVrLTfGmuO6%2Fiwmk7e%2BB7g%2BMFs2qNhT7vR0LN2FvZoayv0g%3D%3D","environmentVariables":{"FIREBASE_CONFIG":"{\"projectId\":\"livekit-5eef6\",\"storageBucket\":\"livekit-5eef6.firebasestorage.app\"}","GCLOUD_PROJECT":"livekit-5eef6","EVENTARC_CLOUD_EVENT_SOURCE":"projects/livekit-5eef6/locations/us-central1/functions/auditCallSummaries"},"runtime":"nodejs22","buildEnvironmentVariables":{"GOOGLE_NODE_RUN_SCRIPTS":""},"sourceToken":"09f0da63-0ee4-4577-a6b7-093b6fa2006d","dockerRegistry":"ARTIFACT_REGISTRY"},"versionId":"1","updateTime":"2026-02-13T23:38:13.921722093Z","sourceToken":"09f0da63-0ee4-4577-a6b7-093b6fa2006d"}}
[debug] [2026-02-13T23:38:17.814Z] Got source token 09f0da63-0ee4-4577-a6b7-093b6fa2006d for region us-central1
[debug] [2026-02-13T23:38:17.822Z] <<< [apiv2][status] GET https://cloudfunctions.googleapis.com/v1/operations/cHJvamVjdHMvbGl2ZWtpdC01ZWVmNi9sb2NhdGlvbnMvdXMtY2VudHJhbDEvb3BlcmF0aW9ucy9vcGVyYXRpb24tMTc3MTAyNTg5MzU0NS02NGFiZDE5NDVkNzgwLWYwMTcwNTI2LWI0NWFmYjVj 200
[debug] [2026-02-13T23:38:17.822Z] <<< [apiv2][body] GET https://cloudfunctions.googleapis.com/v1/operations/cHJvamVjdHMvbGl2ZWtpdC01ZWVmNi9sb2NhdGlvbnMvdXMtY2VudHJhbDEvb3BlcmF0aW9ucy9vcGVyYXRpb24tMTc3MTAyNTg5MzU0NS02NGFiZDE5NDVkNzgwLWYwMTcwNTI2LWI0NWFmYjVj {"name":"operations/cHJvamVjdHMvbGl2ZWtpdC01ZWVmNi9sb2NhdGlvbnMvdXMtY2VudHJhbDEvb3BlcmF0aW9ucy9vcGVyYXRpb24tMTc3MTAyNTg5MzU0NS02NGFiZDE5NDVkNzgwLWYwMTcwNTI2LWI0NWFmYjVj","metadata":{"@type":"type.googleapis.com/google.cloud.functions.v1.OperationMetadataV1","target":"projects/livekit-5eef6/locations/us-central1/functions/auditInvitations","type":"CREATE_FUNCTION","request":{"@type":"type.googleapis.com/google.cloud.functions.v1.CloudFunction","name":"projects/livekit-5eef6/locations/us-central1/functions/auditInvitations","eventTrigger":{"eventType":"providers/cloud.firestore/eventTypes/document.write","resource":"projects/livekit-5eef6/databases/(default)/documents/invitations/{documentId}","failurePolicy":{}},"entryPoint":"auditInvitations","updateTime":"1970-01-01T00:00:00Z","labels":{"deployment-tool":"cli-firebase","firebase-functions-hash":"c79278fe1212f3620dc3f2174b932608249c5093"},"sourceUploadUrl":"https://storage.googleapis.com/uploads-260470608838.us-central1.cloudfunctions.appspot.com/756b0ede-c3c7-4f95-8e3e-99bcc5d3d9ec.zip?GoogleAccessId=service-900456648225@gcf-admin-robot.iam.gserviceaccount.com&Expires=1771027619&Signature=edHfs8TKShJMp0UGAHn9BOBlWWD0iwlwyRDtYibakuW5A57R%2F%2Bz3qWbSUVsKjjvUKW9mvXyuVaU47VdWLN%2BRLhOUWmLYQM3uu6u2MMFc21wL5QKzNP9LYxwyC6B1UDT8YOYFPMTtxBr5eQVgar4FQAXiCXyINu%2B3NLN19xaHOkVhb4sRNm11aAFmhSKUOw8ptS%2BleFa8WhG%2FVFO2et0ZgvAsJrkatfIb2291TM7e53Voak5xM4cH0ZkkFWs%2FtJ5MGW%2BpEhkhVwiZnH9gTAJEiUj%2BBHB6l%2FrpMOhkpiPoVrLTfGmuO6%2Fiwmk7e%2BB7g%2BMFs2qNhT7vR0LN2FvZoayv0g%3D%3D","environmentVariables":{"FIREBASE_CONFIG":"{\"projectId\":\"livekit-5eef6\",\"storageBucket\":\"livekit-5eef6.firebasestorage.app\"}","GCLOUD_PROJECT":"livekit-5eef6","EVENTARC_CLOUD_EVENT_SOURCE":"projects/livekit-5eef6/locations/us-central1/functions/auditInvitations"},"runtime":"nodejs22","buildEnvironmentVariables":{"GOOGLE_NODE_RUN_SCRIPTS":""},"sourceToken":"09f0da63-0ee4-4577-a6b7-093b6fa2006d","dockerRegistry":"ARTIFACT_REGISTRY"},"versionId":"1","updateTime":"2026-02-13T23:38:13.918226832Z","sourceToken":"09f0da63-0ee4-4577-a6b7-093b6fa2006d"}}
[debug] [2026-02-13T23:38:17.822Z] Got source token 09f0da63-0ee4-4577-a6b7-093b6fa2006d for region us-central1
[debug] [2026-02-13T23:38:17.862Z] <<< [apiv2][status] GET https://cloudfunctions.googleapis.com/v1/operations/cHJvamVjdHMvbGl2ZWtpdC01ZWVmNi9sb2NhdGlvbnMvdXMtY2VudHJhbDEvb3BlcmF0aW9ucy9vcGVyYXRpb24tMTc3MTAyNTg5MzU2OC02NGFiZDE5NDYyZTg5LTRmNmFmMmJlLWQ0MzAyODky 200
[debug] [2026-02-13T23:38:17.862Z] <<< [apiv2][body] GET https://cloudfunctions.googleapis.com/v1/operations/cHJvamVjdHMvbGl2ZWtpdC01ZWVmNi9sb2NhdGlvbnMvdXMtY2VudHJhbDEvb3BlcmF0aW9ucy9vcGVyYXRpb24tMTc3MTAyNTg5MzU2OC02NGFiZDE5NDYyZTg5LTRmNmFmMmJlLWQ0MzAyODky {"name":"operations/cHJvamVjdHMvbGl2ZWtpdC01ZWVmNi9sb2NhdGlvbnMvdXMtY2VudHJhbDEvb3BlcmF0aW9ucy9vcGVyYXRpb24tMTc3MTAyNTg5MzU2OC02NGFiZDE5NDYyZTg5LTRmNmFmMmJlLWQ0MzAyODky","metadata":{"@type":"type.googleapis.com/google.cloud.functions.v1.OperationMetadataV1","target":"projects/livekit-5eef6/locations/us-central1/functions/auditConsultationDocuments","type":"CREATE_FUNCTION","request":{"@type":"type.googleapis.com/google.cloud.functions.v1.CloudFunction","name":"projects/livekit-5eef6/locations/us-central1/functions/auditConsultationDocuments","eventTrigger":{"eventType":"providers/cloud.firestore/eventTypes/document.write","resource":"projects/livekit-5eef6/databases/(default)/documents/consultations/{documentId}","failurePolicy":{}},"entryPoint":"auditConsultationDocuments","updateTime":"1970-01-01T00:00:00Z","labels":{"deployment-tool":"cli-firebase","firebase-functions-hash":"c79278fe1212f3620dc3f2174b932608249c5093"},"sourceUploadUrl":"https://storage.googleapis.com/uploads-260470608838.us-central1.cloudfunctions.appspot.com/756b0ede-c3c7-4f95-8e3e-99bcc5d3d9ec.zip?GoogleAccessId=service-900456648225@gcf-admin-robot.iam.gserviceaccount.com&Expires=1771027619&Signature=edHfs8TKShJMp0UGAHn9BOBlWWD0iwlwyRDtYibakuW5A57R%2F%2Bz3qWbSUVsKjjvUKW9mvXyuVaU47VdWLN%2BRLhOUWmLYQM3uu6u2MMFc21wL5QKzNP9LYxwyC6B1UDT8YOYFPMTtxBr5eQVgar4FQAXiCXyINu%2B3NLN19xaHOkVhb4sRNm11aAFmhSKUOw8ptS%2BleFa8WhG%2FVFO2et0ZgvAsJrkatfIb2291TM7e53Voak5xM4cH0ZkkFWs%2FtJ5MGW%2BpEhkhVwiZnH9gTAJEiUj%2BBHB6l%2FrpMOhkpiPoVrLTfGmuO6%2Fiwmk7e%2BB7g%2BMFs2qNhT7vR0LN2FvZoayv0g%3D%3D","environmentVariables":{"FIREBASE_CONFIG":"{\"projectId\":\"livekit-5eef6\",\"storageBucket\":\"livekit-5eef6.firebasestorage.app\"}","GCLOUD_PROJECT":"livekit-5eef6","EVENTARC_CLOUD_EVENT_SOURCE":"projects/livekit-5eef6/locations/us-central1/functions/auditConsultationDocuments"},"runtime":"nodejs22","buildEnvironmentVariables":{"GOOGLE_NODE_RUN_SCRIPTS":""},"sourceToken":"09f0da63-0ee4-4577-a6b7-093b6fa2006d","dockerRegistry":"ARTIFACT_REGISTRY"},"versionId":"1","updateTime":"2026-02-13T23:38:13.964706663Z","sourceToken":"09f0da63-0ee4-4577-a6b7-093b6fa2006d"}}
[debug] [2026-02-13T23:38:17.862Z] Got source token 09f0da63-0ee4-4577-a6b7-093b6fa2006d for region us-central1
[debug] [2026-02-13T23:38:19.277Z] [create-default-us-central1-getDeletionStats] Retrying task index 0
[debug] [2026-02-13T23:38:19.277Z] Checked if tokens are valid: true, expires at: 1771027031198
[debug] [2026-02-13T23:38:19.277Z] Checked if tokens are valid: true, expires at: 1771027031198
[debug] [2026-02-13T23:38:19.277Z] >>> [apiv2][query] GET https://cloudfunctions.googleapis.com/v1/operations/cHJvamVjdHMvbGl2ZWtpdC01ZWVmNi9sb2NhdGlvbnMvdXMtY2VudHJhbDEvb3BlcmF0aW9ucy9vcGVyYXRpb24tMTc3MTAyNTg5MzU0NC02NGFiZDE5NDVkMzI5LTg1MzFmNmQ3LTMxN2MxYjJh [none]
[debug] [2026-02-13T23:38:19.434Z] [create-default-us-central1-onRoomEnd] Retrying task index 0
[debug] [2026-02-13T23:38:19.435Z] Checked if tokens are valid: true, expires at: 1771027031198
[debug] [2026-02-13T23:38:19.435Z] Checked if tokens are valid: true, expires at: 1771027031198
[debug] [2026-02-13T23:38:19.435Z] >>> [apiv2][query] GET https://cloudfunctions.googleapis.com/v1/operations/cHJvamVjdHMvbGl2ZWtpdC01ZWVmNi9sb2NhdGlvbnMvdXMtY2VudHJhbDEvb3BlcmF0aW9ucy9vcGVyYXRpb24tMTc3MTAyNTg5MzQ3MS02NGFiZDE5NDRiNmFmLTVkMWI5M2U1LTNiMDg3Mjc4 [none]
[debug] [2026-02-13T23:38:19.575Z] <<< [apiv2][status] GET https://cloudfunctions.googleapis.com/v1/operations/cHJvamVjdHMvbGl2ZWtpdC01ZWVmNi9sb2NhdGlvbnMvdXMtY2VudHJhbDEvb3BlcmF0aW9ucy9vcGVyYXRpb24tMTc3MTAyNTg5MzU0NC02NGFiZDE5NDVkMzI5LTg1MzFmNmQ3LTMxN2MxYjJh 200
[debug] [2026-02-13T23:38:19.576Z] <<< [apiv2][body] GET https://cloudfunctions.googleapis.com/v1/operations/cHJvamVjdHMvbGl2ZWtpdC01ZWVmNi9sb2NhdGlvbnMvdXMtY2VudHJhbDEvb3BlcmF0aW9ucy9vcGVyYXRpb24tMTc3MTAyNTg5MzU0NC02NGFiZDE5NDVkMzI5LTg1MzFmNmQ3LTMxN2MxYjJh {"name":"operations/cHJvamVjdHMvbGl2ZWtpdC01ZWVmNi9sb2NhdGlvbnMvdXMtY2VudHJhbDEvb3BlcmF0aW9ucy9vcGVyYXRpb24tMTc3MTAyNTg5MzU0NC02NGFiZDE5NDVkMzI5LTg1MzFmNmQ3LTMxN2MxYjJh","metadata":{"@type":"type.googleapis.com/google.cloud.functions.v1.OperationMetadataV1","target":"projects/livekit-5eef6/locations/us-central1/functions/getDeletionStats","type":"CREATE_FUNCTION","request":{"@type":"type.googleapis.com/google.cloud.functions.v1.CloudFunction","name":"projects/livekit-5eef6/locations/us-central1/functions/getDeletionStats","httpsTrigger":{"securityLevel":"SECURE_ALWAYS"},"entryPoint":"getDeletionStats","updateTime":"1970-01-01T00:00:00Z","labels":{"deployment-tool":"cli-firebase","deployment-callable":"true","firebase-functions-hash":"c79278fe1212f3620dc3f2174b932608249c5093"},"sourceUploadUrl":"https://storage.googleapis.com/uploads-260470608838.us-central1.cloudfunctions.appspot.com/756b0ede-c3c7-4f95-8e3e-99bcc5d3d9ec.zip?GoogleAccessId=service-900456648225@gcf-admin-robot.iam.gserviceaccount.com&Expires=1771027619&Signature=edHfs8TKShJMp0UGAHn9BOBlWWD0iwlwyRDtYibakuW5A57R%2F%2Bz3qWbSUVsKjjvUKW9mvXyuVaU47VdWLN%2BRLhOUWmLYQM3uu6u2MMFc21wL5QKzNP9LYxwyC6B1UDT8YOYFPMTtxBr5eQVgar4FQAXiCXyINu%2B3NLN19xaHOkVhb4sRNm11aAFmhSKUOw8ptS%2BleFa8WhG%2FVFO2et0ZgvAsJrkatfIb2291TM7e53Voak5xM4cH0ZkkFWs%2FtJ5MGW%2BpEhkhVwiZnH9gTAJEiUj%2BBHB6l%2FrpMOhkpiPoVrLTfGmuO6%2Fiwmk7e%2BB7g%2BMFs2qNhT7vR0LN2FvZoayv0g%3D%3D","environmentVariables":{"FIREBASE_CONFIG":"{\"projectId\":\"livekit-5eef6\",\"storageBucket\":\"livekit-5eef6.firebasestorage.app\"}","GCLOUD_PROJECT":"livekit-5eef6","EVENTARC_CLOUD_EVENT_SOURCE":"projects/livekit-5eef6/locations/us-central1/functions/getDeletionStats"},"runtime":"nodejs22","buildEnvironmentVariables":{"GOOGLE_NODE_RUN_SCRIPTS":""},"sourceToken":"09f0da63-0ee4-4577-a6b7-093b6fa2006d","dockerRegistry":"ARTIFACT_REGISTRY"},"versionId":"1","updateTime":"2026-02-13T23:38:13.863079734Z","buildId":"c020d2f4-7422-4e40-a452-4e71b2bf1ae3","sourceToken":"09f0da63-0ee4-4577-a6b7-093b6fa2006d","buildName":"projects/900456648225/locations/us-central1/builds/c020d2f4-7422-4e40-a452-4e71b2bf1ae3"}}
[debug] [2026-02-13T23:38:19.576Z] Got source token 09f0da63-0ee4-4577-a6b7-093b6fa2006d for region us-central1
[debug] [2026-02-13T23:38:19.593Z] [create-default-us-central1-auditConsultationSessions] Retrying task index 0
[debug] [2026-02-13T23:38:19.593Z] Checked if tokens are valid: true, expires at: 1771027031198
[debug] [2026-02-13T23:38:19.594Z] Checked if tokens are valid: true, expires at: 1771027031198
[debug] [2026-02-13T23:38:19.594Z] >>> [apiv2][query] GET https://cloudfunctions.googleapis.com/v1/operations/cHJvamVjdHMvbGl2ZWtpdC01ZWVmNi9sb2NhdGlvbnMvdXMtY2VudHJhbDEvb3BlcmF0aW9ucy9vcGVyYXRpb24tMTc3MTAyNTg5MzU2My02NGFiZDE5NDYxZGUyLTZmMGM3YzBlLWViNDdmMjZh [none]
[debug] [2026-02-13T23:38:19.598Z] <<< [apiv2][status] GET https://cloudfunctions.googleapis.com/v1/operations/cHJvamVjdHMvbGl2ZWtpdC01ZWVmNi9sb2NhdGlvbnMvdXMtY2VudHJhbDEvb3BlcmF0aW9ucy9vcGVyYXRpb24tMTc3MTAyNTg5MzQ3MS02NGFiZDE5NDRiNmFmLTVkMWI5M2U1LTNiMDg3Mjc4 503
[debug] [2026-02-13T23:38:19.598Z] <<< [apiv2][body] GET https://cloudfunctions.googleapis.com/v1/operations/cHJvamVjdHMvbGl2ZWtpdC01ZWVmNi9sb2NhdGlvbnMvdXMtY2VudHJhbDEvb3BlcmF0aW9ucy9vcGVyYXRpb24tMTc3MTAyNTg5MzQ3MS02NGFiZDE5NDRiNmFmLTVkMWI5M2U1LTNiMDg3Mjc4 {"error":{"code":503,"message":"The service is currently unavailable.","status":"UNAVAILABLE"}}
[debug] [2026-02-13T23:38:19.730Z] [create-default-us-central1-auditConsultationSessionEvents] Retrying task index 0
[debug] [2026-02-13T23:38:19.731Z] Checked if tokens are valid: true, expires at: 1771027031198
[debug] [2026-02-13T23:38:19.731Z] Checked if tokens are valid: true, expires at: 1771027031198
[debug] [2026-02-13T23:38:19.731Z] >>> [apiv2][query] GET https://cloudfunctions.googleapis.com/v1/operations/cHJvamVjdHMvbGl2ZWtpdC01ZWVmNi9sb2NhdGlvbnMvdXMtY2VudHJhbDEvb3BlcmF0aW9ucy9vcGVyYXRpb24tMTc3MTAyNTg5MzU1Mi02NGFiZDE5NDVmMzU4LTIzZTA4M2JlLTEzMjgzZjBm [none]
[debug] [2026-02-13T23:38:19.762Z] [create-default-us-central1-manualDeleteSummary] Retrying task index 0
[debug] [2026-02-13T23:38:19.763Z] Checked if tokens are valid: true, expires at: 1771027031198
[debug] [2026-02-13T23:38:19.763Z] Checked if tokens are valid: true, expires at: 1771027031198
[debug] [2026-02-13T23:38:19.763Z] >>> [apiv2][query] GET https://cloudfunctions.googleapis.com/v1/operations/cHJvamVjdHMvbGl2ZWtpdC01ZWVmNi9sb2NhdGlvbnMvdXMtY2VudHJhbDEvb3BlcmF0aW9ucy9vcGVyYXRpb24tMTc3MTAyNTg5MzQxOS02NGFiZDE5NDNlOTE3LTMxMGM0M2MwLTQyMDljMGVi [none]
[debug] [2026-02-13T23:38:19.777Z] [create-default-us-central1-autoDeleteSummaries] Retrying task index 0
[debug] [2026-02-13T23:38:19.778Z] Checked if tokens are valid: true, expires at: 1771027031198
[debug] [2026-02-13T23:38:19.778Z] Checked if tokens are valid: true, expires at: 1771027031198
[debug] [2026-02-13T23:38:19.778Z] >>> [apiv2][query] GET https://cloudfunctions.googleapis.com/v1/operations/cHJvamVjdHMvbGl2ZWtpdC01ZWVmNi9sb2NhdGlvbnMvdXMtY2VudHJhbDEvb3BlcmF0aW9ucy9vcGVyYXRpb24tMTc3MTAyNTg5MzU0Ny02NGFiZDE5NDVkZTRhLTg5OTgzODU5LTlkZWU3MTM1 [none]
[debug] [2026-02-13T23:38:19.778Z] [create-default-us-central1-auditWaitingPatients] Retrying task index 0
[debug] [2026-02-13T23:38:19.778Z] Checked if tokens are valid: true, expires at: 1771027031198
[debug] [2026-02-13T23:38:19.778Z] Checked if tokens are valid: true, expires at: 1771027031198
[debug] [2026-02-13T23:38:19.779Z] >>> [apiv2][query] GET https://cloudfunctions.googleapis.com/v1/operations/cHJvamVjdHMvbGl2ZWtpdC01ZWVmNi9sb2NhdGlvbnMvdXMtY2VudHJhbDEvb3BlcmF0aW9ucy9vcGVyYXRpb24tMTc3MTAyNTg5MzU0NS02NGFiZDE5NDVkNzhjLTE4OTFkYzM4LTM5MjllYzJm [none]
[debug] [2026-02-13T23:38:19.809Z] [create-default-us-central1-auditUsers] Retrying task index 0
[debug] [2026-02-13T23:38:19.809Z] Checked if tokens are valid: true, expires at: 1771027031198
[debug] [2026-02-13T23:38:19.809Z] Checked if tokens are valid: true, expires at: 1771027031198
[debug] [2026-02-13T23:38:19.809Z] >>> [apiv2][query] GET https://cloudfunctions.googleapis.com/v1/operations/cHJvamVjdHMvbGl2ZWtpdC01ZWVmNi9sb2NhdGlvbnMvdXMtY2VudHJhbDEvb3BlcmF0aW9ucy9vcGVyYXRpb24tMTc3MTAyNTg5MzQ1MS02NGFiZDE5NDQ2OGEwLWU2MWRlOWZmLTYyNTc5NzI4 [none]
[debug] [2026-02-13T23:38:19.824Z] [create-default-us-central1-auditCallSummaries] Retrying task index 0
[debug] [2026-02-13T23:38:19.825Z] Checked if tokens are valid: true, expires at: 1771027031198
[debug] [2026-02-13T23:38:19.825Z] Checked if tokens are valid: true, expires at: 1771027031198
[debug] [2026-02-13T23:38:19.825Z] >>> [apiv2][query] GET https://cloudfunctions.googleapis.com/v1/operations/cHJvamVjdHMvbGl2ZWtpdC01ZWVmNi9sb2NhdGlvbnMvdXMtY2VudHJhbDEvb3BlcmF0aW9ucy9vcGVyYXRpb24tMTc3MTAyNTg5MzU0Mi02NGFiZDE5NDVjOGQzLTUxNWMwMjNlLWU5MGQ2Nzcz [none]
[debug] [2026-02-13T23:38:19.825Z] [create-default-us-central1-auditInvitations] Retrying task index 0
[debug] [2026-02-13T23:38:19.826Z] Checked if tokens are valid: true, expires at: 1771027031198
[debug] [2026-02-13T23:38:19.826Z] Checked if tokens are valid: true, expires at: 1771027031198
[debug] [2026-02-13T23:38:19.826Z] >>> [apiv2][query] GET https://cloudfunctions.googleapis.com/v1/operations/cHJvamVjdHMvbGl2ZWtpdC01ZWVmNi9sb2NhdGlvbnMvdXMtY2VudHJhbDEvb3BlcmF0aW9ucy9vcGVyYXRpb24tMTc3MTAyNTg5MzU0NS02NGFiZDE5NDVkNzgwLWYwMTcwNTI2LWI0NWFmYjVj [none]
[debug] [2026-02-13T23:38:19.870Z] [create-default-us-central1-auditConsultationDocuments] Retrying task index 0
[debug] [2026-02-13T23:38:19.870Z] Checked if tokens are valid: true, expires at: 1771027031198
[debug] [2026-02-13T23:38:19.870Z] Checked if tokens are valid: true, expires at: 1771027031198
[debug] [2026-02-13T23:38:19.871Z] >>> [apiv2][query] GET https://cloudfunctions.googleapis.com/v1/operations/cHJvamVjdHMvbGl2ZWtpdC01ZWVmNi9sb2NhdGlvbnMvdXMtY2VudHJhbDEvb3BlcmF0aW9ucy9vcGVyYXRpb24tMTc3MTAyNTg5MzU2OC02NGFiZDE5NDYyZTg5LTRmNmFmMmJlLWQ0MzAyODky [none]
[debug] [2026-02-13T23:38:19.933Z] <<< [apiv2][status] GET https://cloudfunctions.googleapis.com/v1/operations/cHJvamVjdHMvbGl2ZWtpdC01ZWVmNi9sb2NhdGlvbnMvdXMtY2VudHJhbDEvb3BlcmF0aW9ucy9vcGVyYXRpb24tMTc3MTAyNTg5MzU2My02NGFiZDE5NDYxZGUyLTZmMGM3YzBlLWViNDdmMjZh 200
[debug] [2026-02-13T23:38:19.933Z] <<< [apiv2][body] GET https://cloudfunctions.googleapis.com/v1/operations/cHJvamVjdHMvbGl2ZWtpdC01ZWVmNi9sb2NhdGlvbnMvdXMtY2VudHJhbDEvb3BlcmF0aW9ucy9vcGVyYXRpb24tMTc3MTAyNTg5MzU2My02NGFiZDE5NDYxZGUyLTZmMGM3YzBlLWViNDdmMjZh {"name":"operations/cHJvamVjdHMvbGl2ZWtpdC01ZWVmNi9sb2NhdGlvbnMvdXMtY2VudHJhbDEvb3BlcmF0aW9ucy9vcGVyYXRpb24tMTc3MTAyNTg5MzU2My02NGFiZDE5NDYxZGUyLTZmMGM3YzBlLWViNDdmMjZh","metadata":{"@type":"type.googleapis.com/google.cloud.functions.v1.OperationMetadataV1","target":"projects/livekit-5eef6/locations/us-central1/functions/auditConsultationSessions","type":"CREATE_FUNCTION","request":{"@type":"type.googleapis.com/google.cloud.functions.v1.CloudFunction","name":"projects/livekit-5eef6/locations/us-central1/functions/auditConsultationSessions","eventTrigger":{"eventType":"providers/cloud.firestore/eventTypes/document.write","resource":"projects/livekit-5eef6/databases/(default)/documents/consultationSessions/{documentId}","failurePolicy":{}},"entryPoint":"auditConsultationSessions","updateTime":"1970-01-01T00:00:00Z","labels":{"deployment-tool":"cli-firebase","firebase-functions-hash":"c79278fe1212f3620dc3f2174b932608249c5093"},"sourceUploadUrl":"https://storage.googleapis.com/uploads-260470608838.us-central1.cloudfunctions.appspot.com/756b0ede-c3c7-4f95-8e3e-99bcc5d3d9ec.zip?GoogleAccessId=service-900456648225@gcf-admin-robot.iam.gserviceaccount.com&Expires=1771027619&Signature=edHfs8TKShJMp0UGAHn9BOBlWWD0iwlwyRDtYibakuW5A57R%2F%2Bz3qWbSUVsKjjvUKW9mvXyuVaU47VdWLN%2BRLhOUWmLYQM3uu6u2MMFc21wL5QKzNP9LYxwyC6B1UDT8YOYFPMTtxBr5eQVgar4FQAXiCXyINu%2B3NLN19xaHOkVhb4sRNm11aAFmhSKUOw8ptS%2BleFa8WhG%2FVFO2et0ZgvAsJrkatfIb2291TM7e53Voak5xM4cH0ZkkFWs%2FtJ5MGW%2BpEhkhVwiZnH9gTAJEiUj%2BBHB6l%2FrpMOhkpiPoVrLTfGmuO6%2Fiwmk7e%2BB7g%2BMFs2qNhT7vR0LN2FvZoayv0g%3D%3D","environmentVariables":{"FIREBASE_CONFIG":"{\"projectId\":\"livekit-5eef6\",\"storageBucket\":\"livekit-5eef6.firebasestorage.app\"}","GCLOUD_PROJECT":"livekit-5eef6","EVENTARC_CLOUD_EVENT_SOURCE":"projects/livekit-5eef6/locations/us-central1/functions/auditConsultationSessions"},"runtime":"nodejs22","buildEnvironmentVariables":{"GOOGLE_NODE_RUN_SCRIPTS":""},"sourceToken":"09f0da63-0ee4-4577-a6b7-093b6fa2006d","dockerRegistry":"ARTIFACT_REGISTRY"},"versionId":"1","updateTime":"2026-02-13T23:38:13.904256038Z","buildId":"c020d2f4-7422-4e40-a452-4e71b2bf1ae3","sourceToken":"09f0da63-0ee4-4577-a6b7-093b6fa2006d","buildName":"projects/900456648225/locations/us-central1/builds/c020d2f4-7422-4e40-a452-4e71b2bf1ae3"}}
[debug] [2026-02-13T23:38:19.933Z] Got source token 09f0da63-0ee4-4577-a6b7-093b6fa2006d for region us-central1
[debug] [2026-02-13T23:38:20.107Z] <<< [apiv2][status] GET https://cloudfunctions.googleapis.com/v1/operations/cHJvamVjdHMvbGl2ZWtpdC01ZWVmNi9sb2NhdGlvbnMvdXMtY2VudHJhbDEvb3BlcmF0aW9ucy9vcGVyYXRpb24tMTc3MTAyNTg5MzQ1MS02NGFiZDE5NDQ2OGEwLWU2MWRlOWZmLTYyNTc5NzI4 200
[debug] [2026-02-13T23:38:20.107Z] <<< [apiv2][body] GET https://cloudfunctions.googleapis.com/v1/operations/cHJvamVjdHMvbGl2ZWtpdC01ZWVmNi9sb2NhdGlvbnMvdXMtY2VudHJhbDEvb3BlcmF0aW9ucy9vcGVyYXRpb24tMTc3MTAyNTg5MzQ1MS02NGFiZDE5NDQ2OGEwLWU2MWRlOWZmLTYyNTc5NzI4 {"name":"operations/cHJvamVjdHMvbGl2ZWtpdC01ZWVmNi9sb2NhdGlvbnMvdXMtY2VudHJhbDEvb3BlcmF0aW9ucy9vcGVyYXRpb24tMTc3MTAyNTg5MzQ1MS02NGFiZDE5NDQ2OGEwLWU2MWRlOWZmLTYyNTc5NzI4","metadata":{"@type":"type.googleapis.com/google.cloud.functions.v1.OperationMetadataV1","target":"projects/livekit-5eef6/locations/us-central1/functions/auditUsers","type":"CREATE_FUNCTION","request":{"@type":"type.googleapis.com/google.cloud.functions.v1.CloudFunction","name":"projects/livekit-5eef6/locations/us-central1/functions/auditUsers","eventTrigger":{"eventType":"providers/cloud.firestore/eventTypes/document.write","resource":"projects/livekit-5eef6/databases/(default)/documents/users/{documentId}","failurePolicy":{}},"entryPoint":"auditUsers","updateTime":"1970-01-01T00:00:00Z","labels":{"deployment-tool":"cli-firebase","firebase-functions-hash":"c79278fe1212f3620dc3f2174b932608249c5093"},"sourceUploadUrl":"https://storage.googleapis.com/uploads-260470608838.us-central1.cloudfunctions.appspot.com/756b0ede-c3c7-4f95-8e3e-99bcc5d3d9ec.zip?GoogleAccessId=service-900456648225@gcf-admin-robot.iam.gserviceaccount.com&Expires=1771027619&Signature=edHfs8TKShJMp0UGAHn9BOBlWWD0iwlwyRDtYibakuW5A57R%2F%2Bz3qWbSUVsKjjvUKW9mvXyuVaU47VdWLN%2BRLhOUWmLYQM3uu6u2MMFc21wL5QKzNP9LYxwyC6B1UDT8YOYFPMTtxBr5eQVgar4FQAXiCXyINu%2B3NLN19xaHOkVhb4sRNm11aAFmhSKUOw8ptS%2BleFa8WhG%2FVFO2et0ZgvAsJrkatfIb2291TM7e53Voak5xM4cH0ZkkFWs%2FtJ5MGW%2BpEhkhVwiZnH9gTAJEiUj%2BBHB6l%2FrpMOhkpiPoVrLTfGmuO6%2Fiwmk7e%2BB7g%2BMFs2qNhT7vR0LN2FvZoayv0g%3D%3D","environmentVariables":{"FIREBASE_CONFIG":"{\"projectId\":\"livekit-5eef6\",\"storageBucket\":\"livekit-5eef6.firebasestorage.app\"}","GCLOUD_PROJECT":"livekit-5eef6","EVENTARC_CLOUD_EVENT_SOURCE":"projects/livekit-5eef6/locations/us-central1/functions/auditUsers"},"runtime":"nodejs22","buildEnvironmentVariables":{"GOOGLE_NODE_RUN_SCRIPTS":""},"sourceToken":"09f0da63-0ee4-4577-a6b7-093b6fa2006d","dockerRegistry":"ARTIFACT_REGISTRY"},"versionId":"1","updateTime":"2026-02-13T23:38:13.891610908Z","buildId":"c020d2f4-7422-4e40-a452-4e71b2bf1ae3","sourceToken":"09f0da63-0ee4-4577-a6b7-093b6fa2006d","buildName":"projects/900456648225/locations/us-central1/builds/c020d2f4-7422-4e40-a452-4e71b2bf1ae3"}}
[debug] [2026-02-13T23:38:20.108Z] Got source token 09f0da63-0ee4-4577-a6b7-093b6fa2006d for region us-central1
[debug] [2026-02-13T23:38:20.110Z] <<< [apiv2][status] GET https://cloudfunctions.googleapis.com/v1/operations/cHJvamVjdHMvbGl2ZWtpdC01ZWVmNi9sb2NhdGlvbnMvdXMtY2VudHJhbDEvb3BlcmF0aW9ucy9vcGVyYXRpb24tMTc3MTAyNTg5MzU0Ny02NGFiZDE5NDVkZTRhLTg5OTgzODU5LTlkZWU3MTM1 200
[debug] [2026-02-13T23:38:20.110Z] <<< [apiv2][body] GET https://cloudfunctions.googleapis.com/v1/operations/cHJvamVjdHMvbGl2ZWtpdC01ZWVmNi9sb2NhdGlvbnMvdXMtY2VudHJhbDEvb3BlcmF0aW9ucy9vcGVyYXRpb24tMTc3MTAyNTg5MzU0Ny02NGFiZDE5NDVkZTRhLTg5OTgzODU5LTlkZWU3MTM1 {"name":"operations/cHJvamVjdHMvbGl2ZWtpdC01ZWVmNi9sb2NhdGlvbnMvdXMtY2VudHJhbDEvb3BlcmF0aW9ucy9vcGVyYXRpb24tMTc3MTAyNTg5MzU0Ny02NGFiZDE5NDVkZTRhLTg5OTgzODU5LTlkZWU3MTM1","metadata":{"@type":"type.googleapis.com/google.cloud.functions.v1.OperationMetadataV1","target":"projects/livekit-5eef6/locations/us-central1/functions/autoDeleteSummaries","type":"CREATE_FUNCTION","request":{"@type":"type.googleapis.com/google.cloud.functions.v1.CloudFunction","name":"projects/livekit-5eef6/locations/us-central1/functions/autoDeleteSummaries","eventTrigger":{"eventType":"google.pubsub.topic.publish","resource":"projects/livekit-5eef6/topics/firebase-schedule-autoDeleteSummaries-us-central1","failurePolicy":{}},"entryPoint":"autoDeleteSummaries","updateTime":"1970-01-01T00:00:00Z","labels":{"deployment-tool":"cli-firebase","deployment-scheduled":"true","firebase-functions-hash":"c79278fe1212f3620dc3f2174b932608249c5093"},"sourceUploadUrl":"https://storage.googleapis.com/uploads-260470608838.us-central1.cloudfunctions.appspot.com/756b0ede-c3c7-4f95-8e3e-99bcc5d3d9ec.zip?GoogleAccessId=service-900456648225@gcf-admin-robot.iam.gserviceaccount.com&Expires=1771027619&Signature=edHfs8TKShJMp0UGAHn9BOBlWWD0iwlwyRDtYibakuW5A57R%2F%2Bz3qWbSUVsKjjvUKW9mvXyuVaU47VdWLN%2BRLhOUWmLYQM3uu6u2MMFc21wL5QKzNP9LYxwyC6B1UDT8YOYFPMTtxBr5eQVgar4FQAXiCXyINu%2B3NLN19xaHOkVhb4sRNm11aAFmhSKUOw8ptS%2BleFa8WhG%2FVFO2et0ZgvAsJrkatfIb2291TM7e53Voak5xM4cH0ZkkFWs%2FtJ5MGW%2BpEhkhVwiZnH9gTAJEiUj%2BBHB6l%2FrpMOhkpiPoVrLTfGmuO6%2Fiwmk7e%2BB7g%2BMFs2qNhT7vR0LN2FvZoayv0g%3D%3D","environmentVariables":{"FIREBASE_CONFIG":"{\"projectId\":\"livekit-5eef6\",\"storageBucket\":\"livekit-5eef6.firebasestorage.app\"}","GCLOUD_PROJECT":"livekit-5eef6","EVENTARC_CLOUD_EVENT_SOURCE":"projects/livekit-5eef6/locations/us-central1/functions/autoDeleteSummaries"},"runtime":"nodejs22","buildEnvironmentVariables":{"GOOGLE_NODE_RUN_SCRIPTS":""},"sourceToken":"09f0da63-0ee4-4577-a6b7-093b6fa2006d","dockerRegistry":"ARTIFACT_REGISTRY"},"versionId":"1","updateTime":"2026-02-13T23:38:13.896670073Z","buildId":"c020d2f4-7422-4e40-a452-4e71b2bf1ae3","sourceToken":"09f0da63-0ee4-4577-a6b7-093b6fa2006d","buildName":"projects/900456648225/locations/us-central1/builds/c020d2f4-7422-4e40-a452-4e71b2bf1ae3"}}
[debug] [2026-02-13T23:38:20.110Z] Got source token 09f0da63-0ee4-4577-a6b7-093b6fa2006d for region us-central1
[debug] [2026-02-13T23:38:20.194Z] <<< [apiv2][status] GET https://cloudfunctions.googleapis.com/v1/operations/cHJvamVjdHMvbGl2ZWtpdC01ZWVmNi9sb2NhdGlvbnMvdXMtY2VudHJhbDEvb3BlcmF0aW9ucy9vcGVyYXRpb24tMTc3MTAyNTg5MzU1Mi02NGFiZDE5NDVmMzU4LTIzZTA4M2JlLTEzMjgzZjBm 200
[debug] [2026-02-13T23:38:20.194Z] <<< [apiv2][body] GET https://cloudfunctions.googleapis.com/v1/operations/cHJvamVjdHMvbGl2ZWtpdC01ZWVmNi9sb2NhdGlvbnMvdXMtY2VudHJhbDEvb3BlcmF0aW9ucy9vcGVyYXRpb24tMTc3MTAyNTg5MzU1Mi02NGFiZDE5NDVmMzU4LTIzZTA4M2JlLTEzMjgzZjBm {"name":"operations/cHJvamVjdHMvbGl2ZWtpdC01ZWVmNi9sb2NhdGlvbnMvdXMtY2VudHJhbDEvb3BlcmF0aW9ucy9vcGVyYXRpb24tMTc3MTAyNTg5MzU1Mi02NGFiZDE5NDVmMzU4LTIzZTA4M2JlLTEzMjgzZjBm","metadata":{"@type":"type.googleapis.com/google.cloud.functions.v1.OperationMetadataV1","target":"projects/livekit-5eef6/locations/us-central1/functions/auditConsultationSessionEvents","type":"CREATE_FUNCTION","request":{"@type":"type.googleapis.com/google.cloud.functions.v1.CloudFunction","name":"projects/livekit-5eef6/locations/us-central1/functions/auditConsultationSessionEvents","eventTrigger":{"eventType":"providers/cloud.firestore/eventTypes/document.write","resource":"projects/livekit-5eef6/databases/(default)/documents/consultationSessions/{consultationSessionId}/events/{eventId}","failurePolicy":{}},"entryPoint":"auditConsultationSessionEvents","updateTime":"1970-01-01T00:00:00Z","labels":{"deployment-tool":"cli-firebase","firebase-functions-hash":"c79278fe1212f3620dc3f2174b932608249c5093"},"sourceUploadUrl":"https://storage.googleapis.com/uploads-260470608838.us-central1.cloudfunctions.appspot.com/756b0ede-c3c7-4f95-8e3e-99bcc5d3d9ec.zip?GoogleAccessId=service-900456648225@gcf-admin-robot.iam.gserviceaccount.com&Expires=1771027619&Signature=edHfs8TKShJMp0UGAHn9BOBlWWD0iwlwyRDtYibakuW5A57R%2F%2Bz3qWbSUVsKjjvUKW9mvXyuVaU47VdWLN%2BRLhOUWmLYQM3uu6u2MMFc21wL5QKzNP9LYxwyC6B1UDT8YOYFPMTtxBr5eQVgar4FQAXiCXyINu%2B3NLN19xaHOkVhb4sRNm11aAFmhSKUOw8ptS%2BleFa8WhG%2FVFO2et0ZgvAsJrkatfIb2291TM7e53Voak5xM4cH0ZkkFWs%2FtJ5MGW%2BpEhkhVwiZnH9gTAJEiUj%2BBHB6l%2FrpMOhkpiPoVrLTfGmuO6%2Fiwmk7e%2BB7g%2BMFs2qNhT7vR0LN2FvZoayv0g%3D%3D","environmentVariables":{"FIREBASE_CONFIG":"{\"projectId\":\"livekit-5eef6\",\"storageBucket\":\"livekit-5eef6.firebasestorage.app\"}","GCLOUD_PROJECT":"livekit-5eef6","EVENTARC_CLOUD_EVENT_SOURCE":"projects/livekit-5eef6/locations/us-central1/functions/auditConsultationSessionEvents"},"runtime":"nodejs22","buildEnvironmentVariables":{"GOOGLE_NODE_RUN_SCRIPTS":""},"sourceToken":"09f0da63-0ee4-4577-a6b7-093b6fa2006d","dockerRegistry":"ARTIFACT_REGISTRY"},"versionId":"1","updateTime":"2026-02-13T23:38:13.913531798Z","buildId":"c020d2f4-7422-4e40-a452-4e71b2bf1ae3","sourceToken":"09f0da63-0ee4-4577-a6b7-093b6fa2006d","buildName":"projects/900456648225/locations/us-central1/builds/c020d2f4-7422-4e40-a452-4e71b2bf1ae3"}}
[debug] [2026-02-13T23:38:20.194Z] Got source token 09f0da63-0ee4-4577-a6b7-093b6fa2006d for region us-central1
[debug] [2026-02-13T23:38:20.260Z] <<< [apiv2][status] GET https://cloudfunctions.googleapis.com/v1/operations/cHJvamVjdHMvbGl2ZWtpdC01ZWVmNi9sb2NhdGlvbnMvdXMtY2VudHJhbDEvb3BlcmF0aW9ucy9vcGVyYXRpb24tMTc3MTAyNTg5MzU0NS02NGFiZDE5NDVkNzhjLTE4OTFkYzM4LTM5MjllYzJm 200
[debug] [2026-02-13T23:38:20.260Z] <<< [apiv2][body] GET https://cloudfunctions.googleapis.com/v1/operations/cHJvamVjdHMvbGl2ZWtpdC01ZWVmNi9sb2NhdGlvbnMvdXMtY2VudHJhbDEvb3BlcmF0aW9ucy9vcGVyYXRpb24tMTc3MTAyNTg5MzU0NS02NGFiZDE5NDVkNzhjLTE4OTFkYzM4LTM5MjllYzJm {"name":"operations/cHJvamVjdHMvbGl2ZWtpdC01ZWVmNi9sb2NhdGlvbnMvdXMtY2VudHJhbDEvb3BlcmF0aW9ucy9vcGVyYXRpb24tMTc3MTAyNTg5MzU0NS02NGFiZDE5NDVkNzhjLTE4OTFkYzM4LTM5MjllYzJm","metadata":{"@type":"type.googleapis.com/google.cloud.functions.v1.OperationMetadataV1","target":"projects/livekit-5eef6/locations/us-central1/functions/auditWaitingPatients","type":"CREATE_FUNCTION","request":{"@type":"type.googleapis.com/google.cloud.functions.v1.CloudFunction","name":"projects/livekit-5eef6/locations/us-central1/functions/auditWaitingPatients","eventTrigger":{"eventType":"providers/cloud.firestore/eventTypes/document.write","resource":"projects/livekit-5eef6/databases/(default)/documents/waitingPatients/{documentId}","failurePolicy":{}},"entryPoint":"auditWaitingPatients","updateTime":"1970-01-01T00:00:00Z","labels":{"deployment-tool":"cli-firebase","firebase-functions-hash":"c79278fe1212f3620dc3f2174b932608249c5093"},"sourceUploadUrl":"https://storage.googleapis.com/uploads-260470608838.us-central1.cloudfunctions.appspot.com/756b0ede-c3c7-4f95-8e3e-99bcc5d3d9ec.zip?GoogleAccessId=service-900456648225@gcf-admin-robot.iam.gserviceaccount.com&Expires=1771027619&Signature=edHfs8TKShJMp0UGAHn9BOBlWWD0iwlwyRDtYibakuW5A57R%2F%2Bz3qWbSUVsKjjvUKW9mvXyuVaU47VdWLN%2BRLhOUWmLYQM3uu6u2MMFc21wL5QKzNP9LYxwyC6B1UDT8YOYFPMTtxBr5eQVgar4FQAXiCXyINu%2B3NLN19xaHOkVhb4sRNm11aAFmhSKUOw8ptS%2BleFa8WhG%2FVFO2et0ZgvAsJrkatfIb2291TM7e53Voak5xM4cH0ZkkFWs%2FtJ5MGW%2BpEhkhVwiZnH9gTAJEiUj%2BBHB6l%2FrpMOhkpiPoVrLTfGmuO6%2Fiwmk7e%2BB7g%2BMFs2qNhT7vR0LN2FvZoayv0g%3D%3D","environmentVariables":{"FIREBASE_CONFIG":"{\"projectId\":\"livekit-5eef6\",\"storageBucket\":\"livekit-5eef6.firebasestorage.app\"}","GCLOUD_PROJECT":"livekit-5eef6","EVENTARC_CLOUD_EVENT_SOURCE":"projects/livekit-5eef6/locations/us-central1/functions/auditWaitingPatients"},"runtime":"nodejs22","buildEnvironmentVariables":{"GOOGLE_NODE_RUN_SCRIPTS":""},"sourceToken":"09f0da63-0ee4-4577-a6b7-093b6fa2006d","dockerRegistry":"ARTIFACT_REGISTRY"},"versionId":"1","updateTime":"2026-02-13T23:38:13.890900703Z","buildId":"c020d2f4-7422-4e40-a452-4e71b2bf1ae3","sourceToken":"09f0da63-0ee4-4577-a6b7-093b6fa2006d","buildName":"projects/900456648225/locations/us-central1/builds/c020d2f4-7422-4e40-a452-4e71b2bf1ae3"}}
[debug] [2026-02-13T23:38:20.261Z] Got source token 09f0da63-0ee4-4577-a6b7-093b6fa2006d for region us-central1
[debug] [2026-02-13T23:38:20.270Z] <<< [apiv2][status] GET https://cloudfunctions.googleapis.com/v1/operations/cHJvamVjdHMvbGl2ZWtpdC01ZWVmNi9sb2NhdGlvbnMvdXMtY2VudHJhbDEvb3BlcmF0aW9ucy9vcGVyYXRpb24tMTc3MTAyNTg5MzQxOS02NGFiZDE5NDNlOTE3LTMxMGM0M2MwLTQyMDljMGVi 200
[debug] [2026-02-13T23:38:20.270Z] <<< [apiv2][body] GET https://cloudfunctions.googleapis.com/v1/operations/cHJvamVjdHMvbGl2ZWtpdC01ZWVmNi9sb2NhdGlvbnMvdXMtY2VudHJhbDEvb3BlcmF0aW9ucy9vcGVyYXRpb24tMTc3MTAyNTg5MzQxOS02NGFiZDE5NDNlOTE3LTMxMGM0M2MwLTQyMDljMGVi {"name":"operations/cHJvamVjdHMvbGl2ZWtpdC01ZWVmNi9sb2NhdGlvbnMvdXMtY2VudHJhbDEvb3BlcmF0aW9ucy9vcGVyYXRpb24tMTc3MTAyNTg5MzQxOS02NGFiZDE5NDNlOTE3LTMxMGM0M2MwLTQyMDljMGVi","metadata":{"@type":"type.googleapis.com/google.cloud.functions.v1.OperationMetadataV1","target":"projects/livekit-5eef6/locations/us-central1/functions/manualDeleteSummary","type":"CREATE_FUNCTION","request":{"@type":"type.googleapis.com/google.cloud.functions.v1.CloudFunction","name":"projects/livekit-5eef6/locations/us-central1/functions/manualDeleteSummary","httpsTrigger":{"securityLevel":"SECURE_ALWAYS"},"entryPoint":"manualDeleteSummary","updateTime":"1970-01-01T00:00:00Z","labels":{"deployment-tool":"cli-firebase","deployment-callable":"true","firebase-functions-hash":"c79278fe1212f3620dc3f2174b932608249c5093"},"sourceUploadUrl":"https://storage.googleapis.com/uploads-260470608838.us-central1.cloudfunctions.appspot.com/756b0ede-c3c7-4f95-8e3e-99bcc5d3d9ec.zip?GoogleAccessId=service-900456648225@gcf-admin-robot.iam.gserviceaccount.com&Expires=1771027619&Signature=edHfs8TKShJMp0UGAHn9BOBlWWD0iwlwyRDtYibakuW5A57R%2F%2Bz3qWbSUVsKjjvUKW9mvXyuVaU47VdWLN%2BRLhOUWmLYQM3uu6u2MMFc21wL5QKzNP9LYxwyC6B1UDT8YOYFPMTtxBr5eQVgar4FQAXiCXyINu%2B3NLN19xaHOkVhb4sRNm11aAFmhSKUOw8ptS%2BleFa8WhG%2FVFO2et0ZgvAsJrkatfIb2291TM7e53Voak5xM4cH0ZkkFWs%2FtJ5MGW%2BpEhkhVwiZnH9gTAJEiUj%2BBHB6l%2FrpMOhkpiPoVrLTfGmuO6%2Fiwmk7e%2BB7g%2BMFs2qNhT7vR0LN2FvZoayv0g%3D%3D","environmentVariables":{"FIREBASE_CONFIG":"{\"projectId\":\"livekit-5eef6\",\"storageBucket\":\"livekit-5eef6.firebasestorage.app\"}","GCLOUD_PROJECT":"livekit-5eef6","EVENTARC_CLOUD_EVENT_SOURCE":"projects/livekit-5eef6/locations/us-central1/functions/manualDeleteSummary"},"runtime":"nodejs22","buildEnvironmentVariables":{"GOOGLE_NODE_RUN_SCRIPTS":""},"sourceToken":"09f0da63-0ee4-4577-a6b7-093b6fa2006d","dockerRegistry":"ARTIFACT_REGISTRY"},"versionId":"1","updateTime":"2026-02-13T23:38:13.847297565Z","buildId":"c020d2f4-7422-4e40-a452-4e71b2bf1ae3","sourceToken":"09f0da63-0ee4-4577-a6b7-093b6fa2006d","buildName":"projects/900456648225/locations/us-central1/builds/c020d2f4-7422-4e40-a452-4e71b2bf1ae3"}}
[debug] [2026-02-13T23:38:20.270Z] Got source token 09f0da63-0ee4-4577-a6b7-093b6fa2006d for region us-central1
[debug] [2026-02-13T23:38:20.280Z] <<< [apiv2][status] GET https://cloudfunctions.googleapis.com/v1/operations/cHJvamVjdHMvbGl2ZWtpdC01ZWVmNi9sb2NhdGlvbnMvdXMtY2VudHJhbDEvb3BlcmF0aW9ucy9vcGVyYXRpb24tMTc3MTAyNTg5MzU0NS02NGFiZDE5NDVkNzgwLWYwMTcwNTI2LWI0NWFmYjVj 200
[debug] [2026-02-13T23:38:20.281Z] <<< [apiv2][body] GET https://cloudfunctions.googleapis.com/v1/operations/cHJvamVjdHMvbGl2ZWtpdC01ZWVmNi9sb2NhdGlvbnMvdXMtY2VudHJhbDEvb3BlcmF0aW9ucy9vcGVyYXRpb24tMTc3MTAyNTg5MzU0NS02NGFiZDE5NDVkNzgwLWYwMTcwNTI2LWI0NWFmYjVj {"name":"operations/cHJvamVjdHMvbGl2ZWtpdC01ZWVmNi9sb2NhdGlvbnMvdXMtY2VudHJhbDEvb3BlcmF0aW9ucy9vcGVyYXRpb24tMTc3MTAyNTg5MzU0NS02NGFiZDE5NDVkNzgwLWYwMTcwNTI2LWI0NWFmYjVj","metadata":{"@type":"type.googleapis.com/google.cloud.functions.v1.OperationMetadataV1","target":"projects/livekit-5eef6/locations/us-central1/functions/auditInvitations","type":"CREATE_FUNCTION","request":{"@type":"type.googleapis.com/google.cloud.functions.v1.CloudFunction","name":"projects/livekit-5eef6/locations/us-central1/functions/auditInvitations","eventTrigger":{"eventType":"providers/cloud.firestore/eventTypes/document.write","resource":"projects/livekit-5eef6/databases/(default)/documents/invitations/{documentId}","failurePolicy":{}},"entryPoint":"auditInvitations","updateTime":"1970-01-01T00:00:00Z","labels":{"deployment-tool":"cli-firebase","firebase-functions-hash":"c79278fe1212f3620dc3f2174b932608249c5093"},"sourceUploadUrl":"https://storage.googleapis.com/uploads-260470608838.us-central1.cloudfunctions.appspot.com/756b0ede-c3c7-4f95-8e3e-99bcc5d3d9ec.zip?GoogleAccessId=service-900456648225@gcf-admin-robot.iam.gserviceaccount.com&Expires=1771027619&Signature=edHfs8TKShJMp0UGAHn9BOBlWWD0iwlwyRDtYibakuW5A57R%2F%2Bz3qWbSUVsKjjvUKW9mvXyuVaU47VdWLN%2BRLhOUWmLYQM3uu6u2MMFc21wL5QKzNP9LYxwyC6B1UDT8YOYFPMTtxBr5eQVgar4FQAXiCXyINu%2B3NLN19xaHOkVhb4sRNm11aAFmhSKUOw8ptS%2BleFa8WhG%2FVFO2et0ZgvAsJrkatfIb2291TM7e53Voak5xM4cH0ZkkFWs%2FtJ5MGW%2BpEhkhVwiZnH9gTAJEiUj%2BBHB6l%2FrpMOhkpiPoVrLTfGmuO6%2Fiwmk7e%2BB7g%2BMFs2qNhT7vR0LN2FvZoayv0g%3D%3D","environmentVariables":{"FIREBASE_CONFIG":"{\"projectId\":\"livekit-5eef6\",\"storageBucket\":\"livekit-5eef6.firebasestorage.app\"}","GCLOUD_PROJECT":"livekit-5eef6","EVENTARC_CLOUD_EVENT_SOURCE":"projects/livekit-5eef6/locations/us-central1/functions/auditInvitations"},"runtime":"nodejs22","buildEnvironmentVariables":{"GOOGLE_NODE_RUN_SCRIPTS":""},"sourceToken":"09f0da63-0ee4-4577-a6b7-093b6fa2006d","dockerRegistry":"ARTIFACT_REGISTRY"},"versionId":"1","updateTime":"2026-02-13T23:38:13.918226832Z","buildId":"c020d2f4-7422-4e40-a452-4e71b2bf1ae3","sourceToken":"09f0da63-0ee4-4577-a6b7-093b6fa2006d","buildName":"projects/900456648225/locations/us-central1/builds/c020d2f4-7422-4e40-a452-4e71b2bf1ae3"}}
[debug] [2026-02-13T23:38:20.281Z] Got source token 09f0da63-0ee4-4577-a6b7-093b6fa2006d for region us-central1
[debug] [2026-02-13T23:38:20.286Z] <<< [apiv2][status] GET https://cloudfunctions.googleapis.com/v1/operations/cHJvamVjdHMvbGl2ZWtpdC01ZWVmNi9sb2NhdGlvbnMvdXMtY2VudHJhbDEvb3BlcmF0aW9ucy9vcGVyYXRpb24tMTc3MTAyNTg5MzU0Mi02NGFiZDE5NDVjOGQzLTUxNWMwMjNlLWU5MGQ2Nzcz 200
[debug] [2026-02-13T23:38:20.286Z] <<< [apiv2][body] GET https://cloudfunctions.googleapis.com/v1/operations/cHJvamVjdHMvbGl2ZWtpdC01ZWVmNi9sb2NhdGlvbnMvdXMtY2VudHJhbDEvb3BlcmF0aW9ucy9vcGVyYXRpb24tMTc3MTAyNTg5MzU0Mi02NGFiZDE5NDVjOGQzLTUxNWMwMjNlLWU5MGQ2Nzcz {"name":"operations/cHJvamVjdHMvbGl2ZWtpdC01ZWVmNi9sb2NhdGlvbnMvdXMtY2VudHJhbDEvb3BlcmF0aW9ucy9vcGVyYXRpb24tMTc3MTAyNTg5MzU0Mi02NGFiZDE5NDVjOGQzLTUxNWMwMjNlLWU5MGQ2Nzcz","metadata":{"@type":"type.googleapis.com/google.cloud.functions.v1.OperationMetadataV1","target":"projects/livekit-5eef6/locations/us-central1/functions/auditCallSummaries","type":"CREATE_FUNCTION","request":{"@type":"type.googleapis.com/google.cloud.functions.v1.CloudFunction","name":"projects/livekit-5eef6/locations/us-central1/functions/auditCallSummaries","eventTrigger":{"eventType":"providers/cloud.firestore/eventTypes/document.write","resource":"projects/livekit-5eef6/databases/(default)/documents/call-summaries/{documentId}","failurePolicy":{}},"entryPoint":"auditCallSummaries","updateTime":"1970-01-01T00:00:00Z","labels":{"deployment-tool":"cli-firebase","firebase-functions-hash":"c79278fe1212f3620dc3f2174b932608249c5093"},"sourceUploadUrl":"https://storage.googleapis.com/uploads-260470608838.us-central1.cloudfunctions.appspot.com/756b0ede-c3c7-4f95-8e3e-99bcc5d3d9ec.zip?GoogleAccessId=service-900456648225@gcf-admin-robot.iam.gserviceaccount.com&Expires=1771027619&Signature=edHfs8TKShJMp0UGAHn9BOBlWWD0iwlwyRDtYibakuW5A57R%2F%2Bz3qWbSUVsKjjvUKW9mvXyuVaU47VdWLN%2BRLhOUWmLYQM3uu6u2MMFc21wL5QKzNP9LYxwyC6B1UDT8YOYFPMTtxBr5eQVgar4FQAXiCXyINu%2B3NLN19xaHOkVhb4sRNm11aAFmhSKUOw8ptS%2BleFa8WhG%2FVFO2et0ZgvAsJrkatfIb2291TM7e53Voak5xM4cH0ZkkFWs%2FtJ5MGW%2BpEhkhVwiZnH9gTAJEiUj%2BBHB6l%2FrpMOhkpiPoVrLTfGmuO6%2Fiwmk7e%2BB7g%2BMFs2qNhT7vR0LN2FvZoayv0g%3D%3D","environmentVariables":{"FIREBASE_CONFIG":"{\"projectId\":\"livekit-5eef6\",\"storageBucket\":\"livekit-5eef6.firebasestorage.app\"}","GCLOUD_PROJECT":"livekit-5eef6","EVENTARC_CLOUD_EVENT_SOURCE":"projects/livekit-5eef6/locations/us-central1/functions/auditCallSummaries"},"runtime":"nodejs22","buildEnvironmentVariables":{"GOOGLE_NODE_RUN_SCRIPTS":""},"sourceToken":"09f0da63-0ee4-4577-a6b7-093b6fa2006d","dockerRegistry":"ARTIFACT_REGISTRY"},"versionId":"1","updateTime":"2026-02-13T23:38:13.921722093Z","buildId":"c020d2f4-7422-4e40-a452-4e71b2bf1ae3","sourceToken":"09f0da63-0ee4-4577-a6b7-093b6fa2006d","buildName":"projects/900456648225/locations/us-central1/builds/c020d2f4-7422-4e40-a452-4e71b2bf1ae3"}}
[debug] [2026-02-13T23:38:20.286Z] Got source token 09f0da63-0ee4-4577-a6b7-093b6fa2006d for region us-central1
[debug] [2026-02-13T23:38:20.347Z] <<< [apiv2][status] GET https://cloudfunctions.googleapis.com/v1/operations/cHJvamVjdHMvbGl2ZWtpdC01ZWVmNi9sb2NhdGlvbnMvdXMtY2VudHJhbDEvb3BlcmF0aW9ucy9vcGVyYXRpb24tMTc3MTAyNTg5MzU2OC02NGFiZDE5NDYyZTg5LTRmNmFmMmJlLWQ0MzAyODky 200
[debug] [2026-02-13T23:38:20.348Z] <<< [apiv2][body] GET https://cloudfunctions.googleapis.com/v1/operations/cHJvamVjdHMvbGl2ZWtpdC01ZWVmNi9sb2NhdGlvbnMvdXMtY2VudHJhbDEvb3BlcmF0aW9ucy9vcGVyYXRpb24tMTc3MTAyNTg5MzU2OC02NGFiZDE5NDYyZTg5LTRmNmFmMmJlLWQ0MzAyODky {"name":"operations/cHJvamVjdHMvbGl2ZWtpdC01ZWVmNi9sb2NhdGlvbnMvdXMtY2VudHJhbDEvb3BlcmF0aW9ucy9vcGVyYXRpb24tMTc3MTAyNTg5MzU2OC02NGFiZDE5NDYyZTg5LTRmNmFmMmJlLWQ0MzAyODky","metadata":{"@type":"type.googleapis.com/google.cloud.functions.v1.OperationMetadataV1","target":"projects/livekit-5eef6/locations/us-central1/functions/auditConsultationDocuments","type":"CREATE_FUNCTION","request":{"@type":"type.googleapis.com/google.cloud.functions.v1.CloudFunction","name":"projects/livekit-5eef6/locations/us-central1/functions/auditConsultationDocuments","eventTrigger":{"eventType":"providers/cloud.firestore/eventTypes/document.write","resource":"projects/livekit-5eef6/databases/(default)/documents/consultations/{documentId}","failurePolicy":{}},"entryPoint":"auditConsultationDocuments","updateTime":"1970-01-01T00:00:00Z","labels":{"deployment-tool":"cli-firebase","firebase-functions-hash":"c79278fe1212f3620dc3f2174b932608249c5093"},"sourceUploadUrl":"https://storage.googleapis.com/uploads-260470608838.us-central1.cloudfunctions.appspot.com/756b0ede-c3c7-4f95-8e3e-99bcc5d3d9ec.zip?GoogleAccessId=service-900456648225@gcf-admin-robot.iam.gserviceaccount.com&Expires=1771027619&Signature=edHfs8TKShJMp0UGAHn9BOBlWWD0iwlwyRDtYibakuW5A57R%2F%2Bz3qWbSUVsKjjvUKW9mvXyuVaU47VdWLN%2BRLhOUWmLYQM3uu6u2MMFc21wL5QKzNP9LYxwyC6B1UDT8YOYFPMTtxBr5eQVgar4FQAXiCXyINu%2B3NLN19xaHOkVhb4sRNm11aAFmhSKUOw8ptS%2BleFa8WhG%2FVFO2et0ZgvAsJrkatfIb2291TM7e53Voak5xM4cH0ZkkFWs%2FtJ5MGW%2BpEhkhVwiZnH9gTAJEiUj%2BBHB6l%2FrpMOhkpiPoVrLTfGmuO6%2Fiwmk7e%2BB7g%2BMFs2qNhT7vR0LN2FvZoayv0g%3D%3D","environmentVariables":{"FIREBASE_CONFIG":"{\"projectId\":\"livekit-5eef6\",\"storageBucket\":\"livekit-5eef6.firebasestorage.app\"}","GCLOUD_PROJECT":"livekit-5eef6","EVENTARC_CLOUD_EVENT_SOURCE":"projects/livekit-5eef6/locations/us-central1/functions/auditConsultationDocuments"},"runtime":"nodejs22","buildEnvironmentVariables":{"GOOGLE_NODE_RUN_SCRIPTS":""},"sourceToken":"09f0da63-0ee4-4577-a6b7-093b6fa2006d","dockerRegistry":"ARTIFACT_REGISTRY"},"versionId":"1","updateTime":"2026-02-13T23:38:13.964706663Z","buildId":"c020d2f4-7422-4e40-a452-4e71b2bf1ae3","sourceToken":"09f0da63-0ee4-4577-a6b7-093b6fa2006d","buildName":"projects/900456648225/locations/us-central1/builds/c020d2f4-7422-4e40-a452-4e71b2bf1ae3"}}
[debug] [2026-02-13T23:38:20.348Z] Got source token 09f0da63-0ee4-4577-a6b7-093b6fa2006d for region us-central1
[debug] [2026-02-13T23:38:23.590Z] [create-default-us-central1-getDeletionStats] Retrying task index 0
[debug] [2026-02-13T23:38:23.590Z] Checked if tokens are valid: true, expires at: 1771027031198
[debug] [2026-02-13T23:38:23.590Z] Checked if tokens are valid: true, expires at: 1771027031198
[debug] [2026-02-13T23:38:23.591Z] >>> [apiv2][query] GET https://cloudfunctions.googleapis.com/v1/operations/cHJvamVjdHMvbGl2ZWtpdC01ZWVmNi9sb2NhdGlvbnMvdXMtY2VudHJhbDEvb3BlcmF0aW9ucy9vcGVyYXRpb24tMTc3MTAyNTg5MzU0NC02NGFiZDE5NDVkMzI5LTg1MzFmNmQ3LTMxN2MxYjJh [none]
[debug] [2026-02-13T23:38:23.605Z] [create-default-us-central1-onRoomEnd] Retrying task index 0
[debug] [2026-02-13T23:38:23.605Z] Checked if tokens are valid: true, expires at: 1771027031198
[debug] [2026-02-13T23:38:23.605Z] Checked if tokens are valid: true, expires at: 1771027031198
[debug] [2026-02-13T23:38:23.605Z] >>> [apiv2][query] GET https://cloudfunctions.googleapis.com/v1/operations/cHJvamVjdHMvbGl2ZWtpdC01ZWVmNi9sb2NhdGlvbnMvdXMtY2VudHJhbDEvb3BlcmF0aW9ucy9vcGVyYXRpb24tMTc3MTAyNTg5MzQ3MS02NGFiZDE5NDRiNmFmLTVkMWI5M2U1LTNiMDg3Mjc4 [none]
[debug] [2026-02-13T23:38:23.901Z] [create-default-us-central1-getJoinToken] Retrying task index 0
[debug] [2026-02-13T23:38:23.901Z] Checked if tokens are valid: true, expires at: 1771027031198
[debug] [2026-02-13T23:38:23.901Z] Checked if tokens are valid: true, expires at: 1771027031198
[debug] [2026-02-13T23:38:23.902Z] >>> [apiv2][query] GET https://cloudfunctions.googleapis.com/v1/operations/cHJvamVjdHMvbGl2ZWtpdC01ZWVmNi9sb2NhdGlvbnMvdXMtY2VudHJhbDEvb3BlcmF0aW9ucy9vcGVyYXRpb24tMTc3MTAyNTgyMTQ5My02NGFiZDE0ZmE2N2ZlLTJmOTdjODQxLWFjOGE3ZDFh [none]
[debug] [2026-02-13T23:38:23.933Z] [create-default-us-central1-auditConsultationSessions] Retrying task index 0
[debug] [2026-02-13T23:38:23.933Z] Checked if tokens are valid: true, expires at: 1771027031198
[debug] [2026-02-13T23:38:23.933Z] Checked if tokens are valid: true, expires at: 1771027031198
[debug] [2026-02-13T23:38:23.933Z] >>> [apiv2][query] GET https://cloudfunctions.googleapis.com/v1/operations/cHJvamVjdHMvbGl2ZWtpdC01ZWVmNi9sb2NhdGlvbnMvdXMtY2VudHJhbDEvb3BlcmF0aW9ucy9vcGVyYXRpb24tMTc3MTAyNTg5MzU2My02NGFiZDE5NDYxZGUyLTZmMGM3YzBlLWViNDdmMjZh [none]
[debug] [2026-02-13T23:38:23.935Z] <<< [apiv2][status] GET https://cloudfunctions.googleapis.com/v1/operations/cHJvamVjdHMvbGl2ZWtpdC01ZWVmNi9sb2NhdGlvbnMvdXMtY2VudHJhbDEvb3BlcmF0aW9ucy9vcGVyYXRpb24tMTc3MTAyNTg5MzU0NC02NGFiZDE5NDVkMzI5LTg1MzFmNmQ3LTMxN2MxYjJh 200
[debug] [2026-02-13T23:38:23.935Z] <<< [apiv2][body] GET https://cloudfunctions.googleapis.com/v1/operations/cHJvamVjdHMvbGl2ZWtpdC01ZWVmNi9sb2NhdGlvbnMvdXMtY2VudHJhbDEvb3BlcmF0aW9ucy9vcGVyYXRpb24tMTc3MTAyNTg5MzU0NC02NGFiZDE5NDVkMzI5LTg1MzFmNmQ3LTMxN2MxYjJh {"name":"operations/cHJvamVjdHMvbGl2ZWtpdC01ZWVmNi9sb2NhdGlvbnMvdXMtY2VudHJhbDEvb3BlcmF0aW9ucy9vcGVyYXRpb24tMTc3MTAyNTg5MzU0NC02NGFiZDE5NDVkMzI5LTg1MzFmNmQ3LTMxN2MxYjJh","metadata":{"@type":"type.googleapis.com/google.cloud.functions.v1.OperationMetadataV1","target":"projects/livekit-5eef6/locations/us-central1/functions/getDeletionStats","type":"CREATE_FUNCTION","request":{"@type":"type.googleapis.com/google.cloud.functions.v1.CloudFunction","name":"projects/livekit-5eef6/locations/us-central1/functions/getDeletionStats","httpsTrigger":{"securityLevel":"SECURE_ALWAYS"},"entryPoint":"getDeletionStats","updateTime":"1970-01-01T00:00:00Z","labels":{"deployment-tool":"cli-firebase","deployment-callable":"true","firebase-functions-hash":"c79278fe1212f3620dc3f2174b932608249c5093"},"sourceUploadUrl":"https://storage.googleapis.com/uploads-260470608838.us-central1.cloudfunctions.appspot.com/756b0ede-c3c7-4f95-8e3e-99bcc5d3d9ec.zip?GoogleAccessId=service-900456648225@gcf-admin-robot.iam.gserviceaccount.com&Expires=1771027619&Signature=edHfs8TKShJMp0UGAHn9BOBlWWD0iwlwyRDtYibakuW5A57R%2F%2Bz3qWbSUVsKjjvUKW9mvXyuVaU47VdWLN%2BRLhOUWmLYQM3uu6u2MMFc21wL5QKzNP9LYxwyC6B1UDT8YOYFPMTtxBr5eQVgar4FQAXiCXyINu%2B3NLN19xaHOkVhb4sRNm11aAFmhSKUOw8ptS%2BleFa8WhG%2FVFO2et0ZgvAsJrkatfIb2291TM7e53Voak5xM4cH0ZkkFWs%2FtJ5MGW%2BpEhkhVwiZnH9gTAJEiUj%2BBHB6l%2FrpMOhkpiPoVrLTfGmuO6%2Fiwmk7e%2BB7g%2BMFs2qNhT7vR0LN2FvZoayv0g%3D%3D","environmentVariables":{"FIREBASE_CONFIG":"{\"projectId\":\"livekit-5eef6\",\"storageBucket\":\"livekit-5eef6.firebasestorage.app\"}","GCLOUD_PROJECT":"livekit-5eef6","EVENTARC_CLOUD_EVENT_SOURCE":"projects/livekit-5eef6/locations/us-central1/functions/getDeletionStats"},"runtime":"nodejs22","buildEnvironmentVariables":{"GOOGLE_NODE_RUN_SCRIPTS":""},"sourceToken":"09f0da63-0ee4-4577-a6b7-093b6fa2006d","dockerRegistry":"ARTIFACT_REGISTRY"},"versionId":"1","updateTime":"2026-02-13T23:38:13.863079734Z","buildId":"c020d2f4-7422-4e40-a452-4e71b2bf1ae3","sourceToken":"09f0da63-0ee4-4577-a6b7-093b6fa2006d","buildName":"projects/900456648225/locations/us-central1/builds/c020d2f4-7422-4e40-a452-4e71b2bf1ae3"}}
[debug] [2026-02-13T23:38:23.935Z] Got source token 09f0da63-0ee4-4577-a6b7-093b6fa2006d for region us-central1
[debug] [2026-02-13T23:38:24.112Z] [create-default-us-central1-auditUsers] Retrying task index 0
[debug] [2026-02-13T23:38:24.112Z] Checked if tokens are valid: true, expires at: 1771027031198
[debug] [2026-02-13T23:38:24.112Z] Checked if tokens are valid: true, expires at: 1771027031198
[debug] [2026-02-13T23:38:24.112Z] >>> [apiv2][query] GET https://cloudfunctions.googleapis.com/v1/operations/cHJvamVjdHMvbGl2ZWtpdC01ZWVmNi9sb2NhdGlvbnMvdXMtY2VudHJhbDEvb3BlcmF0aW9ucy9vcGVyYXRpb24tMTc3MTAyNTg5MzQ1MS02NGFiZDE5NDQ2OGEwLWU2MWRlOWZmLTYyNTc5NzI4 [none]
[debug] [2026-02-13T23:38:24.112Z] [create-default-us-central1-autoDeleteSummaries] Retrying task index 0
[debug] [2026-02-13T23:38:24.112Z] Checked if tokens are valid: true, expires at: 1771027031198
[debug] [2026-02-13T23:38:24.113Z] Checked if tokens are valid: true, expires at: 1771027031198
[debug] [2026-02-13T23:38:24.113Z] >>> [apiv2][query] GET https://cloudfunctions.googleapis.com/v1/operations/cHJvamVjdHMvbGl2ZWtpdC01ZWVmNi9sb2NhdGlvbnMvdXMtY2VudHJhbDEvb3BlcmF0aW9ucy9vcGVyYXRpb24tMTc3MTAyNTg5MzU0Ny02NGFiZDE5NDVkZTRhLTg5OTgzODU5LTlkZWU3MTM1 [none]
[debug] [2026-02-13T23:38:24.114Z] <<< [apiv2][status] GET https://cloudfunctions.googleapis.com/v1/operations/cHJvamVjdHMvbGl2ZWtpdC01ZWVmNi9sb2NhdGlvbnMvdXMtY2VudHJhbDEvb3BlcmF0aW9ucy9vcGVyYXRpb24tMTc3MTAyNTg5MzQ3MS02NGFiZDE5NDRiNmFmLTVkMWI5M2U1LTNiMDg3Mjc4 200
[debug] [2026-02-13T23:38:24.114Z] <<< [apiv2][body] GET https://cloudfunctions.googleapis.com/v1/operations/cHJvamVjdHMvbGl2ZWtpdC01ZWVmNi9sb2NhdGlvbnMvdXMtY2VudHJhbDEvb3BlcmF0aW9ucy9vcGVyYXRpb24tMTc3MTAyNTg5MzQ3MS02NGFiZDE5NDRiNmFmLTVkMWI5M2U1LTNiMDg3Mjc4 {"name":"operations/cHJvamVjdHMvbGl2ZWtpdC01ZWVmNi9sb2NhdGlvbnMvdXMtY2VudHJhbDEvb3BlcmF0aW9ucy9vcGVyYXRpb24tMTc3MTAyNTg5MzQ3MS02NGFiZDE5NDRiNmFmLTVkMWI5M2U1LTNiMDg3Mjc4","metadata":{"@type":"type.googleapis.com/google.cloud.functions.v1.OperationMetadataV1","target":"projects/livekit-5eef6/locations/us-central1/functions/onRoomEnd","type":"CREATE_FUNCTION","request":{"@type":"type.googleapis.com/google.cloud.functions.v1.CloudFunction","name":"projects/livekit-5eef6/locations/us-central1/functions/onRoomEnd","httpsTrigger":{"securityLevel":"SECURE_ALWAYS"},"entryPoint":"onRoomEnd","updateTime":"1970-01-01T00:00:00Z","labels":{"deployment-tool":"cli-firebase","firebase-functions-hash":"c79278fe1212f3620dc3f2174b932608249c5093"},"sourceUploadUrl":"https://storage.googleapis.com/uploads-260470608838.us-central1.cloudfunctions.appspot.com/756b0ede-c3c7-4f95-8e3e-99bcc5d3d9ec.zip?GoogleAccessId=service-900456648225@gcf-admin-robot.iam.gserviceaccount.com&Expires=1771027619&Signature=edHfs8TKShJMp0UGAHn9BOBlWWD0iwlwyRDtYibakuW5A57R%2F%2Bz3qWbSUVsKjjvUKW9mvXyuVaU47VdWLN%2BRLhOUWmLYQM3uu6u2MMFc21wL5QKzNP9LYxwyC6B1UDT8YOYFPMTtxBr5eQVgar4FQAXiCXyINu%2B3NLN19xaHOkVhb4sRNm11aAFmhSKUOw8ptS%2BleFa8WhG%2FVFO2et0ZgvAsJrkatfIb2291TM7e53Voak5xM4cH0ZkkFWs%2FtJ5MGW%2BpEhkhVwiZnH9gTAJEiUj%2BBHB6l%2FrpMOhkpiPoVrLTfGmuO6%2Fiwmk7e%2BB7g%2BMFs2qNhT7vR0LN2FvZoayv0g%3D%3D","environmentVariables":{"FIREBASE_CONFIG":"{\"projectId\":\"livekit-5eef6\",\"storageBucket\":\"livekit-5eef6.firebasestorage.app\"}","GCLOUD_PROJECT":"livekit-5eef6","EVENTARC_CLOUD_EVENT_SOURCE":"projects/livekit-5eef6/locations/us-central1/functions/onRoomEnd"},"runtime":"nodejs22","buildEnvironmentVariables":{"GOOGLE_NODE_RUN_SCRIPTS":""},"sourceToken":"09f0da63-0ee4-4577-a6b7-093b6fa2006d","dockerRegistry":"ARTIFACT_REGISTRY"},"versionId":"1","updateTime":"2026-02-13T23:38:13.838051250Z","buildId":"c020d2f4-7422-4e40-a452-4e71b2bf1ae3","sourceToken":"09f0da63-0ee4-4577-a6b7-093b6fa2006d","buildName":"projects/900456648225/locations/us-central1/builds/c020d2f4-7422-4e40-a452-4e71b2bf1ae3"}}
[debug] [2026-02-13T23:38:24.114Z] Got source token 09f0da63-0ee4-4577-a6b7-093b6fa2006d for region us-central1
[debug] [2026-02-13T23:38:24.197Z] [create-default-us-central1-auditConsultationSessionEvents] Retrying task index 0
[debug] [2026-02-13T23:38:24.197Z] Checked if tokens are valid: true, expires at: 1771027031198
[debug] [2026-02-13T23:38:24.197Z] Checked if tokens are valid: true, expires at: 1771027031198
[debug] [2026-02-13T23:38:24.197Z] >>> [apiv2][query] GET https://cloudfunctions.googleapis.com/v1/operations/cHJvamVjdHMvbGl2ZWtpdC01ZWVmNi9sb2NhdGlvbnMvdXMtY2VudHJhbDEvb3BlcmF0aW9ucy9vcGVyYXRpb24tMTc3MTAyNTg5MzU1Mi02NGFiZDE5NDVmMzU4LTIzZTA4M2JlLTEzMjgzZjBm [none]
[debug] [2026-02-13T23:38:24.260Z] [create-default-us-central1-auditWaitingPatients] Retrying task index 0
[debug] [2026-02-13T23:38:24.260Z] Checked if tokens are valid: true, expires at: 1771027031198
[debug] [2026-02-13T23:38:24.261Z] Checked if tokens are valid: true, expires at: 1771027031198
[debug] [2026-02-13T23:38:24.261Z] >>> [apiv2][query] GET https://cloudfunctions.googleapis.com/v1/operations/cHJvamVjdHMvbGl2ZWtpdC01ZWVmNi9sb2NhdGlvbnMvdXMtY2VudHJhbDEvb3BlcmF0aW9ucy9vcGVyYXRpb24tMTc3MTAyNTg5MzU0NS02NGFiZDE5NDVkNzhjLTE4OTFkYzM4LTM5MjllYzJm [none]
[debug] [2026-02-13T23:38:24.276Z] [create-default-us-central1-manualDeleteSummary] Retrying task index 0
[debug] [2026-02-13T23:38:24.276Z] Checked if tokens are valid: true, expires at: 1771027031198
[debug] [2026-02-13T23:38:24.276Z] Checked if tokens are valid: true, expires at: 1771027031198
[debug] [2026-02-13T23:38:24.276Z] >>> [apiv2][query] GET https://cloudfunctions.googleapis.com/v1/operations/cHJvamVjdHMvbGl2ZWtpdC01ZWVmNi9sb2NhdGlvbnMvdXMtY2VudHJhbDEvb3BlcmF0aW9ucy9vcGVyYXRpb24tMTc3MTAyNTg5MzQxOS02NGFiZDE5NDNlOTE3LTMxMGM0M2MwLTQyMDljMGVi [none]
[debug] [2026-02-13T23:38:24.292Z] [create-default-us-central1-auditInvitations] Retrying task index 0
[debug] [2026-02-13T23:38:24.292Z] Checked if tokens are valid: true, expires at: 1771027031198
[debug] [2026-02-13T23:38:24.292Z] Checked if tokens are valid: true, expires at: 1771027031198
[debug] [2026-02-13T23:38:24.292Z] >>> [apiv2][query] GET https://cloudfunctions.googleapis.com/v1/operations/cHJvamVjdHMvbGl2ZWtpdC01ZWVmNi9sb2NhdGlvbnMvdXMtY2VudHJhbDEvb3BlcmF0aW9ucy9vcGVyYXRpb24tMTc3MTAyNTg5MzU0NS02NGFiZDE5NDVkNzgwLWYwMTcwNTI2LWI0NWFmYjVj [none]
[debug] [2026-02-13T23:38:24.293Z] [create-default-us-central1-auditCallSummaries] Retrying task index 0
[debug] [2026-02-13T23:38:24.293Z] Checked if tokens are valid: true, expires at: 1771027031198
[debug] [2026-02-13T23:38:24.293Z] Checked if tokens are valid: true, expires at: 1771027031198
[debug] [2026-02-13T23:38:24.293Z] >>> [apiv2][query] GET https://cloudfunctions.googleapis.com/v1/operations/cHJvamVjdHMvbGl2ZWtpdC01ZWVmNi9sb2NhdGlvbnMvdXMtY2VudHJhbDEvb3BlcmF0aW9ucy9vcGVyYXRpb24tMTc3MTAyNTg5MzU0Mi02NGFiZDE5NDVjOGQzLTUxNWMwMjNlLWU5MGQ2Nzcz [none]
[debug] [2026-02-13T23:38:24.354Z] [create-default-us-central1-auditConsultationDocuments] Retrying task index 0
[debug] [2026-02-13T23:38:24.354Z] Checked if tokens are valid: true, expires at: 1771027031198
[debug] [2026-02-13T23:38:24.354Z] Checked if tokens are valid: true, expires at: 1771027031198
[debug] [2026-02-13T23:38:24.354Z] >>> [apiv2][query] GET https://cloudfunctions.googleapis.com/v1/operations/cHJvamVjdHMvbGl2ZWtpdC01ZWVmNi9sb2NhdGlvbnMvdXMtY2VudHJhbDEvb3BlcmF0aW9ucy9vcGVyYXRpb24tMTc3MTAyNTg5MzU2OC02NGFiZDE5NDYyZTg5LTRmNmFmMmJlLWQ0MzAyODky [none]
[debug] [2026-02-13T23:38:24.369Z] <<< [apiv2][status] GET https://cloudfunctions.googleapis.com/v1/operations/cHJvamVjdHMvbGl2ZWtpdC01ZWVmNi9sb2NhdGlvbnMvdXMtY2VudHJhbDEvb3BlcmF0aW9ucy9vcGVyYXRpb24tMTc3MTAyNTgyMTQ5My02NGFiZDE0ZmE2N2ZlLTJmOTdjODQxLWFjOGE3ZDFh 200
[debug] [2026-02-13T23:38:24.369Z] <<< [apiv2][body] GET https://cloudfunctions.googleapis.com/v1/operations/cHJvamVjdHMvbGl2ZWtpdC01ZWVmNi9sb2NhdGlvbnMvdXMtY2VudHJhbDEvb3BlcmF0aW9ucy9vcGVyYXRpb24tMTc3MTAyNTgyMTQ5My02NGFiZDE0ZmE2N2ZlLTJmOTdjODQxLWFjOGE3ZDFh {"name":"operations/cHJvamVjdHMvbGl2ZWtpdC01ZWVmNi9sb2NhdGlvbnMvdXMtY2VudHJhbDEvb3BlcmF0aW9ucy9vcGVyYXRpb24tMTc3MTAyNTgyMTQ5My02NGFiZDE0ZmE2N2ZlLTJmOTdjODQxLWFjOGE3ZDFh","metadata":{"@type":"type.googleapis.com/google.cloud.functions.v1.OperationMetadataV1","target":"projects/livekit-5eef6/locations/us-central1/functions/getJoinToken","type":"CREATE_FUNCTION","request":{"@type":"type.googleapis.com/google.cloud.functions.v1.CloudFunction","name":"projects/livekit-5eef6/locations/us-central1/functions/getJoinToken","httpsTrigger":{"securityLevel":"SECURE_ALWAYS"},"entryPoint":"getJoinToken","updateTime":"1970-01-01T00:00:00Z","labels":{"deployment-tool":"cli-firebase","firebase-functions-hash":"c79278fe1212f3620dc3f2174b932608249c5093"},"sourceUploadUrl":"https://storage.googleapis.com/uploads-260470608838.us-central1.cloudfunctions.appspot.com/756b0ede-c3c7-4f95-8e3e-99bcc5d3d9ec.zip?GoogleAccessId=service-900456648225@gcf-admin-robot.iam.gserviceaccount.com&Expires=1771027619&Signature=edHfs8TKShJMp0UGAHn9BOBlWWD0iwlwyRDtYibakuW5A57R%2F%2Bz3qWbSUVsKjjvUKW9mvXyuVaU47VdWLN%2BRLhOUWmLYQM3uu6u2MMFc21wL5QKzNP9LYxwyC6B1UDT8YOYFPMTtxBr5eQVgar4FQAXiCXyINu%2B3NLN19xaHOkVhb4sRNm11aAFmhSKUOw8ptS%2BleFa8WhG%2FVFO2et0ZgvAsJrkatfIb2291TM7e53Voak5xM4cH0ZkkFWs%2FtJ5MGW%2BpEhkhVwiZnH9gTAJEiUj%2BBHB6l%2FrpMOhkpiPoVrLTfGmuO6%2Fiwmk7e%2BB7g%2BMFs2qNhT7vR0LN2FvZoayv0g%3D%3D","environmentVariables":{"FIREBASE_CONFIG":"{\"projectId\":\"livekit-5eef6\",\"storageBucket\":\"livekit-5eef6.firebasestorage.app\"}","GCLOUD_PROJECT":"livekit-5eef6","EVENTARC_CLOUD_EVENT_SOURCE":"projects/livekit-5eef6/locations/us-central1/functions/getJoinToken"},"runtime":"nodejs22","buildEnvironmentVariables":{"GOOGLE_NODE_RUN_SCRIPTS":""},"dockerRegistry":"ARTIFACT_REGISTRY"},"versionId":"1","updateTime":"2026-02-13T23:37:01.926530097Z","buildId":"c020d2f4-7422-4e40-a452-4e71b2bf1ae3","sourceToken":"09f0da63-0ee4-4577-a6b7-093b6fa2006d","buildName":"projects/900456648225/locations/us-central1/builds/c020d2f4-7422-4e40-a452-4e71b2bf1ae3"}}
[debug] [2026-02-13T23:38:24.369Z] Got source token 09f0da63-0ee4-4577-a6b7-093b6fa2006d for region us-central1
[debug] [2026-02-13T23:38:24.401Z] <<< [apiv2][status] GET https://cloudfunctions.googleapis.com/v1/operations/cHJvamVjdHMvbGl2ZWtpdC01ZWVmNi9sb2NhdGlvbnMvdXMtY2VudHJhbDEvb3BlcmF0aW9ucy9vcGVyYXRpb24tMTc3MTAyNTg5MzU0Ny02NGFiZDE5NDVkZTRhLTg5OTgzODU5LTlkZWU3MTM1 503
[debug] [2026-02-13T23:38:24.401Z] <<< [apiv2][body] GET https://cloudfunctions.googleapis.com/v1/operations/cHJvamVjdHMvbGl2ZWtpdC01ZWVmNi9sb2NhdGlvbnMvdXMtY2VudHJhbDEvb3BlcmF0aW9ucy9vcGVyYXRpb24tMTc3MTAyNTg5MzU0Ny02NGFiZDE5NDVkZTRhLTg5OTgzODU5LTlkZWU3MTM1 {"error":{"code":503,"message":"The service is currently unavailable.","status":"UNAVAILABLE"}}
[debug] [2026-02-13T23:38:24.405Z] <<< [apiv2][status] GET https://cloudfunctions.googleapis.com/v1/operations/cHJvamVjdHMvbGl2ZWtpdC01ZWVmNi9sb2NhdGlvbnMvdXMtY2VudHJhbDEvb3BlcmF0aW9ucy9vcGVyYXRpb24tMTc3MTAyNTg5MzU2My02NGFiZDE5NDYxZGUyLTZmMGM3YzBlLWViNDdmMjZh 200
[debug] [2026-02-13T23:38:24.405Z] <<< [apiv2][body] GET https://cloudfunctions.googleapis.com/v1/operations/cHJvamVjdHMvbGl2ZWtpdC01ZWVmNi9sb2NhdGlvbnMvdXMtY2VudHJhbDEvb3BlcmF0aW9ucy9vcGVyYXRpb24tMTc3MTAyNTg5MzU2My02NGFiZDE5NDYxZGUyLTZmMGM3YzBlLWViNDdmMjZh {"name":"operations/cHJvamVjdHMvbGl2ZWtpdC01ZWVmNi9sb2NhdGlvbnMvdXMtY2VudHJhbDEvb3BlcmF0aW9ucy9vcGVyYXRpb24tMTc3MTAyNTg5MzU2My02NGFiZDE5NDYxZGUyLTZmMGM3YzBlLWViNDdmMjZh","metadata":{"@type":"type.googleapis.com/google.cloud.functions.v1.OperationMetadataV1","target":"projects/livekit-5eef6/locations/us-central1/functions/auditConsultationSessions","type":"CREATE_FUNCTION","request":{"@type":"type.googleapis.com/google.cloud.functions.v1.CloudFunction","name":"projects/livekit-5eef6/locations/us-central1/functions/auditConsultationSessions","eventTrigger":{"eventType":"providers/cloud.firestore/eventTypes/document.write","resource":"projects/livekit-5eef6/databases/(default)/documents/consultationSessions/{documentId}","failurePolicy":{}},"entryPoint":"auditConsultationSessions","updateTime":"1970-01-01T00:00:00Z","labels":{"deployment-tool":"cli-firebase","firebase-functions-hash":"c79278fe1212f3620dc3f2174b932608249c5093"},"sourceUploadUrl":"https://storage.googleapis.com/uploads-260470608838.us-central1.cloudfunctions.appspot.com/756b0ede-c3c7-4f95-8e3e-99bcc5d3d9ec.zip?GoogleAccessId=service-900456648225@gcf-admin-robot.iam.gserviceaccount.com&Expires=1771027619&Signature=edHfs8TKShJMp0UGAHn9BOBlWWD0iwlwyRDtYibakuW5A57R%2F%2Bz3qWbSUVsKjjvUKW9mvXyuVaU47VdWLN%2BRLhOUWmLYQM3uu6u2MMFc21wL5QKzNP9LYxwyC6B1UDT8YOYFPMTtxBr5eQVgar4FQAXiCXyINu%2B3NLN19xaHOkVhb4sRNm11aAFmhSKUOw8ptS%2BleFa8WhG%2FVFO2et0ZgvAsJrkatfIb2291TM7e53Voak5xM4cH0ZkkFWs%2FtJ5MGW%2BpEhkhVwiZnH9gTAJEiUj%2BBHB6l%2FrpMOhkpiPoVrLTfGmuO6%2Fiwmk7e%2BB7g%2BMFs2qNhT7vR0LN2FvZoayv0g%3D%3D","environmentVariables":{"FIREBASE_CONFIG":"{\"projectId\":\"livekit-5eef6\",\"storageBucket\":\"livekit-5eef6.firebasestorage.app\"}","GCLOUD_PROJECT":"livekit-5eef6","EVENTARC_CLOUD_EVENT_SOURCE":"projects/livekit-5eef6/locations/us-central1/functions/auditConsultationSessions"},"runtime":"nodejs22","buildEnvironmentVariables":{"GOOGLE_NODE_RUN_SCRIPTS":""},"sourceToken":"09f0da63-0ee4-4577-a6b7-093b6fa2006d","dockerRegistry":"ARTIFACT_REGISTRY"},"versionId":"1","updateTime":"2026-02-13T23:38:13.904256038Z","buildId":"c020d2f4-7422-4e40-a452-4e71b2bf1ae3","sourceToken":"09f0da63-0ee4-4577-a6b7-093b6fa2006d","buildName":"projects/900456648225/locations/us-central1/builds/c020d2f4-7422-4e40-a452-4e71b2bf1ae3"}}
[debug] [2026-02-13T23:38:24.405Z] Got source token 09f0da63-0ee4-4577-a6b7-093b6fa2006d for region us-central1
[debug] [2026-02-13T23:38:24.556Z] <<< [apiv2][status] GET https://cloudfunctions.googleapis.com/v1/operations/cHJvamVjdHMvbGl2ZWtpdC01ZWVmNi9sb2NhdGlvbnMvdXMtY2VudHJhbDEvb3BlcmF0aW9ucy9vcGVyYXRpb24tMTc3MTAyNTg5MzU0NS02NGFiZDE5NDVkNzhjLTE4OTFkYzM4LTM5MjllYzJm 200
[debug] [2026-02-13T23:38:24.556Z] <<< [apiv2][body] GET https://cloudfunctions.googleapis.com/v1/operations/cHJvamVjdHMvbGl2ZWtpdC01ZWVmNi9sb2NhdGlvbnMvdXMtY2VudHJhbDEvb3BlcmF0aW9ucy9vcGVyYXRpb24tMTc3MTAyNTg5MzU0NS02NGFiZDE5NDVkNzhjLTE4OTFkYzM4LTM5MjllYzJm {"name":"operations/cHJvamVjdHMvbGl2ZWtpdC01ZWVmNi9sb2NhdGlvbnMvdXMtY2VudHJhbDEvb3BlcmF0aW9ucy9vcGVyYXRpb24tMTc3MTAyNTg5MzU0NS02NGFiZDE5NDVkNzhjLTE4OTFkYzM4LTM5MjllYzJm","metadata":{"@type":"type.googleapis.com/google.cloud.functions.v1.OperationMetadataV1","target":"projects/livekit-5eef6/locations/us-central1/functions/auditWaitingPatients","type":"CREATE_FUNCTION","request":{"@type":"type.googleapis.com/google.cloud.functions.v1.CloudFunction","name":"projects/livekit-5eef6/locations/us-central1/functions/auditWaitingPatients","eventTrigger":{"eventType":"providers/cloud.firestore/eventTypes/document.write","resource":"projects/livekit-5eef6/databases/(default)/documents/waitingPatients/{documentId}","failurePolicy":{}},"entryPoint":"auditWaitingPatients","updateTime":"1970-01-01T00:00:00Z","labels":{"deployment-tool":"cli-firebase","firebase-functions-hash":"c79278fe1212f3620dc3f2174b932608249c5093"},"sourceUploadUrl":"https://storage.googleapis.com/uploads-260470608838.us-central1.cloudfunctions.appspot.com/756b0ede-c3c7-4f95-8e3e-99bcc5d3d9ec.zip?GoogleAccessId=service-900456648225@gcf-admin-robot.iam.gserviceaccount.com&Expires=1771027619&Signature=edHfs8TKShJMp0UGAHn9BOBlWWD0iwlwyRDtYibakuW5A57R%2F%2Bz3qWbSUVsKjjvUKW9mvXyuVaU47VdWLN%2BRLhOUWmLYQM3uu6u2MMFc21wL5QKzNP9LYxwyC6B1UDT8YOYFPMTtxBr5eQVgar4FQAXiCXyINu%2B3NLN19xaHOkVhb4sRNm11aAFmhSKUOw8ptS%2BleFa8WhG%2FVFO2et0ZgvAsJrkatfIb2291TM7e53Voak5xM4cH0ZkkFWs%2FtJ5MGW%2BpEhkhVwiZnH9gTAJEiUj%2BBHB6l%2FrpMOhkpiPoVrLTfGmuO6%2Fiwmk7e%2BB7g%2BMFs2qNhT7vR0LN2FvZoayv0g%3D%3D","environmentVariables":{"FIREBASE_CONFIG":"{\"projectId\":\"livekit-5eef6\",\"storageBucket\":\"livekit-5eef6.firebasestorage.app\"}","GCLOUD_PROJECT":"livekit-5eef6","EVENTARC_CLOUD_EVENT_SOURCE":"projects/livekit-5eef6/locations/us-central1/functions/auditWaitingPatients"},"runtime":"nodejs22","buildEnvironmentVariables":{"GOOGLE_NODE_RUN_SCRIPTS":""},"sourceToken":"09f0da63-0ee4-4577-a6b7-093b6fa2006d","dockerRegistry":"ARTIFACT_REGISTRY"},"versionId":"1","updateTime":"2026-02-13T23:38:13.890900703Z","buildId":"c020d2f4-7422-4e40-a452-4e71b2bf1ae3","sourceToken":"09f0da63-0ee4-4577-a6b7-093b6fa2006d","buildName":"projects/900456648225/locations/us-central1/builds/c020d2f4-7422-4e40-a452-4e71b2bf1ae3"}}
[debug] [2026-02-13T23:38:24.556Z] Got source token 09f0da63-0ee4-4577-a6b7-093b6fa2006d for region us-central1
[debug] [2026-02-13T23:38:24.602Z] <<< [apiv2][status] GET https://cloudfunctions.googleapis.com/v1/operations/cHJvamVjdHMvbGl2ZWtpdC01ZWVmNi9sb2NhdGlvbnMvdXMtY2VudHJhbDEvb3BlcmF0aW9ucy9vcGVyYXRpb24tMTc3MTAyNTg5MzQ1MS02NGFiZDE5NDQ2OGEwLWU2MWRlOWZmLTYyNTc5NzI4 200
[debug] [2026-02-13T23:38:24.602Z] <<< [apiv2][body] GET https://cloudfunctions.googleapis.com/v1/operations/cHJvamVjdHMvbGl2ZWtpdC01ZWVmNi9sb2NhdGlvbnMvdXMtY2VudHJhbDEvb3BlcmF0aW9ucy9vcGVyYXRpb24tMTc3MTAyNTg5MzQ1MS02NGFiZDE5NDQ2OGEwLWU2MWRlOWZmLTYyNTc5NzI4 {"name":"operations/cHJvamVjdHMvbGl2ZWtpdC01ZWVmNi9sb2NhdGlvbnMvdXMtY2VudHJhbDEvb3BlcmF0aW9ucy9vcGVyYXRpb24tMTc3MTAyNTg5MzQ1MS02NGFiZDE5NDQ2OGEwLWU2MWRlOWZmLTYyNTc5NzI4","metadata":{"@type":"type.googleapis.com/google.cloud.functions.v1.OperationMetadataV1","target":"projects/livekit-5eef6/locations/us-central1/functions/auditUsers","type":"CREATE_FUNCTION","request":{"@type":"type.googleapis.com/google.cloud.functions.v1.CloudFunction","name":"projects/livekit-5eef6/locations/us-central1/functions/auditUsers","eventTrigger":{"eventType":"providers/cloud.firestore/eventTypes/document.write","resource":"projects/livekit-5eef6/databases/(default)/documents/users/{documentId}","failurePolicy":{}},"entryPoint":"auditUsers","updateTime":"1970-01-01T00:00:00Z","labels":{"deployment-tool":"cli-firebase","firebase-functions-hash":"c79278fe1212f3620dc3f2174b932608249c5093"},"sourceUploadUrl":"https://storage.googleapis.com/uploads-260470608838.us-central1.cloudfunctions.appspot.com/756b0ede-c3c7-4f95-8e3e-99bcc5d3d9ec.zip?GoogleAccessId=service-900456648225@gcf-admin-robot.iam.gserviceaccount.com&Expires=1771027619&Signature=edHfs8TKShJMp0UGAHn9BOBlWWD0iwlwyRDtYibakuW5A57R%2F%2Bz3qWbSUVsKjjvUKW9mvXyuVaU47VdWLN%2BRLhOUWmLYQM3uu6u2MMFc21wL5QKzNP9LYxwyC6B1UDT8YOYFPMTtxBr5eQVgar4FQAXiCXyINu%2B3NLN19xaHOkVhb4sRNm11aAFmhSKUOw8ptS%2BleFa8WhG%2FVFO2et0ZgvAsJrkatfIb2291TM7e53Voak5xM4cH0ZkkFWs%2FtJ5MGW%2BpEhkhVwiZnH9gTAJEiUj%2BBHB6l%2FrpMOhkpiPoVrLTfGmuO6%2Fiwmk7e%2BB7g%2BMFs2qNhT7vR0LN2FvZoayv0g%3D%3D","environmentVariables":{"FIREBASE_CONFIG":"{\"projectId\":\"livekit-5eef6\",\"storageBucket\":\"livekit-5eef6.firebasestorage.app\"}","GCLOUD_PROJECT":"livekit-5eef6","EVENTARC_CLOUD_EVENT_SOURCE":"projects/livekit-5eef6/locations/us-central1/functions/auditUsers"},"runtime":"nodejs22","buildEnvironmentVariables":{"GOOGLE_NODE_RUN_SCRIPTS":""},"sourceToken":"09f0da63-0ee4-4577-a6b7-093b6fa2006d","dockerRegistry":"ARTIFACT_REGISTRY"},"versionId":"1","updateTime":"2026-02-13T23:38:13.891610908Z","buildId":"c020d2f4-7422-4e40-a452-4e71b2bf1ae3","sourceToken":"09f0da63-0ee4-4577-a6b7-093b6fa2006d","buildName":"projects/900456648225/locations/us-central1/builds/c020d2f4-7422-4e40-a452-4e71b2bf1ae3"}}
[debug] [2026-02-13T23:38:24.602Z] Got source token 09f0da63-0ee4-4577-a6b7-093b6fa2006d for region us-central1
[debug] [2026-02-13T23:38:24.675Z] <<< [apiv2][status] GET https://cloudfunctions.googleapis.com/v1/operations/cHJvamVjdHMvbGl2ZWtpdC01ZWVmNi9sb2NhdGlvbnMvdXMtY2VudHJhbDEvb3BlcmF0aW9ucy9vcGVyYXRpb24tMTc3MTAyNTg5MzU1Mi02NGFiZDE5NDVmMzU4LTIzZTA4M2JlLTEzMjgzZjBm 200
[debug] [2026-02-13T23:38:24.676Z] <<< [apiv2][body] GET https://cloudfunctions.googleapis.com/v1/operations/cHJvamVjdHMvbGl2ZWtpdC01ZWVmNi9sb2NhdGlvbnMvdXMtY2VudHJhbDEvb3BlcmF0aW9ucy9vcGVyYXRpb24tMTc3MTAyNTg5MzU1Mi02NGFiZDE5NDVmMzU4LTIzZTA4M2JlLTEzMjgzZjBm {"name":"operations/cHJvamVjdHMvbGl2ZWtpdC01ZWVmNi9sb2NhdGlvbnMvdXMtY2VudHJhbDEvb3BlcmF0aW9ucy9vcGVyYXRpb24tMTc3MTAyNTg5MzU1Mi02NGFiZDE5NDVmMzU4LTIzZTA4M2JlLTEzMjgzZjBm","metadata":{"@type":"type.googleapis.com/google.cloud.functions.v1.OperationMetadataV1","target":"projects/livekit-5eef6/locations/us-central1/functions/auditConsultationSessionEvents","type":"CREATE_FUNCTION","request":{"@type":"type.googleapis.com/google.cloud.functions.v1.CloudFunction","name":"projects/livekit-5eef6/locations/us-central1/functions/auditConsultationSessionEvents","eventTrigger":{"eventType":"providers/cloud.firestore/eventTypes/document.write","resource":"projects/livekit-5eef6/databases/(default)/documents/consultationSessions/{consultationSessionId}/events/{eventId}","failurePolicy":{}},"entryPoint":"auditConsultationSessionEvents","updateTime":"1970-01-01T00:00:00Z","labels":{"deployment-tool":"cli-firebase","firebase-functions-hash":"c79278fe1212f3620dc3f2174b932608249c5093"},"sourceUploadUrl":"https://storage.googleapis.com/uploads-260470608838.us-central1.cloudfunctions.appspot.com/756b0ede-c3c7-4f95-8e3e-99bcc5d3d9ec.zip?GoogleAccessId=service-900456648225@gcf-admin-robot.iam.gserviceaccount.com&Expires=1771027619&Signature=edHfs8TKShJMp0UGAHn9BOBlWWD0iwlwyRDtYibakuW5A57R%2F%2Bz3qWbSUVsKjjvUKW9mvXyuVaU47VdWLN%2BRLhOUWmLYQM3uu6u2MMFc21wL5QKzNP9LYxwyC6B1UDT8YOYFPMTtxBr5eQVgar4FQAXiCXyINu%2B3NLN19xaHOkVhb4sRNm11aAFmhSKUOw8ptS%2BleFa8WhG%2FVFO2et0ZgvAsJrkatfIb2291TM7e53Voak5xM4cH0ZkkFWs%2FtJ5MGW%2BpEhkhVwiZnH9gTAJEiUj%2BBHB6l%2FrpMOhkpiPoVrLTfGmuO6%2Fiwmk7e%2BB7g%2BMFs2qNhT7vR0LN2FvZoayv0g%3D%3D","environmentVariables":{"FIREBASE_CONFIG":"{\"projectId\":\"livekit-5eef6\",\"storageBucket\":\"livekit-5eef6.firebasestorage.app\"}","GCLOUD_PROJECT":"livekit-5eef6","EVENTARC_CLOUD_EVENT_SOURCE":"projects/livekit-5eef6/locations/us-central1/functions/auditConsultationSessionEvents"},"runtime":"nodejs22","buildEnvironmentVariables":{"GOOGLE_NODE_RUN_SCRIPTS":""},"sourceToken":"09f0da63-0ee4-4577-a6b7-093b6fa2006d","dockerRegistry":"ARTIFACT_REGISTRY"},"versionId":"1","updateTime":"2026-02-13T23:38:13.913531798Z","buildId":"c020d2f4-7422-4e40-a452-4e71b2bf1ae3","sourceToken":"09f0da63-0ee4-4577-a6b7-093b6fa2006d","buildName":"projects/900456648225/locations/us-central1/builds/c020d2f4-7422-4e40-a452-4e71b2bf1ae3"}}
[debug] [2026-02-13T23:38:24.676Z] Got source token 09f0da63-0ee4-4577-a6b7-093b6fa2006d for region us-central1
[debug] [2026-02-13T23:38:24.753Z] <<< [apiv2][status] GET https://cloudfunctions.googleapis.com/v1/operations/cHJvamVjdHMvbGl2ZWtpdC01ZWVmNi9sb2NhdGlvbnMvdXMtY2VudHJhbDEvb3BlcmF0aW9ucy9vcGVyYXRpb24tMTc3MTAyNTg5MzU0NS02NGFiZDE5NDVkNzgwLWYwMTcwNTI2LWI0NWFmYjVj 200
[debug] [2026-02-13T23:38:24.753Z] <<< [apiv2][body] GET https://cloudfunctions.googleapis.com/v1/operations/cHJvamVjdHMvbGl2ZWtpdC01ZWVmNi9sb2NhdGlvbnMvdXMtY2VudHJhbDEvb3BlcmF0aW9ucy9vcGVyYXRpb24tMTc3MTAyNTg5MzU0NS02NGFiZDE5NDVkNzgwLWYwMTcwNTI2LWI0NWFmYjVj {"name":"operations/cHJvamVjdHMvbGl2ZWtpdC01ZWVmNi9sb2NhdGlvbnMvdXMtY2VudHJhbDEvb3BlcmF0aW9ucy9vcGVyYXRpb24tMTc3MTAyNTg5MzU0NS02NGFiZDE5NDVkNzgwLWYwMTcwNTI2LWI0NWFmYjVj","metadata":{"@type":"type.googleapis.com/google.cloud.functions.v1.OperationMetadataV1","target":"projects/livekit-5eef6/locations/us-central1/functions/auditInvitations","type":"CREATE_FUNCTION","request":{"@type":"type.googleapis.com/google.cloud.functions.v1.CloudFunction","name":"projects/livekit-5eef6/locations/us-central1/functions/auditInvitations","eventTrigger":{"eventType":"providers/cloud.firestore/eventTypes/document.write","resource":"projects/livekit-5eef6/databases/(default)/documents/invitations/{documentId}","failurePolicy":{}},"entryPoint":"auditInvitations","updateTime":"1970-01-01T00:00:00Z","labels":{"deployment-tool":"cli-firebase","firebase-functions-hash":"c79278fe1212f3620dc3f2174b932608249c5093"},"sourceUploadUrl":"https://storage.googleapis.com/uploads-260470608838.us-central1.cloudfunctions.appspot.com/756b0ede-c3c7-4f95-8e3e-99bcc5d3d9ec.zip?GoogleAccessId=service-900456648225@gcf-admin-robot.iam.gserviceaccount.com&Expires=1771027619&Signature=edHfs8TKShJMp0UGAHn9BOBlWWD0iwlwyRDtYibakuW5A57R%2F%2Bz3qWbSUVsKjjvUKW9mvXyuVaU47VdWLN%2BRLhOUWmLYQM3uu6u2MMFc21wL5QKzNP9LYxwyC6B1UDT8YOYFPMTtxBr5eQVgar4FQAXiCXyINu%2B3NLN19xaHOkVhb4sRNm11aAFmhSKUOw8ptS%2BleFa8WhG%2FVFO2et0ZgvAsJrkatfIb2291TM7e53Voak5xM4cH0ZkkFWs%2FtJ5MGW%2BpEhkhVwiZnH9gTAJEiUj%2BBHB6l%2FrpMOhkpiPoVrLTfGmuO6%2Fiwmk7e%2BB7g%2BMFs2qNhT7vR0LN2FvZoayv0g%3D%3D","environmentVariables":{"FIREBASE_CONFIG":"{\"projectId\":\"livekit-5eef6\",\"storageBucket\":\"livekit-5eef6.firebasestorage.app\"}","GCLOUD_PROJECT":"livekit-5eef6","EVENTARC_CLOUD_EVENT_SOURCE":"projects/livekit-5eef6/locations/us-central1/functions/auditInvitations"},"runtime":"nodejs22","buildEnvironmentVariables":{"GOOGLE_NODE_RUN_SCRIPTS":""},"sourceToken":"09f0da63-0ee4-4577-a6b7-093b6fa2006d","dockerRegistry":"ARTIFACT_REGISTRY"},"versionId":"1","updateTime":"2026-02-13T23:38:13.918226832Z","buildId":"c020d2f4-7422-4e40-a452-4e71b2bf1ae3","sourceToken":"09f0da63-0ee4-4577-a6b7-093b6fa2006d","buildName":"projects/900456648225/locations/us-central1/builds/c020d2f4-7422-4e40-a452-4e71b2bf1ae3"}}
[debug] [2026-02-13T23:38:24.753Z] Got source token 09f0da63-0ee4-4577-a6b7-093b6fa2006d for region us-central1
[debug] [2026-02-13T23:38:24.759Z] <<< [apiv2][status] GET https://cloudfunctions.googleapis.com/v1/operations/cHJvamVjdHMvbGl2ZWtpdC01ZWVmNi9sb2NhdGlvbnMvdXMtY2VudHJhbDEvb3BlcmF0aW9ucy9vcGVyYXRpb24tMTc3MTAyNTg5MzU0Mi02NGFiZDE5NDVjOGQzLTUxNWMwMjNlLWU5MGQ2Nzcz 200
[debug] [2026-02-13T23:38:24.760Z] <<< [apiv2][body] GET https://cloudfunctions.googleapis.com/v1/operations/cHJvamVjdHMvbGl2ZWtpdC01ZWVmNi9sb2NhdGlvbnMvdXMtY2VudHJhbDEvb3BlcmF0aW9ucy9vcGVyYXRpb24tMTc3MTAyNTg5MzU0Mi02NGFiZDE5NDVjOGQzLTUxNWMwMjNlLWU5MGQ2Nzcz {"name":"operations/cHJvamVjdHMvbGl2ZWtpdC01ZWVmNi9sb2NhdGlvbnMvdXMtY2VudHJhbDEvb3BlcmF0aW9ucy9vcGVyYXRpb24tMTc3MTAyNTg5MzU0Mi02NGFiZDE5NDVjOGQzLTUxNWMwMjNlLWU5MGQ2Nzcz","metadata":{"@type":"type.googleapis.com/google.cloud.functions.v1.OperationMetadataV1","target":"projects/livekit-5eef6/locations/us-central1/functions/auditCallSummaries","type":"CREATE_FUNCTION","request":{"@type":"type.googleapis.com/google.cloud.functions.v1.CloudFunction","name":"projects/livekit-5eef6/locations/us-central1/functions/auditCallSummaries","eventTrigger":{"eventType":"providers/cloud.firestore/eventTypes/document.write","resource":"projects/livekit-5eef6/databases/(default)/documents/call-summaries/{documentId}","failurePolicy":{}},"entryPoint":"auditCallSummaries","updateTime":"1970-01-01T00:00:00Z","labels":{"deployment-tool":"cli-firebase","firebase-functions-hash":"c79278fe1212f3620dc3f2174b932608249c5093"},"sourceUploadUrl":"https://storage.googleapis.com/uploads-260470608838.us-central1.cloudfunctions.appspot.com/756b0ede-c3c7-4f95-8e3e-99bcc5d3d9ec.zip?GoogleAccessId=service-900456648225@gcf-admin-robot.iam.gserviceaccount.com&Expires=1771027619&Signature=edHfs8TKShJMp0UGAHn9BOBlWWD0iwlwyRDtYibakuW5A57R%2F%2Bz3qWbSUVsKjjvUKW9mvXyuVaU47VdWLN%2BRLhOUWmLYQM3uu6u2MMFc21wL5QKzNP9LYxwyC6B1UDT8YOYFPMTtxBr5eQVgar4FQAXiCXyINu%2B3NLN19xaHOkVhb4sRNm11aAFmhSKUOw8ptS%2BleFa8WhG%2FVFO2et0ZgvAsJrkatfIb2291TM7e53Voak5xM4cH0ZkkFWs%2FtJ5MGW%2BpEhkhVwiZnH9gTAJEiUj%2BBHB6l%2FrpMOhkpiPoVrLTfGmuO6%2Fiwmk7e%2BB7g%2BMFs2qNhT7vR0LN2FvZoayv0g%3D%3D","environmentVariables":{"FIREBASE_CONFIG":"{\"projectId\":\"livekit-5eef6\",\"storageBucket\":\"livekit-5eef6.firebasestorage.app\"}","GCLOUD_PROJECT":"livekit-5eef6","EVENTARC_CLOUD_EVENT_SOURCE":"projects/livekit-5eef6/locations/us-central1/functions/auditCallSummaries"},"runtime":"nodejs22","buildEnvironmentVariables":{"GOOGLE_NODE_RUN_SCRIPTS":""},"sourceToken":"09f0da63-0ee4-4577-a6b7-093b6fa2006d","dockerRegistry":"ARTIFACT_REGISTRY"},"versionId":"1","updateTime":"2026-02-13T23:38:13.921722093Z","buildId":"c020d2f4-7422-4e40-a452-4e71b2bf1ae3","sourceToken":"09f0da63-0ee4-4577-a6b7-093b6fa2006d","buildName":"projects/900456648225/locations/us-central1/builds/c020d2f4-7422-4e40-a452-4e71b2bf1ae3"}}
[debug] [2026-02-13T23:38:24.760Z] Got source token 09f0da63-0ee4-4577-a6b7-093b6fa2006d for region us-central1
[debug] [2026-02-13T23:38:24.765Z] <<< [apiv2][status] GET https://cloudfunctions.googleapis.com/v1/operations/cHJvamVjdHMvbGl2ZWtpdC01ZWVmNi9sb2NhdGlvbnMvdXMtY2VudHJhbDEvb3BlcmF0aW9ucy9vcGVyYXRpb24tMTc3MTAyNTg5MzQxOS02NGFiZDE5NDNlOTE3LTMxMGM0M2MwLTQyMDljMGVi 200
[debug] [2026-02-13T23:38:24.765Z] <<< [apiv2][body] GET https://cloudfunctions.googleapis.com/v1/operations/cHJvamVjdHMvbGl2ZWtpdC01ZWVmNi9sb2NhdGlvbnMvdXMtY2VudHJhbDEvb3BlcmF0aW9ucy9vcGVyYXRpb24tMTc3MTAyNTg5MzQxOS02NGFiZDE5NDNlOTE3LTMxMGM0M2MwLTQyMDljMGVi {"name":"operations/cHJvamVjdHMvbGl2ZWtpdC01ZWVmNi9sb2NhdGlvbnMvdXMtY2VudHJhbDEvb3BlcmF0aW9ucy9vcGVyYXRpb24tMTc3MTAyNTg5MzQxOS02NGFiZDE5NDNlOTE3LTMxMGM0M2MwLTQyMDljMGVi","metadata":{"@type":"type.googleapis.com/google.cloud.functions.v1.OperationMetadataV1","target":"projects/livekit-5eef6/locations/us-central1/functions/manualDeleteSummary","type":"CREATE_FUNCTION","request":{"@type":"type.googleapis.com/google.cloud.functions.v1.CloudFunction","name":"projects/livekit-5eef6/locations/us-central1/functions/manualDeleteSummary","httpsTrigger":{"securityLevel":"SECURE_ALWAYS"},"entryPoint":"manualDeleteSummary","updateTime":"1970-01-01T00:00:00Z","labels":{"deployment-tool":"cli-firebase","deployment-callable":"true","firebase-functions-hash":"c79278fe1212f3620dc3f2174b932608249c5093"},"sourceUploadUrl":"https://storage.googleapis.com/uploads-260470608838.us-central1.cloudfunctions.appspot.com/756b0ede-c3c7-4f95-8e3e-99bcc5d3d9ec.zip?GoogleAccessId=service-900456648225@gcf-admin-robot.iam.gserviceaccount.com&Expires=1771027619&Signature=edHfs8TKShJMp0UGAHn9BOBlWWD0iwlwyRDtYibakuW5A57R%2F%2Bz3qWbSUVsKjjvUKW9mvXyuVaU47VdWLN%2BRLhOUWmLYQM3uu6u2MMFc21wL5QKzNP9LYxwyC6B1UDT8YOYFPMTtxBr5eQVgar4FQAXiCXyINu%2B3NLN19xaHOkVhb4sRNm11aAFmhSKUOw8ptS%2BleFa8WhG%2FVFO2et0ZgvAsJrkatfIb2291TM7e53Voak5xM4cH0ZkkFWs%2FtJ5MGW%2BpEhkhVwiZnH9gTAJEiUj%2BBHB6l%2FrpMOhkpiPoVrLTfGmuO6%2Fiwmk7e%2BB7g%2BMFs2qNhT7vR0LN2FvZoayv0g%3D%3D","environmentVariables":{"FIREBASE_CONFIG":"{\"projectId\":\"livekit-5eef6\",\"storageBucket\":\"livekit-5eef6.firebasestorage.app\"}","GCLOUD_PROJECT":"livekit-5eef6","EVENTARC_CLOUD_EVENT_SOURCE":"projects/livekit-5eef6/locations/us-central1/functions/manualDeleteSummary"},"runtime":"nodejs22","buildEnvironmentVariables":{"GOOGLE_NODE_RUN_SCRIPTS":""},"sourceToken":"09f0da63-0ee4-4577-a6b7-093b6fa2006d","dockerRegistry":"ARTIFACT_REGISTRY"},"versionId":"1","updateTime":"2026-02-13T23:38:13.847297565Z","buildId":"c020d2f4-7422-4e40-a452-4e71b2bf1ae3","sourceToken":"09f0da63-0ee4-4577-a6b7-093b6fa2006d","buildName":"projects/900456648225/locations/us-central1/builds/c020d2f4-7422-4e40-a452-4e71b2bf1ae3"}}
[debug] [2026-02-13T23:38:24.765Z] Got source token 09f0da63-0ee4-4577-a6b7-093b6fa2006d for region us-central1
[debug] [2026-02-13T23:38:24.933Z] <<< [apiv2][status] GET https://cloudfunctions.googleapis.com/v1/operations/cHJvamVjdHMvbGl2ZWtpdC01ZWVmNi9sb2NhdGlvbnMvdXMtY2VudHJhbDEvb3BlcmF0aW9ucy9vcGVyYXRpb24tMTc3MTAyNTg5MzU2OC02NGFiZDE5NDYyZTg5LTRmNmFmMmJlLWQ0MzAyODky 200
[debug] [2026-02-13T23:38:24.933Z] <<< [apiv2][body] GET https://cloudfunctions.googleapis.com/v1/operations/cHJvamVjdHMvbGl2ZWtpdC01ZWVmNi9sb2NhdGlvbnMvdXMtY2VudHJhbDEvb3BlcmF0aW9ucy9vcGVyYXRpb24tMTc3MTAyNTg5MzU2OC02NGFiZDE5NDYyZTg5LTRmNmFmMmJlLWQ0MzAyODky {"name":"operations/cHJvamVjdHMvbGl2ZWtpdC01ZWVmNi9sb2NhdGlvbnMvdXMtY2VudHJhbDEvb3BlcmF0aW9ucy9vcGVyYXRpb24tMTc3MTAyNTg5MzU2OC02NGFiZDE5NDYyZTg5LTRmNmFmMmJlLWQ0MzAyODky","metadata":{"@type":"type.googleapis.com/google.cloud.functions.v1.OperationMetadataV1","target":"projects/livekit-5eef6/locations/us-central1/functions/auditConsultationDocuments","type":"CREATE_FUNCTION","request":{"@type":"type.googleapis.com/google.cloud.functions.v1.CloudFunction","name":"projects/livekit-5eef6/locations/us-central1/functions/auditConsultationDocuments","eventTrigger":{"eventType":"providers/cloud.firestore/eventTypes/document.write","resource":"projects/livekit-5eef6/databases/(default)/documents/consultations/{documentId}","failurePolicy":{}},"entryPoint":"auditConsultationDocuments","updateTime":"1970-01-01T00:00:00Z","labels":{"deployment-tool":"cli-firebase","firebase-functions-hash":"c79278fe1212f3620dc3f2174b932608249c5093"},"sourceUploadUrl":"https://storage.googleapis.com/uploads-260470608838.us-central1.cloudfunctions.appspot.com/756b0ede-c3c7-4f95-8e3e-99bcc5d3d9ec.zip?GoogleAccessId=service-900456648225@gcf-admin-robot.iam.gserviceaccount.com&Expires=1771027619&Signature=edHfs8TKShJMp0UGAHn9BOBlWWD0iwlwyRDtYibakuW5A57R%2F%2Bz3qWbSUVsKjjvUKW9mvXyuVaU47VdWLN%2BRLhOUWmLYQM3uu6u2MMFc21wL5QKzNP9LYxwyC6B1UDT8YOYFPMTtxBr5eQVgar4FQAXiCXyINu%2B3NLN19xaHOkVhb4sRNm11aAFmhSKUOw8ptS%2BleFa8WhG%2FVFO2et0ZgvAsJrkatfIb2291TM7e53Voak5xM4cH0ZkkFWs%2FtJ5MGW%2BpEhkhVwiZnH9gTAJEiUj%2BBHB6l%2FrpMOhkpiPoVrLTfGmuO6%2Fiwmk7e%2BB7g%2BMFs2qNhT7vR0LN2FvZoayv0g%3D%3D","environmentVariables":{"FIREBASE_CONFIG":"{\"projectId\":\"livekit-5eef6\",\"storageBucket\":\"livekit-5eef6.firebasestorage.app\"}","GCLOUD_PROJECT":"livekit-5eef6","EVENTARC_CLOUD_EVENT_SOURCE":"projects/livekit-5eef6/locations/us-central1/functions/auditConsultationDocuments"},"runtime":"nodejs22","buildEnvironmentVariables":{"GOOGLE_NODE_RUN_SCRIPTS":""},"sourceToken":"09f0da63-0ee4-4577-a6b7-093b6fa2006d","dockerRegistry":"ARTIFACT_REGISTRY"},"versionId":"1","updateTime":"2026-02-13T23:38:13.964706663Z","buildId":"c020d2f4-7422-4e40-a452-4e71b2bf1ae3","sourceToken":"09f0da63-0ee4-4577-a6b7-093b6fa2006d","buildName":"projects/900456648225/locations/us-central1/builds/c020d2f4-7422-4e40-a452-4e71b2bf1ae3"}}
[debug] [2026-02-13T23:38:24.933Z] Got source token 09f0da63-0ee4-4577-a6b7-093b6fa2006d for region us-central1
[debug] [2026-02-13T23:38:31.949Z] [create-default-us-central1-getDeletionStats] Retrying task index 0
[debug] [2026-02-13T23:38:31.949Z] Checked if tokens are valid: true, expires at: 1771027031198
[debug] [2026-02-13T23:38:31.949Z] Checked if tokens are valid: true, expires at: 1771027031198
[debug] [2026-02-13T23:38:31.949Z] >>> [apiv2][query] GET https://cloudfunctions.googleapis.com/v1/operations/cHJvamVjdHMvbGl2ZWtpdC01ZWVmNi9sb2NhdGlvbnMvdXMtY2VudHJhbDEvb3BlcmF0aW9ucy9vcGVyYXRpb24tMTc3MTAyNTg5MzU0NC02NGFiZDE5NDVkMzI5LTg1MzFmNmQ3LTMxN2MxYjJh [none]
[debug] [2026-02-13T23:38:32.120Z] [create-default-us-central1-onRoomEnd] Retrying task index 0
[debug] [2026-02-13T23:38:32.120Z] Checked if tokens are valid: true, expires at: 1771027031198
[debug] [2026-02-13T23:38:32.121Z] Checked if tokens are valid: true, expires at: 1771027031198
[debug] [2026-02-13T23:38:32.121Z] >>> [apiv2][query] GET https://cloudfunctions.googleapis.com/v1/operations/cHJvamVjdHMvbGl2ZWtpdC01ZWVmNi9sb2NhdGlvbnMvdXMtY2VudHJhbDEvb3BlcmF0aW9ucy9vcGVyYXRpb24tMTc3MTAyNTg5MzQ3MS02NGFiZDE5NDRiNmFmLTVkMWI5M2U1LTNiMDg3Mjc4 [none]
[debug] [2026-02-13T23:38:32.337Z] <<< [apiv2][status] GET https://cloudfunctions.googleapis.com/v1/operations/cHJvamVjdHMvbGl2ZWtpdC01ZWVmNi9sb2NhdGlvbnMvdXMtY2VudHJhbDEvb3BlcmF0aW9ucy9vcGVyYXRpb24tMTc3MTAyNTg5MzU0NC02NGFiZDE5NDVkMzI5LTg1MzFmNmQ3LTMxN2MxYjJh 200
[debug] [2026-02-13T23:38:32.337Z] <<< [apiv2][body] GET https://cloudfunctions.googleapis.com/v1/operations/cHJvamVjdHMvbGl2ZWtpdC01ZWVmNi9sb2NhdGlvbnMvdXMtY2VudHJhbDEvb3BlcmF0aW9ucy9vcGVyYXRpb24tMTc3MTAyNTg5MzU0NC02NGFiZDE5NDVkMzI5LTg1MzFmNmQ3LTMxN2MxYjJh {"name":"operations/cHJvamVjdHMvbGl2ZWtpdC01ZWVmNi9sb2NhdGlvbnMvdXMtY2VudHJhbDEvb3BlcmF0aW9ucy9vcGVyYXRpb24tMTc3MTAyNTg5MzU0NC02NGFiZDE5NDVkMzI5LTg1MzFmNmQ3LTMxN2MxYjJh","metadata":{"@type":"type.googleapis.com/google.cloud.functions.v1.OperationMetadataV1","target":"projects/livekit-5eef6/locations/us-central1/functions/getDeletionStats","type":"CREATE_FUNCTION","request":{"@type":"type.googleapis.com/google.cloud.functions.v1.CloudFunction","name":"projects/livekit-5eef6/locations/us-central1/functions/getDeletionStats","httpsTrigger":{"securityLevel":"SECURE_ALWAYS"},"entryPoint":"getDeletionStats","updateTime":"1970-01-01T00:00:00Z","labels":{"deployment-tool":"cli-firebase","deployment-callable":"true","firebase-functions-hash":"c79278fe1212f3620dc3f2174b932608249c5093"},"sourceUploadUrl":"https://storage.googleapis.com/uploads-260470608838.us-central1.cloudfunctions.appspot.com/756b0ede-c3c7-4f95-8e3e-99bcc5d3d9ec.zip?GoogleAccessId=service-900456648225@gcf-admin-robot.iam.gserviceaccount.com&Expires=1771027619&Signature=edHfs8TKShJMp0UGAHn9BOBlWWD0iwlwyRDtYibakuW5A57R%2F%2Bz3qWbSUVsKjjvUKW9mvXyuVaU47VdWLN%2BRLhOUWmLYQM3uu6u2MMFc21wL5QKzNP9LYxwyC6B1UDT8YOYFPMTtxBr5eQVgar4FQAXiCXyINu%2B3NLN19xaHOkVhb4sRNm11aAFmhSKUOw8ptS%2BleFa8WhG%2FVFO2et0ZgvAsJrkatfIb2291TM7e53Voak5xM4cH0ZkkFWs%2FtJ5MGW%2BpEhkhVwiZnH9gTAJEiUj%2BBHB6l%2FrpMOhkpiPoVrLTfGmuO6%2Fiwmk7e%2BB7g%2BMFs2qNhT7vR0LN2FvZoayv0g%3D%3D","environmentVariables":{"FIREBASE_CONFIG":"{\"projectId\":\"livekit-5eef6\",\"storageBucket\":\"livekit-5eef6.firebasestorage.app\"}","GCLOUD_PROJECT":"livekit-5eef6","EVENTARC_CLOUD_EVENT_SOURCE":"projects/livekit-5eef6/locations/us-central1/functions/getDeletionStats"},"runtime":"nodejs22","buildEnvironmentVariables":{"GOOGLE_NODE_RUN_SCRIPTS":""},"sourceToken":"09f0da63-0ee4-4577-a6b7-093b6fa2006d","dockerRegistry":"ARTIFACT_REGISTRY"},"versionId":"1","updateTime":"2026-02-13T23:38:29.914220316Z","buildId":"c020d2f4-7422-4e40-a452-4e71b2bf1ae3","sourceToken":"09f0da63-0ee4-4577-a6b7-093b6fa2006d","buildName":"projects/900456648225/locations/us-central1/builds/c020d2f4-7422-4e40-a452-4e71b2bf1ae3"},"done":true,"response":{"@type":"type.googleapis.com/google.cloud.functions.v1.CloudFunction","name":"projects/livekit-5eef6/locations/us-central1/functions/getDeletionStats","httpsTrigger":{"url":"https://us-central1-livekit-5eef6.cloudfunctions.net/getDeletionStats","securityLevel":"SECURE_ALWAYS"},"status":"ACTIVE","entryPoint":"getDeletionStats","timeout":"60s","availableMemoryMb":256,"serviceAccountEmail":"livekit-5eef6@appspot.gserviceaccount.com","updateTime":"2026-02-13T23:38:13.855621615Z","versionId":"1","labels":{"deployment-tool":"cli-firebase","deployment-callable":"true","firebase-functions-hash":"c79278fe1212f3620dc3f2174b932608249c5093"},"sourceUploadUrl":"https://storage.googleapis.com/uploads-260470608838.us-central1.cloudfunctions.appspot.com/756b0ede-c3c7-4f95-8e3e-99bcc5d3d9ec.zip","environmentVariables":{"FIREBASE_CONFIG":"{\"projectId\":\"livekit-5eef6\",\"storageBucket\":\"livekit-5eef6.firebasestorage.app\"}","GCLOUD_PROJECT":"livekit-5eef6","EVENTARC_CLOUD_EVENT_SOURCE":"projects/livekit-5eef6/locations/us-central1/functions/getDeletionStats"},"runtime":"nodejs22","ingressSettings":"ALLOW_ALL","buildId":"c020d2f4-7422-4e40-a452-4e71b2bf1ae3","buildEnvironmentVariables":{"GOOGLE_NODE_RUN_SCRIPTS":""},"buildName":"projects/900456648225/locations/us-central1/builds/c020d2f4-7422-4e40-a452-4e71b2bf1ae3","dockerRegistry":"ARTIFACT_REGISTRY","automaticUpdatePolicy":{},"buildServiceAccount":"projects/livekit-5eef6/serviceAccounts/900456648225-compute@developer.gserviceaccount.com","satisfiesPzi":true}}
[debug] [2026-02-13T23:38:32.338Z] Got source token 09f0da63-0ee4-4577-a6b7-093b6fa2006d for region us-central1
[debug] [2026-02-13T23:38:32.338Z] Checked if tokens are valid: true, expires at: 1771027031198
[debug] [2026-02-13T23:38:32.338Z] Checked if tokens are valid: true, expires at: 1771027031198
[debug] [2026-02-13T23:38:32.338Z] >>> [apiv2][query] POST https://cloudfunctions.googleapis.com/v1/projects/livekit-5eef6/locations/us-central1/functions/getDeletionStats:setIamPolicy [none]
[debug] [2026-02-13T23:38:32.338Z] >>> [apiv2][body] POST https://cloudfunctions.googleapis.com/v1/projects/livekit-5eef6/locations/us-central1/functions/getDeletionStats:setIamPolicy {"policy":{"bindings":[{"role":"roles/cloudfunctions.invoker","members":["allUsers"]}],"etag":"","version":3},"updateMask":"bindings,etag,version"}
[debug] [2026-02-13T23:38:32.416Z] [create-default-us-central1-autoDeleteSummaries] Retrying task index 0
[debug] [2026-02-13T23:38:32.417Z] Checked if tokens are valid: true, expires at: 1771027031198
[debug] [2026-02-13T23:38:32.417Z] Checked if tokens are valid: true, expires at: 1771027031198
[debug] [2026-02-13T23:38:32.417Z] >>> [apiv2][query] GET https://cloudfunctions.googleapis.com/v1/operations/cHJvamVjdHMvbGl2ZWtpdC01ZWVmNi9sb2NhdGlvbnMvdXMtY2VudHJhbDEvb3BlcmF0aW9ucy9vcGVyYXRpb24tMTc3MTAyNTg5MzU0Ny02NGFiZDE5NDVkZTRhLTg5OTgzODU5LTlkZWU3MTM1 [none]
[debug] [2026-02-13T23:38:32.418Z] [create-default-us-central1-auditConsultationSessions] Retrying task index 0
[debug] [2026-02-13T23:38:32.418Z] Checked if tokens are valid: true, expires at: 1771027031198
[debug] [2026-02-13T23:38:32.418Z] Checked if tokens are valid: true, expires at: 1771027031198
[debug] [2026-02-13T23:38:32.418Z] >>> [apiv2][query] GET https://cloudfunctions.googleapis.com/v1/operations/cHJvamVjdHMvbGl2ZWtpdC01ZWVmNi9sb2NhdGlvbnMvdXMtY2VudHJhbDEvb3BlcmF0aW9ucy9vcGVyYXRpb24tMTc3MTAyNTg5MzU2My02NGFiZDE5NDYxZGUyLTZmMGM3YzBlLWViNDdmMjZh [none]
[debug] [2026-02-13T23:38:32.558Z] [create-default-us-central1-auditWaitingPatients] Retrying task index 0
[debug] [2026-02-13T23:38:32.558Z] Checked if tokens are valid: true, expires at: 1771027031198
[debug] [2026-02-13T23:38:32.558Z] Checked if tokens are valid: true, expires at: 1771027031198
[debug] [2026-02-13T23:38:32.558Z] >>> [apiv2][query] GET https://cloudfunctions.googleapis.com/v1/operations/cHJvamVjdHMvbGl2ZWtpdC01ZWVmNi9sb2NhdGlvbnMvdXMtY2VudHJhbDEvb3BlcmF0aW9ucy9vcGVyYXRpb24tMTc3MTAyNTg5MzU0NS02NGFiZDE5NDVkNzhjLTE4OTFkYzM4LTM5MjllYzJm [none]
[debug] [2026-02-13T23:38:32.604Z] [create-default-us-central1-auditUsers] Retrying task index 0
[debug] [2026-02-13T23:38:32.604Z] Checked if tokens are valid: true, expires at: 1771027031198
[debug] [2026-02-13T23:38:32.604Z] Checked if tokens are valid: true, expires at: 1771027031198
[debug] [2026-02-13T23:38:32.604Z] >>> [apiv2][query] GET https://cloudfunctions.googleapis.com/v1/operations/cHJvamVjdHMvbGl2ZWtpdC01ZWVmNi9sb2NhdGlvbnMvdXMtY2VudHJhbDEvb3BlcmF0aW9ucy9vcGVyYXRpb24tMTc3MTAyNTg5MzQ1MS02NGFiZDE5NDQ2OGEwLWU2MWRlOWZmLTYyNTc5NzI4 [none]
[debug] [2026-02-13T23:38:32.682Z] [create-default-us-central1-auditConsultationSessionEvents] Retrying task index 0
[debug] [2026-02-13T23:38:32.682Z] Checked if tokens are valid: true, expires at: 1771027031198
[debug] [2026-02-13T23:38:32.682Z] Checked if tokens are valid: true, expires at: 1771027031198
[debug] [2026-02-13T23:38:32.682Z] >>> [apiv2][query] GET https://cloudfunctions.googleapis.com/v1/operations/cHJvamVjdHMvbGl2ZWtpdC01ZWVmNi9sb2NhdGlvbnMvdXMtY2VudHJhbDEvb3BlcmF0aW9ucy9vcGVyYXRpb24tMTc3MTAyNTg5MzU1Mi02NGFiZDE5NDVmMzU4LTIzZTA4M2JlLTEzMjgzZjBm [none]
[debug] [2026-02-13T23:38:32.685Z] <<< [apiv2][status] GET https://cloudfunctions.googleapis.com/v1/operations/cHJvamVjdHMvbGl2ZWtpdC01ZWVmNi9sb2NhdGlvbnMvdXMtY2VudHJhbDEvb3BlcmF0aW9ucy9vcGVyYXRpb24tMTc3MTAyNTg5MzQ3MS02NGFiZDE5NDRiNmFmLTVkMWI5M2U1LTNiMDg3Mjc4 200
[debug] [2026-02-13T23:38:32.685Z] <<< [apiv2][body] GET https://cloudfunctions.googleapis.com/v1/operations/cHJvamVjdHMvbGl2ZWtpdC01ZWVmNi9sb2NhdGlvbnMvdXMtY2VudHJhbDEvb3BlcmF0aW9ucy9vcGVyYXRpb24tMTc3MTAyNTg5MzQ3MS02NGFiZDE5NDRiNmFmLTVkMWI5M2U1LTNiMDg3Mjc4 {"name":"operations/cHJvamVjdHMvbGl2ZWtpdC01ZWVmNi9sb2NhdGlvbnMvdXMtY2VudHJhbDEvb3BlcmF0aW9ucy9vcGVyYXRpb24tMTc3MTAyNTg5MzQ3MS02NGFiZDE5NDRiNmFmLTVkMWI5M2U1LTNiMDg3Mjc4","metadata":{"@type":"type.googleapis.com/google.cloud.functions.v1.OperationMetadataV1","target":"projects/livekit-5eef6/locations/us-central1/functions/onRoomEnd","type":"CREATE_FUNCTION","request":{"@type":"type.googleapis.com/google.cloud.functions.v1.CloudFunction","name":"projects/livekit-5eef6/locations/us-central1/functions/onRoomEnd","httpsTrigger":{"securityLevel":"SECURE_ALWAYS"},"entryPoint":"onRoomEnd","updateTime":"1970-01-01T00:00:00Z","labels":{"deployment-tool":"cli-firebase","firebase-functions-hash":"c79278fe1212f3620dc3f2174b932608249c5093"},"sourceUploadUrl":"https://storage.googleapis.com/uploads-260470608838.us-central1.cloudfunctions.appspot.com/756b0ede-c3c7-4f95-8e3e-99bcc5d3d9ec.zip?GoogleAccessId=service-900456648225@gcf-admin-robot.iam.gserviceaccount.com&Expires=1771027619&Signature=edHfs8TKShJMp0UGAHn9BOBlWWD0iwlwyRDtYibakuW5A57R%2F%2Bz3qWbSUVsKjjvUKW9mvXyuVaU47VdWLN%2BRLhOUWmLYQM3uu6u2MMFc21wL5QKzNP9LYxwyC6B1UDT8YOYFPMTtxBr5eQVgar4FQAXiCXyINu%2B3NLN19xaHOkVhb4sRNm11aAFmhSKUOw8ptS%2BleFa8WhG%2FVFO2et0ZgvAsJrkatfIb2291TM7e53Voak5xM4cH0ZkkFWs%2FtJ5MGW%2BpEhkhVwiZnH9gTAJEiUj%2BBHB6l%2FrpMOhkpiPoVrLTfGmuO6%2Fiwmk7e%2BB7g%2BMFs2qNhT7vR0LN2FvZoayv0g%3D%3D","environmentVariables":{"FIREBASE_CONFIG":"{\"projectId\":\"livekit-5eef6\",\"storageBucket\":\"livekit-5eef6.firebasestorage.app\"}","GCLOUD_PROJECT":"livekit-5eef6","EVENTARC_CLOUD_EVENT_SOURCE":"projects/livekit-5eef6/locations/us-central1/functions/onRoomEnd"},"runtime":"nodejs22","buildEnvironmentVariables":{"GOOGLE_NODE_RUN_SCRIPTS":""},"sourceToken":"09f0da63-0ee4-4577-a6b7-093b6fa2006d","dockerRegistry":"ARTIFACT_REGISTRY"},"versionId":"1","updateTime":"2026-02-13T23:38:28.950783614Z","buildId":"c020d2f4-7422-4e40-a452-4e71b2bf1ae3","sourceToken":"09f0da63-0ee4-4577-a6b7-093b6fa2006d","buildName":"projects/900456648225/locations/us-central1/builds/c020d2f4-7422-4e40-a452-4e71b2bf1ae3"},"done":true,"response":{"@type":"type.googleapis.com/google.cloud.functions.v1.CloudFunction","name":"projects/livekit-5eef6/locations/us-central1/functions/onRoomEnd","httpsTrigger":{"url":"https://us-central1-livekit-5eef6.cloudfunctions.net/onRoomEnd","securityLevel":"SECURE_ALWAYS"},"status":"ACTIVE","entryPoint":"onRoomEnd","timeout":"60s","availableMemoryMb":256,"serviceAccountEmail":"livekit-5eef6@appspot.gserviceaccount.com","updateTime":"2026-02-13T23:38:13.831349900Z","versionId":"1","labels":{"firebase-functions-hash":"c79278fe1212f3620dc3f2174b932608249c5093","deployment-tool":"cli-firebase"},"sourceUploadUrl":"https://storage.googleapis.com/uploads-260470608838.us-central1.cloudfunctions.appspot.com/756b0ede-c3c7-4f95-8e3e-99bcc5d3d9ec.zip","environmentVariables":{"FIREBASE_CONFIG":"{\"projectId\":\"livekit-5eef6\",\"storageBucket\":\"livekit-5eef6.firebasestorage.app\"}","GCLOUD_PROJECT":"livekit-5eef6","EVENTARC_CLOUD_EVENT_SOURCE":"projects/livekit-5eef6/locations/us-central1/functions/onRoomEnd"},"runtime":"nodejs22","ingressSettings":"ALLOW_ALL","buildId":"c020d2f4-7422-4e40-a452-4e71b2bf1ae3","buildEnvironmentVariables":{"GOOGLE_NODE_RUN_SCRIPTS":""},"buildName":"projects/900456648225/locations/us-central1/builds/c020d2f4-7422-4e40-a452-4e71b2bf1ae3","dockerRegistry":"ARTIFACT_REGISTRY","automaticUpdatePolicy":{},"buildServiceAccount":"projects/livekit-5eef6/serviceAccounts/900456648225-compute@developer.gserviceaccount.com","satisfiesPzi":true}}
[debug] [2026-02-13T23:38:32.685Z] Got source token 09f0da63-0ee4-4577-a6b7-093b6fa2006d for region us-central1
[debug] [2026-02-13T23:38:32.686Z] Checked if tokens are valid: true, expires at: 1771027031198
[debug] [2026-02-13T23:38:32.686Z] Checked if tokens are valid: true, expires at: 1771027031198
[debug] [2026-02-13T23:38:32.686Z] >>> [apiv2][query] POST https://cloudfunctions.googleapis.com/v1/projects/livekit-5eef6/locations/us-central1/functions/onRoomEnd:setIamPolicy [none]
[debug] [2026-02-13T23:38:32.686Z] >>> [apiv2][body] POST https://cloudfunctions.googleapis.com/v1/projects/livekit-5eef6/locations/us-central1/functions/onRoomEnd:setIamPolicy {"policy":{"bindings":[{"role":"roles/cloudfunctions.invoker","members":["allUsers"]}],"etag":"","version":3},"updateMask":"bindings,etag,version"}
[debug] [2026-02-13T23:38:32.759Z] [create-default-us-central1-auditInvitations] Retrying task index 0
[debug] [2026-02-13T23:38:32.759Z] Checked if tokens are valid: true, expires at: 1771027031198
[debug] [2026-02-13T23:38:32.759Z] Checked if tokens are valid: true, expires at: 1771027031198
[debug] [2026-02-13T23:38:32.759Z] >>> [apiv2][query] GET https://cloudfunctions.googleapis.com/v1/operations/cHJvamVjdHMvbGl2ZWtpdC01ZWVmNi9sb2NhdGlvbnMvdXMtY2VudHJhbDEvb3BlcmF0aW9ucy9vcGVyYXRpb24tMTc3MTAyNTg5MzU0NS02NGFiZDE5NDVkNzgwLWYwMTcwNTI2LWI0NWFmYjVj [none]
[debug] [2026-02-13T23:38:32.761Z] [create-default-us-central1-auditCallSummaries] Retrying task index 0
[debug] [2026-02-13T23:38:32.761Z] Checked if tokens are valid: true, expires at: 1771027031198
[debug] [2026-02-13T23:38:32.761Z] Checked if tokens are valid: true, expires at: 1771027031198
[debug] [2026-02-13T23:38:32.761Z] >>> [apiv2][query] GET https://cloudfunctions.googleapis.com/v1/operations/cHJvamVjdHMvbGl2ZWtpdC01ZWVmNi9sb2NhdGlvbnMvdXMtY2VudHJhbDEvb3BlcmF0aW9ucy9vcGVyYXRpb24tMTc3MTAyNTg5MzU0Mi02NGFiZDE5NDVjOGQzLTUxNWMwMjNlLWU5MGQ2Nzcz [none]
[debug] [2026-02-13T23:38:32.770Z] [create-default-us-central1-manualDeleteSummary] Retrying task index 0
[debug] [2026-02-13T23:38:32.770Z] Checked if tokens are valid: true, expires at: 1771027031198
[debug] [2026-02-13T23:38:32.770Z] Checked if tokens are valid: true, expires at: 1771027031198
[debug] [2026-02-13T23:38:32.770Z] >>> [apiv2][query] GET https://cloudfunctions.googleapis.com/v1/operations/cHJvamVjdHMvbGl2ZWtpdC01ZWVmNi9sb2NhdGlvbnMvdXMtY2VudHJhbDEvb3BlcmF0aW9ucy9vcGVyYXRpb24tMTc3MTAyNTg5MzQxOS02NGFiZDE5NDNlOTE3LTMxMGM0M2MwLTQyMDljMGVi [none]
[debug] [2026-02-13T23:38:32.943Z] [create-default-us-central1-auditConsultationDocuments] Retrying task index 0
[debug] [2026-02-13T23:38:32.943Z] Checked if tokens are valid: true, expires at: 1771027031198
[debug] [2026-02-13T23:38:32.943Z] Checked if tokens are valid: true, expires at: 1771027031198
[debug] [2026-02-13T23:38:32.943Z] >>> [apiv2][query] GET https://cloudfunctions.googleapis.com/v1/operations/cHJvamVjdHMvbGl2ZWtpdC01ZWVmNi9sb2NhdGlvbnMvdXMtY2VudHJhbDEvb3BlcmF0aW9ucy9vcGVyYXRpb24tMTc3MTAyNTg5MzU2OC02NGFiZDE5NDYyZTg5LTRmNmFmMmJlLWQ0MzAyODky [none]
[debug] [2026-02-13T23:38:32.946Z] <<< [apiv2][status] GET https://cloudfunctions.googleapis.com/v1/operations/cHJvamVjdHMvbGl2ZWtpdC01ZWVmNi9sb2NhdGlvbnMvdXMtY2VudHJhbDEvb3BlcmF0aW9ucy9vcGVyYXRpb24tMTc3MTAyNTg5MzU0NS02NGFiZDE5NDVkNzhjLTE4OTFkYzM4LTM5MjllYzJm 200
[debug] [2026-02-13T23:38:32.946Z] <<< [apiv2][body] GET https://cloudfunctions.googleapis.com/v1/operations/cHJvamVjdHMvbGl2ZWtpdC01ZWVmNi9sb2NhdGlvbnMvdXMtY2VudHJhbDEvb3BlcmF0aW9ucy9vcGVyYXRpb24tMTc3MTAyNTg5MzU0NS02NGFiZDE5NDVkNzhjLTE4OTFkYzM4LTM5MjllYzJm {"name":"operations/cHJvamVjdHMvbGl2ZWtpdC01ZWVmNi9sb2NhdGlvbnMvdXMtY2VudHJhbDEvb3BlcmF0aW9ucy9vcGVyYXRpb24tMTc3MTAyNTg5MzU0NS02NGFiZDE5NDVkNzhjLTE4OTFkYzM4LTM5MjllYzJm","metadata":{"@type":"type.googleapis.com/google.cloud.functions.v1.OperationMetadataV1","target":"projects/livekit-5eef6/locations/us-central1/functions/auditWaitingPatients","type":"CREATE_FUNCTION","request":{"@type":"type.googleapis.com/google.cloud.functions.v1.CloudFunction","name":"projects/livekit-5eef6/locations/us-central1/functions/auditWaitingPatients","eventTrigger":{"eventType":"providers/cloud.firestore/eventTypes/document.write","resource":"projects/livekit-5eef6/databases/(default)/documents/waitingPatients/{documentId}","failurePolicy":{}},"entryPoint":"auditWaitingPatients","updateTime":"1970-01-01T00:00:00Z","labels":{"deployment-tool":"cli-firebase","firebase-functions-hash":"c79278fe1212f3620dc3f2174b932608249c5093"},"sourceUploadUrl":"https://storage.googleapis.com/uploads-260470608838.us-central1.cloudfunctions.appspot.com/756b0ede-c3c7-4f95-8e3e-99bcc5d3d9ec.zip?GoogleAccessId=service-900456648225@gcf-admin-robot.iam.gserviceaccount.com&Expires=1771027619&Signature=edHfs8TKShJMp0UGAHn9BOBlWWD0iwlwyRDtYibakuW5A57R%2F%2Bz3qWbSUVsKjjvUKW9mvXyuVaU47VdWLN%2BRLhOUWmLYQM3uu6u2MMFc21wL5QKzNP9LYxwyC6B1UDT8YOYFPMTtxBr5eQVgar4FQAXiCXyINu%2B3NLN19xaHOkVhb4sRNm11aAFmhSKUOw8ptS%2BleFa8WhG%2FVFO2et0ZgvAsJrkatfIb2291TM7e53Voak5xM4cH0ZkkFWs%2FtJ5MGW%2BpEhkhVwiZnH9gTAJEiUj%2BBHB6l%2FrpMOhkpiPoVrLTfGmuO6%2Fiwmk7e%2BB7g%2BMFs2qNhT7vR0LN2FvZoayv0g%3D%3D","environmentVariables":{"FIREBASE_CONFIG":"{\"projectId\":\"livekit-5eef6\",\"storageBucket\":\"livekit-5eef6.firebasestorage.app\"}","GCLOUD_PROJECT":"livekit-5eef6","EVENTARC_CLOUD_EVENT_SOURCE":"projects/livekit-5eef6/locations/us-central1/functions/auditWaitingPatients"},"runtime":"nodejs22","buildEnvironmentVariables":{"GOOGLE_NODE_RUN_SCRIPTS":""},"sourceToken":"09f0da63-0ee4-4577-a6b7-093b6fa2006d","dockerRegistry":"ARTIFACT_REGISTRY"},"versionId":"1","updateTime":"2026-02-13T23:38:13.890900703Z","buildId":"c020d2f4-7422-4e40-a452-4e71b2bf1ae3","sourceToken":"09f0da63-0ee4-4577-a6b7-093b6fa2006d","buildName":"projects/900456648225/locations/us-central1/builds/c020d2f4-7422-4e40-a452-4e71b2bf1ae3"}}
[debug] [2026-02-13T23:38:32.946Z] Got source token 09f0da63-0ee4-4577-a6b7-093b6fa2006d for region us-central1
[debug] [2026-02-13T23:38:32.966Z] <<< [apiv2][status] GET https://cloudfunctions.googleapis.com/v1/operations/cHJvamVjdHMvbGl2ZWtpdC01ZWVmNi9sb2NhdGlvbnMvdXMtY2VudHJhbDEvb3BlcmF0aW9ucy9vcGVyYXRpb24tMTc3MTAyNTg5MzU0Ny02NGFiZDE5NDVkZTRhLTg5OTgzODU5LTlkZWU3MTM1 200
[debug] [2026-02-13T23:38:32.966Z] <<< [apiv2][body] GET https://cloudfunctions.googleapis.com/v1/operations/cHJvamVjdHMvbGl2ZWtpdC01ZWVmNi9sb2NhdGlvbnMvdXMtY2VudHJhbDEvb3BlcmF0aW9ucy9vcGVyYXRpb24tMTc3MTAyNTg5MzU0Ny02NGFiZDE5NDVkZTRhLTg5OTgzODU5LTlkZWU3MTM1 {"name":"operations/cHJvamVjdHMvbGl2ZWtpdC01ZWVmNi9sb2NhdGlvbnMvdXMtY2VudHJhbDEvb3BlcmF0aW9ucy9vcGVyYXRpb24tMTc3MTAyNTg5MzU0Ny02NGFiZDE5NDVkZTRhLTg5OTgzODU5LTlkZWU3MTM1","metadata":{"@type":"type.googleapis.com/google.cloud.functions.v1.OperationMetadataV1","target":"projects/livekit-5eef6/locations/us-central1/functions/autoDeleteSummaries","type":"CREATE_FUNCTION","request":{"@type":"type.googleapis.com/google.cloud.functions.v1.CloudFunction","name":"projects/livekit-5eef6/locations/us-central1/functions/autoDeleteSummaries","eventTrigger":{"eventType":"google.pubsub.topic.publish","resource":"projects/livekit-5eef6/topics/firebase-schedule-autoDeleteSummaries-us-central1","failurePolicy":{}},"entryPoint":"autoDeleteSummaries","updateTime":"1970-01-01T00:00:00Z","labels":{"deployment-tool":"cli-firebase","deployment-scheduled":"true","firebase-functions-hash":"c79278fe1212f3620dc3f2174b932608249c5093"},"sourceUploadUrl":"https://storage.googleapis.com/uploads-260470608838.us-central1.cloudfunctions.appspot.com/756b0ede-c3c7-4f95-8e3e-99bcc5d3d9ec.zip?GoogleAccessId=service-900456648225@gcf-admin-robot.iam.gserviceaccount.com&Expires=1771027619&Signature=edHfs8TKShJMp0UGAHn9BOBlWWD0iwlwyRDtYibakuW5A57R%2F%2Bz3qWbSUVsKjjvUKW9mvXyuVaU47VdWLN%2BRLhOUWmLYQM3uu6u2MMFc21wL5QKzNP9LYxwyC6B1UDT8YOYFPMTtxBr5eQVgar4FQAXiCXyINu%2B3NLN19xaHOkVhb4sRNm11aAFmhSKUOw8ptS%2BleFa8WhG%2FVFO2et0ZgvAsJrkatfIb2291TM7e53Voak5xM4cH0ZkkFWs%2FtJ5MGW%2BpEhkhVwiZnH9gTAJEiUj%2BBHB6l%2FrpMOhkpiPoVrLTfGmuO6%2Fiwmk7e%2BB7g%2BMFs2qNhT7vR0LN2FvZoayv0g%3D%3D","environmentVariables":{"FIREBASE_CONFIG":"{\"projectId\":\"livekit-5eef6\",\"storageBucket\":\"livekit-5eef6.firebasestorage.app\"}","GCLOUD_PROJECT":"livekit-5eef6","EVENTARC_CLOUD_EVENT_SOURCE":"projects/livekit-5eef6/locations/us-central1/functions/autoDeleteSummaries"},"runtime":"nodejs22","buildEnvironmentVariables":{"GOOGLE_NODE_RUN_SCRIPTS":""},"sourceToken":"09f0da63-0ee4-4577-a6b7-093b6fa2006d","dockerRegistry":"ARTIFACT_REGISTRY"},"versionId":"1","updateTime":"2026-02-13T23:38:31.346921429Z","buildId":"c020d2f4-7422-4e40-a452-4e71b2bf1ae3","sourceToken":"09f0da63-0ee4-4577-a6b7-093b6fa2006d","buildName":"projects/900456648225/locations/us-central1/builds/c020d2f4-7422-4e40-a452-4e71b2bf1ae3"},"done":true,"response":{"@type":"type.googleapis.com/google.cloud.functions.v1.CloudFunction","name":"projects/livekit-5eef6/locations/us-central1/functions/autoDeleteSummaries","eventTrigger":{"eventType":"google.pubsub.topic.publish","resource":"projects/livekit-5eef6/topics/firebase-schedule-autoDeleteSummaries-us-central1","service":"pubsub.googleapis.com","failurePolicy":{}},"status":"ACTIVE","entryPoint":"autoDeleteSummaries","timeout":"60s","availableMemoryMb":256,"serviceAccountEmail":"livekit-5eef6@appspot.gserviceaccount.com","updateTime":"2026-02-13T23:38:13.891458233Z","versionId":"1","labels":{"deployment-tool":"cli-firebase","deployment-scheduled":"true","firebase-functions-hash":"c79278fe1212f3620dc3f2174b932608249c5093"},"sourceUploadUrl":"https://storage.googleapis.com/uploads-260470608838.us-central1.cloudfunctions.appspot.com/756b0ede-c3c7-4f95-8e3e-99bcc5d3d9ec.zip","environmentVariables":{"FIREBASE_CONFIG":"{\"projectId\":\"livekit-5eef6\",\"storageBucket\":\"livekit-5eef6.firebasestorage.app\"}","GCLOUD_PROJECT":"livekit-5eef6","EVENTARC_CLOUD_EVENT_SOURCE":"projects/livekit-5eef6/locations/us-central1/functions/autoDeleteSummaries"},"runtime":"nodejs22","maxInstances":3000,"ingressSettings":"ALLOW_ALL","buildId":"c020d2f4-7422-4e40-a452-4e71b2bf1ae3","buildEnvironmentVariables":{"GOOGLE_NODE_RUN_SCRIPTS":""},"buildName":"projects/900456648225/locations/us-central1/builds/c020d2f4-7422-4e40-a452-4e71b2bf1ae3","dockerRegistry":"ARTIFACT_REGISTRY","automaticUpdatePolicy":{},"buildServiceAccount":"projects/livekit-5eef6/serviceAccounts/900456648225-compute@developer.gserviceaccount.com","satisfiesPzi":true}}
[debug] [2026-02-13T23:38:32.966Z] Got source token 09f0da63-0ee4-4577-a6b7-093b6fa2006d for region us-central1
[debug] [2026-02-13T23:38:32.967Z] Checked if tokens are valid: true, expires at: 1771027031198
[debug] [2026-02-13T23:38:32.967Z] Checked if tokens are valid: true, expires at: 1771027031198
[debug] [2026-02-13T23:38:32.967Z] >>> [apiv2][query] GET https://cloudscheduler.googleapis.com/v1/projects/livekit-5eef6/locations/us-central1/jobs/firebase-schedule-autoDeleteSummaries-us-central1 [none]
[debug] [2026-02-13T23:38:32.974Z] <<< [apiv2][status] GET https://cloudfunctions.googleapis.com/v1/operations/cHJvamVjdHMvbGl2ZWtpdC01ZWVmNi9sb2NhdGlvbnMvdXMtY2VudHJhbDEvb3BlcmF0aW9ucy9vcGVyYXRpb24tMTc3MTAyNTg5MzU2My02NGFiZDE5NDYxZGUyLTZmMGM3YzBlLWViNDdmMjZh 200
[debug] [2026-02-13T23:38:32.975Z] <<< [apiv2][body] GET https://cloudfunctions.googleapis.com/v1/operations/cHJvamVjdHMvbGl2ZWtpdC01ZWVmNi9sb2NhdGlvbnMvdXMtY2VudHJhbDEvb3BlcmF0aW9ucy9vcGVyYXRpb24tMTc3MTAyNTg5MzU2My02NGFiZDE5NDYxZGUyLTZmMGM3YzBlLWViNDdmMjZh {"name":"operations/cHJvamVjdHMvbGl2ZWtpdC01ZWVmNi9sb2NhdGlvbnMvdXMtY2VudHJhbDEvb3BlcmF0aW9ucy9vcGVyYXRpb24tMTc3MTAyNTg5MzU2My02NGFiZDE5NDYxZGUyLTZmMGM3YzBlLWViNDdmMjZh","metadata":{"@type":"type.googleapis.com/google.cloud.functions.v1.OperationMetadataV1","target":"projects/livekit-5eef6/locations/us-central1/functions/auditConsultationSessions","type":"CREATE_FUNCTION","request":{"@type":"type.googleapis.com/google.cloud.functions.v1.CloudFunction","name":"projects/livekit-5eef6/locations/us-central1/functions/auditConsultationSessions","eventTrigger":{"eventType":"providers/cloud.firestore/eventTypes/document.write","resource":"projects/livekit-5eef6/databases/(default)/documents/consultationSessions/{documentId}","failurePolicy":{}},"entryPoint":"auditConsultationSessions","updateTime":"1970-01-01T00:00:00Z","labels":{"deployment-tool":"cli-firebase","firebase-functions-hash":"c79278fe1212f3620dc3f2174b932608249c5093"},"sourceUploadUrl":"https://storage.googleapis.com/uploads-260470608838.us-central1.cloudfunctions.appspot.com/756b0ede-c3c7-4f95-8e3e-99bcc5d3d9ec.zip?GoogleAccessId=service-900456648225@gcf-admin-robot.iam.gserviceaccount.com&Expires=1771027619&Signature=edHfs8TKShJMp0UGAHn9BOBlWWD0iwlwyRDtYibakuW5A57R%2F%2Bz3qWbSUVsKjjvUKW9mvXyuVaU47VdWLN%2BRLhOUWmLYQM3uu6u2MMFc21wL5QKzNP9LYxwyC6B1UDT8YOYFPMTtxBr5eQVgar4FQAXiCXyINu%2B3NLN19xaHOkVhb4sRNm11aAFmhSKUOw8ptS%2BleFa8WhG%2FVFO2et0ZgvAsJrkatfIb2291TM7e53Voak5xM4cH0ZkkFWs%2FtJ5MGW%2BpEhkhVwiZnH9gTAJEiUj%2BBHB6l%2FrpMOhkpiPoVrLTfGmuO6%2Fiwmk7e%2BB7g%2BMFs2qNhT7vR0LN2FvZoayv0g%3D%3D","environmentVariables":{"FIREBASE_CONFIG":"{\"projectId\":\"livekit-5eef6\",\"storageBucket\":\"livekit-5eef6.firebasestorage.app\"}","GCLOUD_PROJECT":"livekit-5eef6","EVENTARC_CLOUD_EVENT_SOURCE":"projects/livekit-5eef6/locations/us-central1/functions/auditConsultationSessions"},"runtime":"nodejs22","buildEnvironmentVariables":{"GOOGLE_NODE_RUN_SCRIPTS":""},"sourceToken":"09f0da63-0ee4-4577-a6b7-093b6fa2006d","dockerRegistry":"ARTIFACT_REGISTRY"},"versionId":"1","updateTime":"2026-02-13T23:38:13.904256038Z","buildId":"c020d2f4-7422-4e40-a452-4e71b2bf1ae3","sourceToken":"09f0da63-0ee4-4577-a6b7-093b6fa2006d","buildName":"projects/900456648225/locations/us-central1/builds/c020d2f4-7422-4e40-a452-4e71b2bf1ae3"}}
[debug] [2026-02-13T23:38:32.975Z] Got source token 09f0da63-0ee4-4577-a6b7-093b6fa2006d for region us-central1
[debug] [2026-02-13T23:38:33.014Z] <<< [apiv2][status] POST https://cloudfunctions.googleapis.com/v1/projects/livekit-5eef6/locations/us-central1/functions/getDeletionStats:setIamPolicy 200
[debug] [2026-02-13T23:38:33.014Z] <<< [apiv2][body] POST https://cloudfunctions.googleapis.com/v1/projects/livekit-5eef6/locations/us-central1/functions/getDeletionStats:setIamPolicy {"version":1,"etag":"BwZKvRpgcEc=","bindings":[{"role":"roles/cloudfunctions.invoker","members":["allUsers"]}]}
[info] +  functions[getDeletionStats(us-central1)] Successful create operation. 
[debug] [2026-02-13T23:38:33.168Z] <<< [apiv2][status] GET https://cloudfunctions.googleapis.com/v1/operations/cHJvamVjdHMvbGl2ZWtpdC01ZWVmNi9sb2NhdGlvbnMvdXMtY2VudHJhbDEvb3BlcmF0aW9ucy9vcGVyYXRpb24tMTc3MTAyNTg5MzQ1MS02NGFiZDE5NDQ2OGEwLWU2MWRlOWZmLTYyNTc5NzI4 200
[debug] [2026-02-13T23:38:33.168Z] <<< [apiv2][body] GET https://cloudfunctions.googleapis.com/v1/operations/cHJvamVjdHMvbGl2ZWtpdC01ZWVmNi9sb2NhdGlvbnMvdXMtY2VudHJhbDEvb3BlcmF0aW9ucy9vcGVyYXRpb24tMTc3MTAyNTg5MzQ1MS02NGFiZDE5NDQ2OGEwLWU2MWRlOWZmLTYyNTc5NzI4 {"name":"operations/cHJvamVjdHMvbGl2ZWtpdC01ZWVmNi9sb2NhdGlvbnMvdXMtY2VudHJhbDEvb3BlcmF0aW9ucy9vcGVyYXRpb24tMTc3MTAyNTg5MzQ1MS02NGFiZDE5NDQ2OGEwLWU2MWRlOWZmLTYyNTc5NzI4","metadata":{"@type":"type.googleapis.com/google.cloud.functions.v1.OperationMetadataV1","target":"projects/livekit-5eef6/locations/us-central1/functions/auditUsers","type":"CREATE_FUNCTION","request":{"@type":"type.googleapis.com/google.cloud.functions.v1.CloudFunction","name":"projects/livekit-5eef6/locations/us-central1/functions/auditUsers","eventTrigger":{"eventType":"providers/cloud.firestore/eventTypes/document.write","resource":"projects/livekit-5eef6/databases/(default)/documents/users/{documentId}","failurePolicy":{}},"entryPoint":"auditUsers","updateTime":"1970-01-01T00:00:00Z","labels":{"deployment-tool":"cli-firebase","firebase-functions-hash":"c79278fe1212f3620dc3f2174b932608249c5093"},"sourceUploadUrl":"https://storage.googleapis.com/uploads-260470608838.us-central1.cloudfunctions.appspot.com/756b0ede-c3c7-4f95-8e3e-99bcc5d3d9ec.zip?GoogleAccessId=service-900456648225@gcf-admin-robot.iam.gserviceaccount.com&Expires=1771027619&Signature=edHfs8TKShJMp0UGAHn9BOBlWWD0iwlwyRDtYibakuW5A57R%2F%2Bz3qWbSUVsKjjvUKW9mvXyuVaU47VdWLN%2BRLhOUWmLYQM3uu6u2MMFc21wL5QKzNP9LYxwyC6B1UDT8YOYFPMTtxBr5eQVgar4FQAXiCXyINu%2B3NLN19xaHOkVhb4sRNm11aAFmhSKUOw8ptS%2BleFa8WhG%2FVFO2et0ZgvAsJrkatfIb2291TM7e53Voak5xM4cH0ZkkFWs%2FtJ5MGW%2BpEhkhVwiZnH9gTAJEiUj%2BBHB6l%2FrpMOhkpiPoVrLTfGmuO6%2Fiwmk7e%2BB7g%2BMFs2qNhT7vR0LN2FvZoayv0g%3D%3D","environmentVariables":{"FIREBASE_CONFIG":"{\"projectId\":\"livekit-5eef6\",\"storageBucket\":\"livekit-5eef6.firebasestorage.app\"}","GCLOUD_PROJECT":"livekit-5eef6","EVENTARC_CLOUD_EVENT_SOURCE":"projects/livekit-5eef6/locations/us-central1/functions/auditUsers"},"runtime":"nodejs22","buildEnvironmentVariables":{"GOOGLE_NODE_RUN_SCRIPTS":""},"sourceToken":"09f0da63-0ee4-4577-a6b7-093b6fa2006d","dockerRegistry":"ARTIFACT_REGISTRY"},"versionId":"1","updateTime":"2026-02-13T23:38:13.891610908Z","buildId":"c020d2f4-7422-4e40-a452-4e71b2bf1ae3","sourceToken":"09f0da63-0ee4-4577-a6b7-093b6fa2006d","buildName":"projects/900456648225/locations/us-central1/builds/c020d2f4-7422-4e40-a452-4e71b2bf1ae3"}}
[debug] [2026-02-13T23:38:33.168Z] Got source token 09f0da63-0ee4-4577-a6b7-093b6fa2006d for region us-central1
[debug] [2026-02-13T23:38:33.231Z] <<< [apiv2][status] GET https://cloudfunctions.googleapis.com/v1/operations/cHJvamVjdHMvbGl2ZWtpdC01ZWVmNi9sb2NhdGlvbnMvdXMtY2VudHJhbDEvb3BlcmF0aW9ucy9vcGVyYXRpb24tMTc3MTAyNTg5MzU1Mi02NGFiZDE5NDVmMzU4LTIzZTA4M2JlLTEzMjgzZjBm 200
[debug] [2026-02-13T23:38:33.231Z] <<< [apiv2][body] GET https://cloudfunctions.googleapis.com/v1/operations/cHJvamVjdHMvbGl2ZWtpdC01ZWVmNi9sb2NhdGlvbnMvdXMtY2VudHJhbDEvb3BlcmF0aW9ucy9vcGVyYXRpb24tMTc3MTAyNTg5MzU1Mi02NGFiZDE5NDVmMzU4LTIzZTA4M2JlLTEzMjgzZjBm {"name":"operations/cHJvamVjdHMvbGl2ZWtpdC01ZWVmNi9sb2NhdGlvbnMvdXMtY2VudHJhbDEvb3BlcmF0aW9ucy9vcGVyYXRpb24tMTc3MTAyNTg5MzU1Mi02NGFiZDE5NDVmMzU4LTIzZTA4M2JlLTEzMjgzZjBm","metadata":{"@type":"type.googleapis.com/google.cloud.functions.v1.OperationMetadataV1","target":"projects/livekit-5eef6/locations/us-central1/functions/auditConsultationSessionEvents","type":"CREATE_FUNCTION","request":{"@type":"type.googleapis.com/google.cloud.functions.v1.CloudFunction","name":"projects/livekit-5eef6/locations/us-central1/functions/auditConsultationSessionEvents","eventTrigger":{"eventType":"providers/cloud.firestore/eventTypes/document.write","resource":"projects/livekit-5eef6/databases/(default)/documents/consultationSessions/{consultationSessionId}/events/{eventId}","failurePolicy":{}},"entryPoint":"auditConsultationSessionEvents","updateTime":"1970-01-01T00:00:00Z","labels":{"deployment-tool":"cli-firebase","firebase-functions-hash":"c79278fe1212f3620dc3f2174b932608249c5093"},"sourceUploadUrl":"https://storage.googleapis.com/uploads-260470608838.us-central1.cloudfunctions.appspot.com/756b0ede-c3c7-4f95-8e3e-99bcc5d3d9ec.zip?GoogleAccessId=service-900456648225@gcf-admin-robot.iam.gserviceaccount.com&Expires=1771027619&Signature=edHfs8TKShJMp0UGAHn9BOBlWWD0iwlwyRDtYibakuW5A57R%2F%2Bz3qWbSUVsKjjvUKW9mvXyuVaU47VdWLN%2BRLhOUWmLYQM3uu6u2MMFc21wL5QKzNP9LYxwyC6B1UDT8YOYFPMTtxBr5eQVgar4FQAXiCXyINu%2B3NLN19xaHOkVhb4sRNm11aAFmhSKUOw8ptS%2BleFa8WhG%2FVFO2et0ZgvAsJrkatfIb2291TM7e53Voak5xM4cH0ZkkFWs%2FtJ5MGW%2BpEhkhVwiZnH9gTAJEiUj%2BBHB6l%2FrpMOhkpiPoVrLTfGmuO6%2Fiwmk7e%2BB7g%2BMFs2qNhT7vR0LN2FvZoayv0g%3D%3D","environmentVariables":{"FIREBASE_CONFIG":"{\"projectId\":\"livekit-5eef6\",\"storageBucket\":\"livekit-5eef6.firebasestorage.app\"}","GCLOUD_PROJECT":"livekit-5eef6","EVENTARC_CLOUD_EVENT_SOURCE":"projects/livekit-5eef6/locations/us-central1/functions/auditConsultationSessionEvents"},"runtime":"nodejs22","buildEnvironmentVariables":{"GOOGLE_NODE_RUN_SCRIPTS":""},"sourceToken":"09f0da63-0ee4-4577-a6b7-093b6fa2006d","dockerRegistry":"ARTIFACT_REGISTRY"},"versionId":"1","updateTime":"2026-02-13T23:38:13.913531798Z","buildId":"c020d2f4-7422-4e40-a452-4e71b2bf1ae3","sourceToken":"09f0da63-0ee4-4577-a6b7-093b6fa2006d","buildName":"projects/900456648225/locations/us-central1/builds/c020d2f4-7422-4e40-a452-4e71b2bf1ae3"}}
[debug] [2026-02-13T23:38:33.231Z] Got source token 09f0da63-0ee4-4577-a6b7-093b6fa2006d for region us-central1
[debug] [2026-02-13T23:38:33.352Z] <<< [apiv2][status] GET https://cloudfunctions.googleapis.com/v1/operations/cHJvamVjdHMvbGl2ZWtpdC01ZWVmNi9sb2NhdGlvbnMvdXMtY2VudHJhbDEvb3BlcmF0aW9ucy9vcGVyYXRpb24tMTc3MTAyNTg5MzU0NS02NGFiZDE5NDVkNzgwLWYwMTcwNTI2LWI0NWFmYjVj 200
[debug] [2026-02-13T23:38:33.352Z] <<< [apiv2][body] GET https://cloudfunctions.googleapis.com/v1/operations/cHJvamVjdHMvbGl2ZWtpdC01ZWVmNi9sb2NhdGlvbnMvdXMtY2VudHJhbDEvb3BlcmF0aW9ucy9vcGVyYXRpb24tMTc3MTAyNTg5MzU0NS02NGFiZDE5NDVkNzgwLWYwMTcwNTI2LWI0NWFmYjVj {"name":"operations/cHJvamVjdHMvbGl2ZWtpdC01ZWVmNi9sb2NhdGlvbnMvdXMtY2VudHJhbDEvb3BlcmF0aW9ucy9vcGVyYXRpb24tMTc3MTAyNTg5MzU0NS02NGFiZDE5NDVkNzgwLWYwMTcwNTI2LWI0NWFmYjVj","metadata":{"@type":"type.googleapis.com/google.cloud.functions.v1.OperationMetadataV1","target":"projects/livekit-5eef6/locations/us-central1/functions/auditInvitations","type":"CREATE_FUNCTION","request":{"@type":"type.googleapis.com/google.cloud.functions.v1.CloudFunction","name":"projects/livekit-5eef6/locations/us-central1/functions/auditInvitations","eventTrigger":{"eventType":"providers/cloud.firestore/eventTypes/document.write","resource":"projects/livekit-5eef6/databases/(default)/documents/invitations/{documentId}","failurePolicy":{}},"entryPoint":"auditInvitations","updateTime":"1970-01-01T00:00:00Z","labels":{"deployment-tool":"cli-firebase","firebase-functions-hash":"c79278fe1212f3620dc3f2174b932608249c5093"},"sourceUploadUrl":"https://storage.googleapis.com/uploads-260470608838.us-central1.cloudfunctions.appspot.com/756b0ede-c3c7-4f95-8e3e-99bcc5d3d9ec.zip?GoogleAccessId=service-900456648225@gcf-admin-robot.iam.gserviceaccount.com&Expires=1771027619&Signature=edHfs8TKShJMp0UGAHn9BOBlWWD0iwlwyRDtYibakuW5A57R%2F%2Bz3qWbSUVsKjjvUKW9mvXyuVaU47VdWLN%2BRLhOUWmLYQM3uu6u2MMFc21wL5QKzNP9LYxwyC6B1UDT8YOYFPMTtxBr5eQVgar4FQAXiCXyINu%2B3NLN19xaHOkVhb4sRNm11aAFmhSKUOw8ptS%2BleFa8WhG%2FVFO2et0ZgvAsJrkatfIb2291TM7e53Voak5xM4cH0ZkkFWs%2FtJ5MGW%2BpEhkhVwiZnH9gTAJEiUj%2BBHB6l%2FrpMOhkpiPoVrLTfGmuO6%2Fiwmk7e%2BB7g%2BMFs2qNhT7vR0LN2FvZoayv0g%3D%3D","environmentVariables":{"FIREBASE_CONFIG":"{\"projectId\":\"livekit-5eef6\",\"storageBucket\":\"livekit-5eef6.firebasestorage.app\"}","GCLOUD_PROJECT":"livekit-5eef6","EVENTARC_CLOUD_EVENT_SOURCE":"projects/livekit-5eef6/locations/us-central1/functions/auditInvitations"},"runtime":"nodejs22","buildEnvironmentVariables":{"GOOGLE_NODE_RUN_SCRIPTS":""},"sourceToken":"09f0da63-0ee4-4577-a6b7-093b6fa2006d","dockerRegistry":"ARTIFACT_REGISTRY"},"versionId":"1","updateTime":"2026-02-13T23:38:13.918226832Z","buildId":"c020d2f4-7422-4e40-a452-4e71b2bf1ae3","sourceToken":"09f0da63-0ee4-4577-a6b7-093b6fa2006d","buildName":"projects/900456648225/locations/us-central1/builds/c020d2f4-7422-4e40-a452-4e71b2bf1ae3"}}
[debug] [2026-02-13T23:38:33.352Z] Got source token 09f0da63-0ee4-4577-a6b7-093b6fa2006d for region us-central1
[debug] [2026-02-13T23:38:33.366Z] <<< [apiv2][status] GET https://cloudfunctions.googleapis.com/v1/operations/cHJvamVjdHMvbGl2ZWtpdC01ZWVmNi9sb2NhdGlvbnMvdXMtY2VudHJhbDEvb3BlcmF0aW9ucy9vcGVyYXRpb24tMTc3MTAyNTg5MzU0Mi02NGFiZDE5NDVjOGQzLTUxNWMwMjNlLWU5MGQ2Nzcz 200
[debug] [2026-02-13T23:38:33.366Z] <<< [apiv2][body] GET https://cloudfunctions.googleapis.com/v1/operations/cHJvamVjdHMvbGl2ZWtpdC01ZWVmNi9sb2NhdGlvbnMvdXMtY2VudHJhbDEvb3BlcmF0aW9ucy9vcGVyYXRpb24tMTc3MTAyNTg5MzU0Mi02NGFiZDE5NDVjOGQzLTUxNWMwMjNlLWU5MGQ2Nzcz {"name":"operations/cHJvamVjdHMvbGl2ZWtpdC01ZWVmNi9sb2NhdGlvbnMvdXMtY2VudHJhbDEvb3BlcmF0aW9ucy9vcGVyYXRpb24tMTc3MTAyNTg5MzU0Mi02NGFiZDE5NDVjOGQzLTUxNWMwMjNlLWU5MGQ2Nzcz","metadata":{"@type":"type.googleapis.com/google.cloud.functions.v1.OperationMetadataV1","target":"projects/livekit-5eef6/locations/us-central1/functions/auditCallSummaries","type":"CREATE_FUNCTION","request":{"@type":"type.googleapis.com/google.cloud.functions.v1.CloudFunction","name":"projects/livekit-5eef6/locations/us-central1/functions/auditCallSummaries","eventTrigger":{"eventType":"providers/cloud.firestore/eventTypes/document.write","resource":"projects/livekit-5eef6/databases/(default)/documents/call-summaries/{documentId}","failurePolicy":{}},"entryPoint":"auditCallSummaries","updateTime":"1970-01-01T00:00:00Z","labels":{"deployment-tool":"cli-firebase","firebase-functions-hash":"c79278fe1212f3620dc3f2174b932608249c5093"},"sourceUploadUrl":"https://storage.googleapis.com/uploads-260470608838.us-central1.cloudfunctions.appspot.com/756b0ede-c3c7-4f95-8e3e-99bcc5d3d9ec.zip?GoogleAccessId=service-900456648225@gcf-admin-robot.iam.gserviceaccount.com&Expires=1771027619&Signature=edHfs8TKShJMp0UGAHn9BOBlWWD0iwlwyRDtYibakuW5A57R%2F%2Bz3qWbSUVsKjjvUKW9mvXyuVaU47VdWLN%2BRLhOUWmLYQM3uu6u2MMFc21wL5QKzNP9LYxwyC6B1UDT8YOYFPMTtxBr5eQVgar4FQAXiCXyINu%2B3NLN19xaHOkVhb4sRNm11aAFmhSKUOw8ptS%2BleFa8WhG%2FVFO2et0ZgvAsJrkatfIb2291TM7e53Voak5xM4cH0ZkkFWs%2FtJ5MGW%2BpEhkhVwiZnH9gTAJEiUj%2BBHB6l%2FrpMOhkpiPoVrLTfGmuO6%2Fiwmk7e%2BB7g%2BMFs2qNhT7vR0LN2FvZoayv0g%3D%3D","environmentVariables":{"FIREBASE_CONFIG":"{\"projectId\":\"livekit-5eef6\",\"storageBucket\":\"livekit-5eef6.firebasestorage.app\"}","GCLOUD_PROJECT":"livekit-5eef6","EVENTARC_CLOUD_EVENT_SOURCE":"projects/livekit-5eef6/locations/us-central1/functions/auditCallSummaries"},"runtime":"nodejs22","buildEnvironmentVariables":{"GOOGLE_NODE_RUN_SCRIPTS":""},"sourceToken":"09f0da63-0ee4-4577-a6b7-093b6fa2006d","dockerRegistry":"ARTIFACT_REGISTRY"},"versionId":"1","updateTime":"2026-02-13T23:38:13.921722093Z","buildId":"c020d2f4-7422-4e40-a452-4e71b2bf1ae3","sourceToken":"09f0da63-0ee4-4577-a6b7-093b6fa2006d","buildName":"projects/900456648225/locations/us-central1/builds/c020d2f4-7422-4e40-a452-4e71b2bf1ae3"}}
[debug] [2026-02-13T23:38:33.366Z] Got source token 09f0da63-0ee4-4577-a6b7-093b6fa2006d for region us-central1
[debug] [2026-02-13T23:38:33.370Z] <<< [apiv2][status] GET https://cloudfunctions.googleapis.com/v1/operations/cHJvamVjdHMvbGl2ZWtpdC01ZWVmNi9sb2NhdGlvbnMvdXMtY2VudHJhbDEvb3BlcmF0aW9ucy9vcGVyYXRpb24tMTc3MTAyNTg5MzU2OC02NGFiZDE5NDYyZTg5LTRmNmFmMmJlLWQ0MzAyODky 200
[debug] [2026-02-13T23:38:33.370Z] <<< [apiv2][body] GET https://cloudfunctions.googleapis.com/v1/operations/cHJvamVjdHMvbGl2ZWtpdC01ZWVmNi9sb2NhdGlvbnMvdXMtY2VudHJhbDEvb3BlcmF0aW9ucy9vcGVyYXRpb24tMTc3MTAyNTg5MzU2OC02NGFiZDE5NDYyZTg5LTRmNmFmMmJlLWQ0MzAyODky {"name":"operations/cHJvamVjdHMvbGl2ZWtpdC01ZWVmNi9sb2NhdGlvbnMvdXMtY2VudHJhbDEvb3BlcmF0aW9ucy9vcGVyYXRpb24tMTc3MTAyNTg5MzU2OC02NGFiZDE5NDYyZTg5LTRmNmFmMmJlLWQ0MzAyODky","metadata":{"@type":"type.googleapis.com/google.cloud.functions.v1.OperationMetadataV1","target":"projects/livekit-5eef6/locations/us-central1/functions/auditConsultationDocuments","type":"CREATE_FUNCTION","request":{"@type":"type.googleapis.com/google.cloud.functions.v1.CloudFunction","name":"projects/livekit-5eef6/locations/us-central1/functions/auditConsultationDocuments","eventTrigger":{"eventType":"providers/cloud.firestore/eventTypes/document.write","resource":"projects/livekit-5eef6/databases/(default)/documents/consultations/{documentId}","failurePolicy":{}},"entryPoint":"auditConsultationDocuments","updateTime":"1970-01-01T00:00:00Z","labels":{"deployment-tool":"cli-firebase","firebase-functions-hash":"c79278fe1212f3620dc3f2174b932608249c5093"},"sourceUploadUrl":"https://storage.googleapis.com/uploads-260470608838.us-central1.cloudfunctions.appspot.com/756b0ede-c3c7-4f95-8e3e-99bcc5d3d9ec.zip?GoogleAccessId=service-900456648225@gcf-admin-robot.iam.gserviceaccount.com&Expires=1771027619&Signature=edHfs8TKShJMp0UGAHn9BOBlWWD0iwlwyRDtYibakuW5A57R%2F%2Bz3qWbSUVsKjjvUKW9mvXyuVaU47VdWLN%2BRLhOUWmLYQM3uu6u2MMFc21wL5QKzNP9LYxwyC6B1UDT8YOYFPMTtxBr5eQVgar4FQAXiCXyINu%2B3NLN19xaHOkVhb4sRNm11aAFmhSKUOw8ptS%2BleFa8WhG%2FVFO2et0ZgvAsJrkatfIb2291TM7e53Voak5xM4cH0ZkkFWs%2FtJ5MGW%2BpEhkhVwiZnH9gTAJEiUj%2BBHB6l%2FrpMOhkpiPoVrLTfGmuO6%2Fiwmk7e%2BB7g%2BMFs2qNhT7vR0LN2FvZoayv0g%3D%3D","environmentVariables":{"FIREBASE_CONFIG":"{\"projectId\":\"livekit-5eef6\",\"storageBucket\":\"livekit-5eef6.firebasestorage.app\"}","GCLOUD_PROJECT":"livekit-5eef6","EVENTARC_CLOUD_EVENT_SOURCE":"projects/livekit-5eef6/locations/us-central1/functions/auditConsultationDocuments"},"runtime":"nodejs22","buildEnvironmentVariables":{"GOOGLE_NODE_RUN_SCRIPTS":""},"sourceToken":"09f0da63-0ee4-4577-a6b7-093b6fa2006d","dockerRegistry":"ARTIFACT_REGISTRY"},"versionId":"1","updateTime":"2026-02-13T23:38:13.964706663Z","buildId":"c020d2f4-7422-4e40-a452-4e71b2bf1ae3","sourceToken":"09f0da63-0ee4-4577-a6b7-093b6fa2006d","buildName":"projects/900456648225/locations/us-central1/builds/c020d2f4-7422-4e40-a452-4e71b2bf1ae3"}}
[debug] [2026-02-13T23:38:33.370Z] Got source token 09f0da63-0ee4-4577-a6b7-093b6fa2006d for region us-central1
[debug] [2026-02-13T23:38:33.385Z] <<< [apiv2][status] GET https://cloudfunctions.googleapis.com/v1/operations/cHJvamVjdHMvbGl2ZWtpdC01ZWVmNi9sb2NhdGlvbnMvdXMtY2VudHJhbDEvb3BlcmF0aW9ucy9vcGVyYXRpb24tMTc3MTAyNTg5MzQxOS02NGFiZDE5NDNlOTE3LTMxMGM0M2MwLTQyMDljMGVi 200
[debug] [2026-02-13T23:38:33.385Z] <<< [apiv2][body] GET https://cloudfunctions.googleapis.com/v1/operations/cHJvamVjdHMvbGl2ZWtpdC01ZWVmNi9sb2NhdGlvbnMvdXMtY2VudHJhbDEvb3BlcmF0aW9ucy9vcGVyYXRpb24tMTc3MTAyNTg5MzQxOS02NGFiZDE5NDNlOTE3LTMxMGM0M2MwLTQyMDljMGVi {"name":"operations/cHJvamVjdHMvbGl2ZWtpdC01ZWVmNi9sb2NhdGlvbnMvdXMtY2VudHJhbDEvb3BlcmF0aW9ucy9vcGVyYXRpb24tMTc3MTAyNTg5MzQxOS02NGFiZDE5NDNlOTE3LTMxMGM0M2MwLTQyMDljMGVi","metadata":{"@type":"type.googleapis.com/google.cloud.functions.v1.OperationMetadataV1","target":"projects/livekit-5eef6/locations/us-central1/functions/manualDeleteSummary","type":"CREATE_FUNCTION","request":{"@type":"type.googleapis.com/google.cloud.functions.v1.CloudFunction","name":"projects/livekit-5eef6/locations/us-central1/functions/manualDeleteSummary","httpsTrigger":{"securityLevel":"SECURE_ALWAYS"},"entryPoint":"manualDeleteSummary","updateTime":"1970-01-01T00:00:00Z","labels":{"deployment-tool":"cli-firebase","deployment-callable":"true","firebase-functions-hash":"c79278fe1212f3620dc3f2174b932608249c5093"},"sourceUploadUrl":"https://storage.googleapis.com/uploads-260470608838.us-central1.cloudfunctions.appspot.com/756b0ede-c3c7-4f95-8e3e-99bcc5d3d9ec.zip?GoogleAccessId=service-900456648225@gcf-admin-robot.iam.gserviceaccount.com&Expires=1771027619&Signature=edHfs8TKShJMp0UGAHn9BOBlWWD0iwlwyRDtYibakuW5A57R%2F%2Bz3qWbSUVsKjjvUKW9mvXyuVaU47VdWLN%2BRLhOUWmLYQM3uu6u2MMFc21wL5QKzNP9LYxwyC6B1UDT8YOYFPMTtxBr5eQVgar4FQAXiCXyINu%2B3NLN19xaHOkVhb4sRNm11aAFmhSKUOw8ptS%2BleFa8WhG%2FVFO2et0ZgvAsJrkatfIb2291TM7e53Voak5xM4cH0ZkkFWs%2FtJ5MGW%2BpEhkhVwiZnH9gTAJEiUj%2BBHB6l%2FrpMOhkpiPoVrLTfGmuO6%2Fiwmk7e%2BB7g%2BMFs2qNhT7vR0LN2FvZoayv0g%3D%3D","environmentVariables":{"FIREBASE_CONFIG":"{\"projectId\":\"livekit-5eef6\",\"storageBucket\":\"livekit-5eef6.firebasestorage.app\"}","GCLOUD_PROJECT":"livekit-5eef6","EVENTARC_CLOUD_EVENT_SOURCE":"projects/livekit-5eef6/locations/us-central1/functions/manualDeleteSummary"},"runtime":"nodejs22","buildEnvironmentVariables":{"GOOGLE_NODE_RUN_SCRIPTS":""},"sourceToken":"09f0da63-0ee4-4577-a6b7-093b6fa2006d","dockerRegistry":"ARTIFACT_REGISTRY"},"versionId":"1","updateTime":"2026-02-13T23:38:29.109012669Z","buildId":"c020d2f4-7422-4e40-a452-4e71b2bf1ae3","sourceToken":"09f0da63-0ee4-4577-a6b7-093b6fa2006d","buildName":"projects/900456648225/locations/us-central1/builds/c020d2f4-7422-4e40-a452-4e71b2bf1ae3"},"done":true,"response":{"@type":"type.googleapis.com/google.cloud.functions.v1.CloudFunction","name":"projects/livekit-5eef6/locations/us-central1/functions/manualDeleteSummary","httpsTrigger":{"url":"https://us-central1-livekit-5eef6.cloudfunctions.net/manualDeleteSummary","securityLevel":"SECURE_ALWAYS"},"status":"ACTIVE","entryPoint":"manualDeleteSummary","timeout":"60s","availableMemoryMb":256,"serviceAccountEmail":"livekit-5eef6@appspot.gserviceaccount.com","updateTime":"2026-02-13T23:38:13.840561912Z","versionId":"1","labels":{"deployment-tool":"cli-firebase","deployment-callable":"true","firebase-functions-hash":"c79278fe1212f3620dc3f2174b932608249c5093"},"sourceUploadUrl":"https://storage.googleapis.com/uploads-260470608838.us-central1.cloudfunctions.appspot.com/756b0ede-c3c7-4f95-8e3e-99bcc5d3d9ec.zip","environmentVariables":{"FIREBASE_CONFIG":"{\"projectId\":\"livekit-5eef6\",\"storageBucket\":\"livekit-5eef6.firebasestorage.app\"}","GCLOUD_PROJECT":"livekit-5eef6","EVENTARC_CLOUD_EVENT_SOURCE":"projects/livekit-5eef6/locations/us-central1/functions/manualDeleteSummary"},"runtime":"nodejs22","ingressSettings":"ALLOW_ALL","buildId":"c020d2f4-7422-4e40-a452-4e71b2bf1ae3","buildEnvironmentVariables":{"GOOGLE_NODE_RUN_SCRIPTS":""},"buildName":"projects/900456648225/locations/us-central1/builds/c020d2f4-7422-4e40-a452-4e71b2bf1ae3","dockerRegistry":"ARTIFACT_REGISTRY","automaticUpdatePolicy":{},"buildServiceAccount":"projects/livekit-5eef6/serviceAccounts/900456648225-compute@developer.gserviceaccount.com","satisfiesPzi":true}}
[debug] [2026-02-13T23:38:33.386Z] Got source token 09f0da63-0ee4-4577-a6b7-093b6fa2006d for region us-central1
[debug] [2026-02-13T23:38:33.386Z] Checked if tokens are valid: true, expires at: 1771027031198
[debug] [2026-02-13T23:38:33.386Z] Checked if tokens are valid: true, expires at: 1771027031198
[debug] [2026-02-13T23:38:33.386Z] >>> [apiv2][query] POST https://cloudfunctions.googleapis.com/v1/projects/livekit-5eef6/locations/us-central1/functions/manualDeleteSummary:setIamPolicy [none]
[debug] [2026-02-13T23:38:33.386Z] >>> [apiv2][body] POST https://cloudfunctions.googleapis.com/v1/projects/livekit-5eef6/locations/us-central1/functions/manualDeleteSummary:setIamPolicy {"policy":{"bindings":[{"role":"roles/cloudfunctions.invoker","members":["allUsers"]}],"etag":"","version":3},"updateMask":"bindings,etag,version"}
[debug] [2026-02-13T23:38:33.952Z] <<< [apiv2][status] POST https://cloudfunctions.googleapis.com/v1/projects/livekit-5eef6/locations/us-central1/functions/manualDeleteSummary:setIamPolicy 200
[debug] [2026-02-13T23:38:33.952Z] <<< [apiv2][body] POST https://cloudfunctions.googleapis.com/v1/projects/livekit-5eef6/locations/us-central1/functions/manualDeleteSummary:setIamPolicy {"version":1,"etag":"BwZKvRpuj10=","bindings":[{"role":"roles/cloudfunctions.invoker","members":["allUsers"]}]}
[info] +  functions[manualDeleteSummary(us-central1)] Successful create operation. 
[debug] [2026-02-13T23:38:34.087Z] <<< [apiv2][status] GET https://cloudscheduler.googleapis.com/v1/projects/livekit-5eef6/locations/us-central1/jobs/firebase-schedule-autoDeleteSummaries-us-central1 404
[debug] [2026-02-13T23:38:34.087Z] <<< [apiv2][body] GET https://cloudscheduler.googleapis.com/v1/projects/livekit-5eef6/locations/us-central1/jobs/firebase-schedule-autoDeleteSummaries-us-central1 {"error":{"code":404,"message":"Job not found.","status":"NOT_FOUND"}}
[debug] [2026-02-13T23:38:34.087Z] Checked if tokens are valid: true, expires at: 1771027031198
[debug] [2026-02-13T23:38:34.087Z] Checked if tokens are valid: true, expires at: 1771027031198
[debug] [2026-02-13T23:38:34.087Z] >>> [apiv2][query] POST https://cloudscheduler.googleapis.com/v1/projects/livekit-5eef6/locations/us-central1/jobs [none]
[debug] [2026-02-13T23:38:34.087Z] >>> [apiv2][body] POST https://cloudscheduler.googleapis.com/v1/projects/livekit-5eef6/locations/us-central1/jobs {"timeZone":"America/Los_Angeles","name":"projects/livekit-5eef6/locations/us-central1/jobs/firebase-schedule-autoDeleteSummaries-us-central1","pubsubTarget":{"topicName":"projects/livekit-5eef6/topics/firebase-schedule-autoDeleteSummaries-us-central1","attributes":{"scheduled":"true"}},"schedule":"every 24 hours","retryConfig":{"maxDoublings":null,"retryCount":null,"maxBackoffDuration":null,"minBackoffDuration":null,"maxRetryDuration":null}}
[debug] [2026-02-13T23:38:34.372Z] [create-default-us-central1-getJoinToken] Retrying task index 0
[debug] [2026-02-13T23:38:34.372Z] Checked if tokens are valid: true, expires at: 1771027031198
[debug] [2026-02-13T23:38:34.372Z] Checked if tokens are valid: true, expires at: 1771027031198
[debug] [2026-02-13T23:38:34.372Z] >>> [apiv2][query] GET https://cloudfunctions.googleapis.com/v1/operations/cHJvamVjdHMvbGl2ZWtpdC01ZWVmNi9sb2NhdGlvbnMvdXMtY2VudHJhbDEvb3BlcmF0aW9ucy9vcGVyYXRpb24tMTc3MTAyNTgyMTQ5My02NGFiZDE0ZmE2N2ZlLTJmOTdjODQxLWFjOGE3ZDFh [none]
[debug] [2026-02-13T23:38:34.435Z] <<< [apiv2][status] POST https://cloudfunctions.googleapis.com/v1/projects/livekit-5eef6/locations/us-central1/functions/onRoomEnd:setIamPolicy 200
[debug] [2026-02-13T23:38:34.435Z] <<< [apiv2][body] POST https://cloudfunctions.googleapis.com/v1/projects/livekit-5eef6/locations/us-central1/functions/onRoomEnd:setIamPolicy {"version":1,"etag":"BwZKvRp2OYE=","bindings":[{"role":"roles/cloudfunctions.invoker","members":["allUsers"]}]}
[info] +  functions[onRoomEnd(us-central1)] Successful create operation. 
[debug] [2026-02-13T23:38:34.829Z] <<< [apiv2][status] GET https://cloudfunctions.googleapis.com/v1/operations/cHJvamVjdHMvbGl2ZWtpdC01ZWVmNi9sb2NhdGlvbnMvdXMtY2VudHJhbDEvb3BlcmF0aW9ucy9vcGVyYXRpb24tMTc3MTAyNTgyMTQ5My02NGFiZDE0ZmE2N2ZlLTJmOTdjODQxLWFjOGE3ZDFh 200
[debug] [2026-02-13T23:38:34.829Z] <<< [apiv2][body] GET https://cloudfunctions.googleapis.com/v1/operations/cHJvamVjdHMvbGl2ZWtpdC01ZWVmNi9sb2NhdGlvbnMvdXMtY2VudHJhbDEvb3BlcmF0aW9ucy9vcGVyYXRpb24tMTc3MTAyNTgyMTQ5My02NGFiZDE0ZmE2N2ZlLTJmOTdjODQxLWFjOGE3ZDFh {"name":"operations/cHJvamVjdHMvbGl2ZWtpdC01ZWVmNi9sb2NhdGlvbnMvdXMtY2VudHJhbDEvb3BlcmF0aW9ucy9vcGVyYXRpb24tMTc3MTAyNTgyMTQ5My02NGFiZDE0ZmE2N2ZlLTJmOTdjODQxLWFjOGE3ZDFh","metadata":{"@type":"type.googleapis.com/google.cloud.functions.v1.OperationMetadataV1","target":"projects/livekit-5eef6/locations/us-central1/functions/getJoinToken","type":"CREATE_FUNCTION","request":{"@type":"type.googleapis.com/google.cloud.functions.v1.CloudFunction","name":"projects/livekit-5eef6/locations/us-central1/functions/getJoinToken","httpsTrigger":{"securityLevel":"SECURE_ALWAYS"},"entryPoint":"getJoinToken","updateTime":"1970-01-01T00:00:00Z","labels":{"deployment-tool":"cli-firebase","firebase-functions-hash":"c79278fe1212f3620dc3f2174b932608249c5093"},"sourceUploadUrl":"https://storage.googleapis.com/uploads-260470608838.us-central1.cloudfunctions.appspot.com/756b0ede-c3c7-4f95-8e3e-99bcc5d3d9ec.zip?GoogleAccessId=service-900456648225@gcf-admin-robot.iam.gserviceaccount.com&Expires=1771027619&Signature=edHfs8TKShJMp0UGAHn9BOBlWWD0iwlwyRDtYibakuW5A57R%2F%2Bz3qWbSUVsKjjvUKW9mvXyuVaU47VdWLN%2BRLhOUWmLYQM3uu6u2MMFc21wL5QKzNP9LYxwyC6B1UDT8YOYFPMTtxBr5eQVgar4FQAXiCXyINu%2B3NLN19xaHOkVhb4sRNm11aAFmhSKUOw8ptS%2BleFa8WhG%2FVFO2et0ZgvAsJrkatfIb2291TM7e53Voak5xM4cH0ZkkFWs%2FtJ5MGW%2BpEhkhVwiZnH9gTAJEiUj%2BBHB6l%2FrpMOhkpiPoVrLTfGmuO6%2Fiwmk7e%2BB7g%2BMFs2qNhT7vR0LN2FvZoayv0g%3D%3D","environmentVariables":{"FIREBASE_CONFIG":"{\"projectId\":\"livekit-5eef6\",\"storageBucket\":\"livekit-5eef6.firebasestorage.app\"}","GCLOUD_PROJECT":"livekit-5eef6","EVENTARC_CLOUD_EVENT_SOURCE":"projects/livekit-5eef6/locations/us-central1/functions/getJoinToken"},"runtime":"nodejs22","buildEnvironmentVariables":{"GOOGLE_NODE_RUN_SCRIPTS":""},"dockerRegistry":"ARTIFACT_REGISTRY"},"versionId":"1","updateTime":"2026-02-13T23:38:24.940221352Z","buildId":"c020d2f4-7422-4e40-a452-4e71b2bf1ae3","sourceToken":"09f0da63-0ee4-4577-a6b7-093b6fa2006d","buildName":"projects/900456648225/locations/us-central1/builds/c020d2f4-7422-4e40-a452-4e71b2bf1ae3"},"done":true,"response":{"@type":"type.googleapis.com/google.cloud.functions.v1.CloudFunction","name":"projects/livekit-5eef6/locations/us-central1/functions/getJoinToken","httpsTrigger":{"url":"https://us-central1-livekit-5eef6.cloudfunctions.net/getJoinToken","securityLevel":"SECURE_ALWAYS"},"status":"ACTIVE","entryPoint":"getJoinToken","timeout":"60s","availableMemoryMb":256,"serviceAccountEmail":"livekit-5eef6@appspot.gserviceaccount.com","updateTime":"2026-02-13T23:37:01.921410167Z","versionId":"1","labels":{"deployment-tool":"cli-firebase","firebase-functions-hash":"c79278fe1212f3620dc3f2174b932608249c5093"},"sourceUploadUrl":"https://storage.googleapis.com/uploads-260470608838.us-central1.cloudfunctions.appspot.com/756b0ede-c3c7-4f95-8e3e-99bcc5d3d9ec.zip","environmentVariables":{"FIREBASE_CONFIG":"{\"projectId\":\"livekit-5eef6\",\"storageBucket\":\"livekit-5eef6.firebasestorage.app\"}","GCLOUD_PROJECT":"livekit-5eef6","EVENTARC_CLOUD_EVENT_SOURCE":"projects/livekit-5eef6/locations/us-central1/functions/getJoinToken"},"runtime":"nodejs22","ingressSettings":"ALLOW_ALL","buildId":"c020d2f4-7422-4e40-a452-4e71b2bf1ae3","buildEnvironmentVariables":{"GOOGLE_NODE_RUN_SCRIPTS":""},"buildName":"projects/900456648225/locations/us-central1/builds/c020d2f4-7422-4e40-a452-4e71b2bf1ae3","dockerRegistry":"ARTIFACT_REGISTRY","automaticUpdatePolicy":{},"buildServiceAccount":"projects/livekit-5eef6/serviceAccounts/900456648225-compute@developer.gserviceaccount.com","satisfiesPzi":true}}
[debug] [2026-02-13T23:38:34.829Z] Got source token 09f0da63-0ee4-4577-a6b7-093b6fa2006d for region us-central1
[debug] [2026-02-13T23:38:34.829Z] Checked if tokens are valid: true, expires at: 1771027031198
[debug] [2026-02-13T23:38:34.829Z] Checked if tokens are valid: true, expires at: 1771027031198
[debug] [2026-02-13T23:38:34.829Z] >>> [apiv2][query] POST https://cloudfunctions.googleapis.com/v1/projects/livekit-5eef6/locations/us-central1/functions/getJoinToken:setIamPolicy [none]
[debug] [2026-02-13T23:38:34.829Z] >>> [apiv2][body] POST https://cloudfunctions.googleapis.com/v1/projects/livekit-5eef6/locations/us-central1/functions/getJoinToken:setIamPolicy {"policy":{"bindings":[{"role":"roles/cloudfunctions.invoker","members":["allUsers"]}],"etag":"","version":3},"updateMask":"bindings,etag,version"}
[debug] [2026-02-13T23:38:35.518Z] <<< [apiv2][status] POST https://cloudfunctions.googleapis.com/v1/projects/livekit-5eef6/locations/us-central1/functions/getJoinToken:setIamPolicy 200
[debug] [2026-02-13T23:38:35.518Z] <<< [apiv2][body] POST https://cloudfunctions.googleapis.com/v1/projects/livekit-5eef6/locations/us-central1/functions/getJoinToken:setIamPolicy {"version":1,"etag":"BwZKvRqGsvs=","bindings":[{"role":"roles/cloudfunctions.invoker","members":["allUsers"]}]}
[info] +  functions[getJoinToken(us-central1)] Successful create operation. 
[debug] [2026-02-13T23:38:41.133Z] <<< [apiv2][status] POST https://cloudscheduler.googleapis.com/v1/projects/livekit-5eef6/locations/us-central1/jobs 200
[debug] [2026-02-13T23:38:41.133Z] <<< [apiv2][body] POST https://cloudscheduler.googleapis.com/v1/projects/livekit-5eef6/locations/us-central1/jobs {"name":"projects/livekit-5eef6/locations/us-central1/jobs/firebase-schedule-autoDeleteSummaries-us-central1","pubsubTarget":{"topicName":"projects/livekit-5eef6/topics/firebase-schedule-autoDeleteSummaries-us-central1","attributes":{"scheduled":"true"}},"userUpdateTime":"2026-02-13T23:38:39.950101Z","state":"ENABLED","status":{"code":-1},"scheduleTime":"2026-02-14T23:38:00Z","retryConfig":{"maxRetryDuration":"0s","minBackoffDuration":"5s","maxBackoffDuration":"3600s","maxDoublings":5},"schedule":"every 24 hours","timeZone":"America/Los_Angeles"}
[debug] [2026-02-13T23:38:41.133Z] created scheduler job firebase-schedule-autoDeleteSummaries-us-central1
[info] +  functions[autoDeleteSummaries(us-central1)] Successful create operation. 
[debug] [2026-02-13T23:38:42.954Z] [create-default-us-central1-auditWaitingPatients] Retrying task index 0
[debug] [2026-02-13T23:38:42.954Z] Checked if tokens are valid: true, expires at: 1771027031198
[debug] [2026-02-13T23:38:42.954Z] Checked if tokens are valid: true, expires at: 1771027031198
[debug] [2026-02-13T23:38:42.954Z] >>> [apiv2][query] GET https://cloudfunctions.googleapis.com/v1/operations/cHJvamVjdHMvbGl2ZWtpdC01ZWVmNi9sb2NhdGlvbnMvdXMtY2VudHJhbDEvb3BlcmF0aW9ucy9vcGVyYXRpb24tMTc3MTAyNTg5MzU0NS02NGFiZDE5NDVkNzhjLTE4OTFkYzM4LTM5MjllYzJm [none]
[debug] [2026-02-13T23:38:42.984Z] [create-default-us-central1-auditConsultationSessions] Retrying task index 0
[debug] [2026-02-13T23:38:42.985Z] Checked if tokens are valid: true, expires at: 1771027031198
[debug] [2026-02-13T23:38:42.985Z] Checked if tokens are valid: true, expires at: 1771027031198
[debug] [2026-02-13T23:38:42.985Z] >>> [apiv2][query] GET https://cloudfunctions.googleapis.com/v1/operations/cHJvamVjdHMvbGl2ZWtpdC01ZWVmNi9sb2NhdGlvbnMvdXMtY2VudHJhbDEvb3BlcmF0aW9ucy9vcGVyYXRpb24tMTc3MTAyNTg5MzU2My02NGFiZDE5NDYxZGUyLTZmMGM3YzBlLWViNDdmMjZh [none]
[debug] [2026-02-13T23:38:43.172Z] [create-default-us-central1-auditUsers] Retrying task index 0
[debug] [2026-02-13T23:38:43.173Z] Checked if tokens are valid: true, expires at: 1771027031198
[debug] [2026-02-13T23:38:43.173Z] Checked if tokens are valid: true, expires at: 1771027031198
[debug] [2026-02-13T23:38:43.173Z] >>> [apiv2][query] GET https://cloudfunctions.googleapis.com/v1/operations/cHJvamVjdHMvbGl2ZWtpdC01ZWVmNi9sb2NhdGlvbnMvdXMtY2VudHJhbDEvb3BlcmF0aW9ucy9vcGVyYXRpb24tMTc3MTAyNTg5MzQ1MS02NGFiZDE5NDQ2OGEwLWU2MWRlOWZmLTYyNTc5NzI4 [none]
[debug] [2026-02-13T23:38:43.234Z] [create-default-us-central1-auditConsultationSessionEvents] Retrying task index 0
[debug] [2026-02-13T23:38:43.235Z] Checked if tokens are valid: true, expires at: 1771027031198
[debug] [2026-02-13T23:38:43.235Z] Checked if tokens are valid: true, expires at: 1771027031198
[debug] [2026-02-13T23:38:43.235Z] >>> [apiv2][query] GET https://cloudfunctions.googleapis.com/v1/operations/cHJvamVjdHMvbGl2ZWtpdC01ZWVmNi9sb2NhdGlvbnMvdXMtY2VudHJhbDEvb3BlcmF0aW9ucy9vcGVyYXRpb24tMTc3MTAyNTg5MzU1Mi02NGFiZDE5NDVmMzU4LTIzZTA4M2JlLTEzMjgzZjBm [none]
[debug] [2026-02-13T23:38:43.359Z] [create-default-us-central1-auditInvitations] Retrying task index 0
[debug] [2026-02-13T23:38:43.360Z] Checked if tokens are valid: true, expires at: 1771027031198
[debug] [2026-02-13T23:38:43.360Z] Checked if tokens are valid: true, expires at: 1771027031198
[debug] [2026-02-13T23:38:43.360Z] >>> [apiv2][query] GET https://cloudfunctions.googleapis.com/v1/operations/cHJvamVjdHMvbGl2ZWtpdC01ZWVmNi9sb2NhdGlvbnMvdXMtY2VudHJhbDEvb3BlcmF0aW9ucy9vcGVyYXRpb24tMTc3MTAyNTg5MzU0NS02NGFiZDE5NDVkNzgwLWYwMTcwNTI2LWI0NWFmYjVj [none]
[debug] [2026-02-13T23:38:43.369Z] [create-default-us-central1-auditCallSummaries] Retrying task index 0
[debug] [2026-02-13T23:38:43.369Z] Checked if tokens are valid: true, expires at: 1771027031198
[debug] [2026-02-13T23:38:43.369Z] Checked if tokens are valid: true, expires at: 1771027031198
[debug] [2026-02-13T23:38:43.369Z] >>> [apiv2][query] GET https://cloudfunctions.googleapis.com/v1/operations/cHJvamVjdHMvbGl2ZWtpdC01ZWVmNi9sb2NhdGlvbnMvdXMtY2VudHJhbDEvb3BlcmF0aW9ucy9vcGVyYXRpb24tMTc3MTAyNTg5MzU0Mi02NGFiZDE5NDVjOGQzLTUxNWMwMjNlLWU5MGQ2Nzcz [none]
[debug] [2026-02-13T23:38:43.370Z] [create-default-us-central1-auditConsultationDocuments] Retrying task index 0
[debug] [2026-02-13T23:38:43.370Z] Checked if tokens are valid: true, expires at: 1771027031198
[debug] [2026-02-13T23:38:43.370Z] Checked if tokens are valid: true, expires at: 1771027031198
[debug] [2026-02-13T23:38:43.371Z] >>> [apiv2][query] GET https://cloudfunctions.googleapis.com/v1/operations/cHJvamVjdHMvbGl2ZWtpdC01ZWVmNi9sb2NhdGlvbnMvdXMtY2VudHJhbDEvb3BlcmF0aW9ucy9vcGVyYXRpb24tMTc3MTAyNTg5MzU2OC02NGFiZDE5NDYyZTg5LTRmNmFmMmJlLWQ0MzAyODky [none]
[debug] [2026-02-13T23:38:43.527Z] <<< [apiv2][status] GET https://cloudfunctions.googleapis.com/v1/operations/cHJvamVjdHMvbGl2ZWtpdC01ZWVmNi9sb2NhdGlvbnMvdXMtY2VudHJhbDEvb3BlcmF0aW9ucy9vcGVyYXRpb24tMTc3MTAyNTg5MzU2My02NGFiZDE5NDYxZGUyLTZmMGM3YzBlLWViNDdmMjZh 200
[debug] [2026-02-13T23:38:43.527Z] <<< [apiv2][body] GET https://cloudfunctions.googleapis.com/v1/operations/cHJvamVjdHMvbGl2ZWtpdC01ZWVmNi9sb2NhdGlvbnMvdXMtY2VudHJhbDEvb3BlcmF0aW9ucy9vcGVyYXRpb24tMTc3MTAyNTg5MzU2My02NGFiZDE5NDYxZGUyLTZmMGM3YzBlLWViNDdmMjZh {"name":"operations/cHJvamVjdHMvbGl2ZWtpdC01ZWVmNi9sb2NhdGlvbnMvdXMtY2VudHJhbDEvb3BlcmF0aW9ucy9vcGVyYXRpb24tMTc3MTAyNTg5MzU2My02NGFiZDE5NDYxZGUyLTZmMGM3YzBlLWViNDdmMjZh","metadata":{"@type":"type.googleapis.com/google.cloud.functions.v1.OperationMetadataV1","target":"projects/livekit-5eef6/locations/us-central1/functions/auditConsultationSessions","type":"CREATE_FUNCTION","request":{"@type":"type.googleapis.com/google.cloud.functions.v1.CloudFunction","name":"projects/livekit-5eef6/locations/us-central1/functions/auditConsultationSessions","eventTrigger":{"eventType":"providers/cloud.firestore/eventTypes/document.write","resource":"projects/livekit-5eef6/databases/(default)/documents/consultationSessions/{documentId}","failurePolicy":{}},"entryPoint":"auditConsultationSessions","updateTime":"1970-01-01T00:00:00Z","labels":{"deployment-tool":"cli-firebase","firebase-functions-hash":"c79278fe1212f3620dc3f2174b932608249c5093"},"sourceUploadUrl":"https://storage.googleapis.com/uploads-260470608838.us-central1.cloudfunctions.appspot.com/756b0ede-c3c7-4f95-8e3e-99bcc5d3d9ec.zip?GoogleAccessId=service-900456648225@gcf-admin-robot.iam.gserviceaccount.com&Expires=1771027619&Signature=edHfs8TKShJMp0UGAHn9BOBlWWD0iwlwyRDtYibakuW5A57R%2F%2Bz3qWbSUVsKjjvUKW9mvXyuVaU47VdWLN%2BRLhOUWmLYQM3uu6u2MMFc21wL5QKzNP9LYxwyC6B1UDT8YOYFPMTtxBr5eQVgar4FQAXiCXyINu%2B3NLN19xaHOkVhb4sRNm11aAFmhSKUOw8ptS%2BleFa8WhG%2FVFO2et0ZgvAsJrkatfIb2291TM7e53Voak5xM4cH0ZkkFWs%2FtJ5MGW%2BpEhkhVwiZnH9gTAJEiUj%2BBHB6l%2FrpMOhkpiPoVrLTfGmuO6%2Fiwmk7e%2BB7g%2BMFs2qNhT7vR0LN2FvZoayv0g%3D%3D","environmentVariables":{"FIREBASE_CONFIG":"{\"projectId\":\"livekit-5eef6\",\"storageBucket\":\"livekit-5eef6.firebasestorage.app\"}","GCLOUD_PROJECT":"livekit-5eef6","EVENTARC_CLOUD_EVENT_SOURCE":"projects/livekit-5eef6/locations/us-central1/functions/auditConsultationSessions"},"runtime":"nodejs22","buildEnvironmentVariables":{"GOOGLE_NODE_RUN_SCRIPTS":""},"sourceToken":"09f0da63-0ee4-4577-a6b7-093b6fa2006d","dockerRegistry":"ARTIFACT_REGISTRY"},"versionId":"1","updateTime":"2026-02-13T23:38:13.904256038Z","buildId":"c020d2f4-7422-4e40-a452-4e71b2bf1ae3","sourceToken":"09f0da63-0ee4-4577-a6b7-093b6fa2006d","buildName":"projects/900456648225/locations/us-central1/builds/c020d2f4-7422-4e40-a452-4e71b2bf1ae3"}}
[debug] [2026-02-13T23:38:43.527Z] Got source token 09f0da63-0ee4-4577-a6b7-093b6fa2006d for region us-central1
[debug] [2026-02-13T23:38:43.742Z] <<< [apiv2][status] GET https://cloudfunctions.googleapis.com/v1/operations/cHJvamVjdHMvbGl2ZWtpdC01ZWVmNi9sb2NhdGlvbnMvdXMtY2VudHJhbDEvb3BlcmF0aW9ucy9vcGVyYXRpb24tMTc3MTAyNTg5MzQ1MS02NGFiZDE5NDQ2OGEwLWU2MWRlOWZmLTYyNTc5NzI4 200
[debug] [2026-02-13T23:38:43.742Z] <<< [apiv2][body] GET https://cloudfunctions.googleapis.com/v1/operations/cHJvamVjdHMvbGl2ZWtpdC01ZWVmNi9sb2NhdGlvbnMvdXMtY2VudHJhbDEvb3BlcmF0aW9ucy9vcGVyYXRpb24tMTc3MTAyNTg5MzQ1MS02NGFiZDE5NDQ2OGEwLWU2MWRlOWZmLTYyNTc5NzI4 {"name":"operations/cHJvamVjdHMvbGl2ZWtpdC01ZWVmNi9sb2NhdGlvbnMvdXMtY2VudHJhbDEvb3BlcmF0aW9ucy9vcGVyYXRpb24tMTc3MTAyNTg5MzQ1MS02NGFiZDE5NDQ2OGEwLWU2MWRlOWZmLTYyNTc5NzI4","metadata":{"@type":"type.googleapis.com/google.cloud.functions.v1.OperationMetadataV1","target":"projects/livekit-5eef6/locations/us-central1/functions/auditUsers","type":"CREATE_FUNCTION","request":{"@type":"type.googleapis.com/google.cloud.functions.v1.CloudFunction","name":"projects/livekit-5eef6/locations/us-central1/functions/auditUsers","eventTrigger":{"eventType":"providers/cloud.firestore/eventTypes/document.write","resource":"projects/livekit-5eef6/databases/(default)/documents/users/{documentId}","failurePolicy":{}},"entryPoint":"auditUsers","updateTime":"1970-01-01T00:00:00Z","labels":{"deployment-tool":"cli-firebase","firebase-functions-hash":"c79278fe1212f3620dc3f2174b932608249c5093"},"sourceUploadUrl":"https://storage.googleapis.com/uploads-260470608838.us-central1.cloudfunctions.appspot.com/756b0ede-c3c7-4f95-8e3e-99bcc5d3d9ec.zip?GoogleAccessId=service-900456648225@gcf-admin-robot.iam.gserviceaccount.com&Expires=1771027619&Signature=edHfs8TKShJMp0UGAHn9BOBlWWD0iwlwyRDtYibakuW5A57R%2F%2Bz3qWbSUVsKjjvUKW9mvXyuVaU47VdWLN%2BRLhOUWmLYQM3uu6u2MMFc21wL5QKzNP9LYxwyC6B1UDT8YOYFPMTtxBr5eQVgar4FQAXiCXyINu%2B3NLN19xaHOkVhb4sRNm11aAFmhSKUOw8ptS%2BleFa8WhG%2FVFO2et0ZgvAsJrkatfIb2291TM7e53Voak5xM4cH0ZkkFWs%2FtJ5MGW%2BpEhkhVwiZnH9gTAJEiUj%2BBHB6l%2FrpMOhkpiPoVrLTfGmuO6%2Fiwmk7e%2BB7g%2BMFs2qNhT7vR0LN2FvZoayv0g%3D%3D","environmentVariables":{"FIREBASE_CONFIG":"{\"projectId\":\"livekit-5eef6\",\"storageBucket\":\"livekit-5eef6.firebasestorage.app\"}","GCLOUD_PROJECT":"livekit-5eef6","EVENTARC_CLOUD_EVENT_SOURCE":"projects/livekit-5eef6/locations/us-central1/functions/auditUsers"},"runtime":"nodejs22","buildEnvironmentVariables":{"GOOGLE_NODE_RUN_SCRIPTS":""},"sourceToken":"09f0da63-0ee4-4577-a6b7-093b6fa2006d","dockerRegistry":"ARTIFACT_REGISTRY"},"versionId":"1","updateTime":"2026-02-13T23:38:13.891610908Z","buildId":"c020d2f4-7422-4e40-a452-4e71b2bf1ae3","sourceToken":"09f0da63-0ee4-4577-a6b7-093b6fa2006d","buildName":"projects/900456648225/locations/us-central1/builds/c020d2f4-7422-4e40-a452-4e71b2bf1ae3"}}
[debug] [2026-02-13T23:38:43.742Z] Got source token 09f0da63-0ee4-4577-a6b7-093b6fa2006d for region us-central1
[debug] [2026-02-13T23:38:43.764Z] <<< [apiv2][status] GET https://cloudfunctions.googleapis.com/v1/operations/cHJvamVjdHMvbGl2ZWtpdC01ZWVmNi9sb2NhdGlvbnMvdXMtY2VudHJhbDEvb3BlcmF0aW9ucy9vcGVyYXRpb24tMTc3MTAyNTg5MzU0NS02NGFiZDE5NDVkNzgwLWYwMTcwNTI2LWI0NWFmYjVj 200
[debug] [2026-02-13T23:38:43.764Z] <<< [apiv2][body] GET https://cloudfunctions.googleapis.com/v1/operations/cHJvamVjdHMvbGl2ZWtpdC01ZWVmNi9sb2NhdGlvbnMvdXMtY2VudHJhbDEvb3BlcmF0aW9ucy9vcGVyYXRpb24tMTc3MTAyNTg5MzU0NS02NGFiZDE5NDVkNzgwLWYwMTcwNTI2LWI0NWFmYjVj {"name":"operations/cHJvamVjdHMvbGl2ZWtpdC01ZWVmNi9sb2NhdGlvbnMvdXMtY2VudHJhbDEvb3BlcmF0aW9ucy9vcGVyYXRpb24tMTc3MTAyNTg5MzU0NS02NGFiZDE5NDVkNzgwLWYwMTcwNTI2LWI0NWFmYjVj","metadata":{"@type":"type.googleapis.com/google.cloud.functions.v1.OperationMetadataV1","target":"projects/livekit-5eef6/locations/us-central1/functions/auditInvitations","type":"CREATE_FUNCTION","request":{"@type":"type.googleapis.com/google.cloud.functions.v1.CloudFunction","name":"projects/livekit-5eef6/locations/us-central1/functions/auditInvitations","eventTrigger":{"eventType":"providers/cloud.firestore/eventTypes/document.write","resource":"projects/livekit-5eef6/databases/(default)/documents/invitations/{documentId}","failurePolicy":{}},"entryPoint":"auditInvitations","updateTime":"1970-01-01T00:00:00Z","labels":{"deployment-tool":"cli-firebase","firebase-functions-hash":"c79278fe1212f3620dc3f2174b932608249c5093"},"sourceUploadUrl":"https://storage.googleapis.com/uploads-260470608838.us-central1.cloudfunctions.appspot.com/756b0ede-c3c7-4f95-8e3e-99bcc5d3d9ec.zip?GoogleAccessId=service-900456648225@gcf-admin-robot.iam.gserviceaccount.com&Expires=1771027619&Signature=edHfs8TKShJMp0UGAHn9BOBlWWD0iwlwyRDtYibakuW5A57R%2F%2Bz3qWbSUVsKjjvUKW9mvXyuVaU47VdWLN%2BRLhOUWmLYQM3uu6u2MMFc21wL5QKzNP9LYxwyC6B1UDT8YOYFPMTtxBr5eQVgar4FQAXiCXyINu%2B3NLN19xaHOkVhb4sRNm11aAFmhSKUOw8ptS%2BleFa8WhG%2FVFO2et0ZgvAsJrkatfIb2291TM7e53Voak5xM4cH0ZkkFWs%2FtJ5MGW%2BpEhkhVwiZnH9gTAJEiUj%2BBHB6l%2FrpMOhkpiPoVrLTfGmuO6%2Fiwmk7e%2BB7g%2BMFs2qNhT7vR0LN2FvZoayv0g%3D%3D","environmentVariables":{"FIREBASE_CONFIG":"{\"projectId\":\"livekit-5eef6\",\"storageBucket\":\"livekit-5eef6.firebasestorage.app\"}","GCLOUD_PROJECT":"livekit-5eef6","EVENTARC_CLOUD_EVENT_SOURCE":"projects/livekit-5eef6/locations/us-central1/functions/auditInvitations"},"runtime":"nodejs22","buildEnvironmentVariables":{"GOOGLE_NODE_RUN_SCRIPTS":""},"sourceToken":"09f0da63-0ee4-4577-a6b7-093b6fa2006d","dockerRegistry":"ARTIFACT_REGISTRY"},"versionId":"1","updateTime":"2026-02-13T23:38:13.918226832Z","buildId":"c020d2f4-7422-4e40-a452-4e71b2bf1ae3","sourceToken":"09f0da63-0ee4-4577-a6b7-093b6fa2006d","buildName":"projects/900456648225/locations/us-central1/builds/c020d2f4-7422-4e40-a452-4e71b2bf1ae3"}}
[debug] [2026-02-13T23:38:43.764Z] Got source token 09f0da63-0ee4-4577-a6b7-093b6fa2006d for region us-central1
[debug] [2026-02-13T23:38:43.777Z] <<< [apiv2][status] GET https://cloudfunctions.googleapis.com/v1/operations/cHJvamVjdHMvbGl2ZWtpdC01ZWVmNi9sb2NhdGlvbnMvdXMtY2VudHJhbDEvb3BlcmF0aW9ucy9vcGVyYXRpb24tMTc3MTAyNTg5MzU1Mi02NGFiZDE5NDVmMzU4LTIzZTA4M2JlLTEzMjgzZjBm 200
[debug] [2026-02-13T23:38:43.777Z] <<< [apiv2][body] GET https://cloudfunctions.googleapis.com/v1/operations/cHJvamVjdHMvbGl2ZWtpdC01ZWVmNi9sb2NhdGlvbnMvdXMtY2VudHJhbDEvb3BlcmF0aW9ucy9vcGVyYXRpb24tMTc3MTAyNTg5MzU1Mi02NGFiZDE5NDVmMzU4LTIzZTA4M2JlLTEzMjgzZjBm {"name":"operations/cHJvamVjdHMvbGl2ZWtpdC01ZWVmNi9sb2NhdGlvbnMvdXMtY2VudHJhbDEvb3BlcmF0aW9ucy9vcGVyYXRpb24tMTc3MTAyNTg5MzU1Mi02NGFiZDE5NDVmMzU4LTIzZTA4M2JlLTEzMjgzZjBm","metadata":{"@type":"type.googleapis.com/google.cloud.functions.v1.OperationMetadataV1","target":"projects/livekit-5eef6/locations/us-central1/functions/auditConsultationSessionEvents","type":"CREATE_FUNCTION","request":{"@type":"type.googleapis.com/google.cloud.functions.v1.CloudFunction","name":"projects/livekit-5eef6/locations/us-central1/functions/auditConsultationSessionEvents","eventTrigger":{"eventType":"providers/cloud.firestore/eventTypes/document.write","resource":"projects/livekit-5eef6/databases/(default)/documents/consultationSessions/{consultationSessionId}/events/{eventId}","failurePolicy":{}},"entryPoint":"auditConsultationSessionEvents","updateTime":"1970-01-01T00:00:00Z","labels":{"deployment-tool":"cli-firebase","firebase-functions-hash":"c79278fe1212f3620dc3f2174b932608249c5093"},"sourceUploadUrl":"https://storage.googleapis.com/uploads-260470608838.us-central1.cloudfunctions.appspot.com/756b0ede-c3c7-4f95-8e3e-99bcc5d3d9ec.zip?GoogleAccessId=service-900456648225@gcf-admin-robot.iam.gserviceaccount.com&Expires=1771027619&Signature=edHfs8TKShJMp0UGAHn9BOBlWWD0iwlwyRDtYibakuW5A57R%2F%2Bz3qWbSUVsKjjvUKW9mvXyuVaU47VdWLN%2BRLhOUWmLYQM3uu6u2MMFc21wL5QKzNP9LYxwyC6B1UDT8YOYFPMTtxBr5eQVgar4FQAXiCXyINu%2B3NLN19xaHOkVhb4sRNm11aAFmhSKUOw8ptS%2BleFa8WhG%2FVFO2et0ZgvAsJrkatfIb2291TM7e53Voak5xM4cH0ZkkFWs%2FtJ5MGW%2BpEhkhVwiZnH9gTAJEiUj%2BBHB6l%2FrpMOhkpiPoVrLTfGmuO6%2Fiwmk7e%2BB7g%2BMFs2qNhT7vR0LN2FvZoayv0g%3D%3D","environmentVariables":{"FIREBASE_CONFIG":"{\"projectId\":\"livekit-5eef6\",\"storageBucket\":\"livekit-5eef6.firebasestorage.app\"}","GCLOUD_PROJECT":"livekit-5eef6","EVENTARC_CLOUD_EVENT_SOURCE":"projects/livekit-5eef6/locations/us-central1/functions/auditConsultationSessionEvents"},"runtime":"nodejs22","buildEnvironmentVariables":{"GOOGLE_NODE_RUN_SCRIPTS":""},"sourceToken":"09f0da63-0ee4-4577-a6b7-093b6fa2006d","dockerRegistry":"ARTIFACT_REGISTRY"},"versionId":"1","updateTime":"2026-02-13T23:38:13.913531798Z","buildId":"c020d2f4-7422-4e40-a452-4e71b2bf1ae3","sourceToken":"09f0da63-0ee4-4577-a6b7-093b6fa2006d","buildName":"projects/900456648225/locations/us-central1/builds/c020d2f4-7422-4e40-a452-4e71b2bf1ae3"}}
[debug] [2026-02-13T23:38:43.777Z] Got source token 09f0da63-0ee4-4577-a6b7-093b6fa2006d for region us-central1
[debug] [2026-02-13T23:38:43.937Z] <<< [apiv2][status] GET https://cloudfunctions.googleapis.com/v1/operations/cHJvamVjdHMvbGl2ZWtpdC01ZWVmNi9sb2NhdGlvbnMvdXMtY2VudHJhbDEvb3BlcmF0aW9ucy9vcGVyYXRpb24tMTc3MTAyNTg5MzU2OC02NGFiZDE5NDYyZTg5LTRmNmFmMmJlLWQ0MzAyODky 200
[debug] [2026-02-13T23:38:43.937Z] <<< [apiv2][body] GET https://cloudfunctions.googleapis.com/v1/operations/cHJvamVjdHMvbGl2ZWtpdC01ZWVmNi9sb2NhdGlvbnMvdXMtY2VudHJhbDEvb3BlcmF0aW9ucy9vcGVyYXRpb24tMTc3MTAyNTg5MzU2OC02NGFiZDE5NDYyZTg5LTRmNmFmMmJlLWQ0MzAyODky {"name":"operations/cHJvamVjdHMvbGl2ZWtpdC01ZWVmNi9sb2NhdGlvbnMvdXMtY2VudHJhbDEvb3BlcmF0aW9ucy9vcGVyYXRpb24tMTc3MTAyNTg5MzU2OC02NGFiZDE5NDYyZTg5LTRmNmFmMmJlLWQ0MzAyODky","metadata":{"@type":"type.googleapis.com/google.cloud.functions.v1.OperationMetadataV1","target":"projects/livekit-5eef6/locations/us-central1/functions/auditConsultationDocuments","type":"CREATE_FUNCTION","request":{"@type":"type.googleapis.com/google.cloud.functions.v1.CloudFunction","name":"projects/livekit-5eef6/locations/us-central1/functions/auditConsultationDocuments","eventTrigger":{"eventType":"providers/cloud.firestore/eventTypes/document.write","resource":"projects/livekit-5eef6/databases/(default)/documents/consultations/{documentId}","failurePolicy":{}},"entryPoint":"auditConsultationDocuments","updateTime":"1970-01-01T00:00:00Z","labels":{"deployment-tool":"cli-firebase","firebase-functions-hash":"c79278fe1212f3620dc3f2174b932608249c5093"},"sourceUploadUrl":"https://storage.googleapis.com/uploads-260470608838.us-central1.cloudfunctions.appspot.com/756b0ede-c3c7-4f95-8e3e-99bcc5d3d9ec.zip?GoogleAccessId=service-900456648225@gcf-admin-robot.iam.gserviceaccount.com&Expires=1771027619&Signature=edHfs8TKShJMp0UGAHn9BOBlWWD0iwlwyRDtYibakuW5A57R%2F%2Bz3qWbSUVsKjjvUKW9mvXyuVaU47VdWLN%2BRLhOUWmLYQM3uu6u2MMFc21wL5QKzNP9LYxwyC6B1UDT8YOYFPMTtxBr5eQVgar4FQAXiCXyINu%2B3NLN19xaHOkVhb4sRNm11aAFmhSKUOw8ptS%2BleFa8WhG%2FVFO2et0ZgvAsJrkatfIb2291TM7e53Voak5xM4cH0ZkkFWs%2FtJ5MGW%2BpEhkhVwiZnH9gTAJEiUj%2BBHB6l%2FrpMOhkpiPoVrLTfGmuO6%2Fiwmk7e%2BB7g%2BMFs2qNhT7vR0LN2FvZoayv0g%3D%3D","environmentVariables":{"FIREBASE_CONFIG":"{\"projectId\":\"livekit-5eef6\",\"storageBucket\":\"livekit-5eef6.firebasestorage.app\"}","GCLOUD_PROJECT":"livekit-5eef6","EVENTARC_CLOUD_EVENT_SOURCE":"projects/livekit-5eef6/locations/us-central1/functions/auditConsultationDocuments"},"runtime":"nodejs22","buildEnvironmentVariables":{"GOOGLE_NODE_RUN_SCRIPTS":""},"sourceToken":"09f0da63-0ee4-4577-a6b7-093b6fa2006d","dockerRegistry":"ARTIFACT_REGISTRY"},"versionId":"1","updateTime":"2026-02-13T23:38:13.964706663Z","buildId":"c020d2f4-7422-4e40-a452-4e71b2bf1ae3","sourceToken":"09f0da63-0ee4-4577-a6b7-093b6fa2006d","buildName":"projects/900456648225/locations/us-central1/builds/c020d2f4-7422-4e40-a452-4e71b2bf1ae3"}}
[debug] [2026-02-13T23:38:43.937Z] Got source token 09f0da63-0ee4-4577-a6b7-093b6fa2006d for region us-central1
[debug] [2026-02-13T23:38:43.945Z] <<< [apiv2][status] GET https://cloudfunctions.googleapis.com/v1/operations/cHJvamVjdHMvbGl2ZWtpdC01ZWVmNi9sb2NhdGlvbnMvdXMtY2VudHJhbDEvb3BlcmF0aW9ucy9vcGVyYXRpb24tMTc3MTAyNTg5MzU0Mi02NGFiZDE5NDVjOGQzLTUxNWMwMjNlLWU5MGQ2Nzcz 200
[debug] [2026-02-13T23:38:43.945Z] <<< [apiv2][body] GET https://cloudfunctions.googleapis.com/v1/operations/cHJvamVjdHMvbGl2ZWtpdC01ZWVmNi9sb2NhdGlvbnMvdXMtY2VudHJhbDEvb3BlcmF0aW9ucy9vcGVyYXRpb24tMTc3MTAyNTg5MzU0Mi02NGFiZDE5NDVjOGQzLTUxNWMwMjNlLWU5MGQ2Nzcz {"name":"operations/cHJvamVjdHMvbGl2ZWtpdC01ZWVmNi9sb2NhdGlvbnMvdXMtY2VudHJhbDEvb3BlcmF0aW9ucy9vcGVyYXRpb24tMTc3MTAyNTg5MzU0Mi02NGFiZDE5NDVjOGQzLTUxNWMwMjNlLWU5MGQ2Nzcz","metadata":{"@type":"type.googleapis.com/google.cloud.functions.v1.OperationMetadataV1","target":"projects/livekit-5eef6/locations/us-central1/functions/auditCallSummaries","type":"CREATE_FUNCTION","request":{"@type":"type.googleapis.com/google.cloud.functions.v1.CloudFunction","name":"projects/livekit-5eef6/locations/us-central1/functions/auditCallSummaries","eventTrigger":{"eventType":"providers/cloud.firestore/eventTypes/document.write","resource":"projects/livekit-5eef6/databases/(default)/documents/call-summaries/{documentId}","failurePolicy":{}},"entryPoint":"auditCallSummaries","updateTime":"1970-01-01T00:00:00Z","labels":{"deployment-tool":"cli-firebase","firebase-functions-hash":"c79278fe1212f3620dc3f2174b932608249c5093"},"sourceUploadUrl":"https://storage.googleapis.com/uploads-260470608838.us-central1.cloudfunctions.appspot.com/756b0ede-c3c7-4f95-8e3e-99bcc5d3d9ec.zip?GoogleAccessId=service-900456648225@gcf-admin-robot.iam.gserviceaccount.com&Expires=1771027619&Signature=edHfs8TKShJMp0UGAHn9BOBlWWD0iwlwyRDtYibakuW5A57R%2F%2Bz3qWbSUVsKjjvUKW9mvXyuVaU47VdWLN%2BRLhOUWmLYQM3uu6u2MMFc21wL5QKzNP9LYxwyC6B1UDT8YOYFPMTtxBr5eQVgar4FQAXiCXyINu%2B3NLN19xaHOkVhb4sRNm11aAFmhSKUOw8ptS%2BleFa8WhG%2FVFO2et0ZgvAsJrkatfIb2291TM7e53Voak5xM4cH0ZkkFWs%2FtJ5MGW%2BpEhkhVwiZnH9gTAJEiUj%2BBHB6l%2FrpMOhkpiPoVrLTfGmuO6%2Fiwmk7e%2BB7g%2BMFs2qNhT7vR0LN2FvZoayv0g%3D%3D","environmentVariables":{"FIREBASE_CONFIG":"{\"projectId\":\"livekit-5eef6\",\"storageBucket\":\"livekit-5eef6.firebasestorage.app\"}","GCLOUD_PROJECT":"livekit-5eef6","EVENTARC_CLOUD_EVENT_SOURCE":"projects/livekit-5eef6/locations/us-central1/functions/auditCallSummaries"},"runtime":"nodejs22","buildEnvironmentVariables":{"GOOGLE_NODE_RUN_SCRIPTS":""},"sourceToken":"09f0da63-0ee4-4577-a6b7-093b6fa2006d","dockerRegistry":"ARTIFACT_REGISTRY"},"versionId":"1","updateTime":"2026-02-13T23:38:41.229853336Z","buildId":"c020d2f4-7422-4e40-a452-4e71b2bf1ae3","sourceToken":"09f0da63-0ee4-4577-a6b7-093b6fa2006d","buildName":"projects/900456648225/locations/us-central1/builds/c020d2f4-7422-4e40-a452-4e71b2bf1ae3"},"done":true,"response":{"@type":"type.googleapis.com/google.cloud.functions.v1.CloudFunction","name":"projects/livekit-5eef6/locations/us-central1/functions/auditCallSummaries","eventTrigger":{"eventType":"providers/cloud.firestore/eventTypes/document.write","resource":"projects/livekit-5eef6/databases/(default)/documents/call-summaries/{documentId}","service":"firestore.googleapis.com","failurePolicy":{}},"status":"ACTIVE","entryPoint":"auditCallSummaries","timeout":"60s","availableMemoryMb":256,"serviceAccountEmail":"livekit-5eef6@appspot.gserviceaccount.com","updateTime":"2026-02-13T23:38:13.915404119Z","versionId":"1","labels":{"deployment-tool":"cli-firebase","firebase-functions-hash":"c79278fe1212f3620dc3f2174b932608249c5093"},"sourceUploadUrl":"https://storage.googleapis.com/uploads-260470608838.us-central1.cloudfunctions.appspot.com/756b0ede-c3c7-4f95-8e3e-99bcc5d3d9ec.zip","environmentVariables":{"FIREBASE_CONFIG":"{\"projectId\":\"livekit-5eef6\",\"storageBucket\":\"livekit-5eef6.firebasestorage.app\"}","GCLOUD_PROJECT":"livekit-5eef6","EVENTARC_CLOUD_EVENT_SOURCE":"projects/livekit-5eef6/locations/us-central1/functions/auditCallSummaries"},"runtime":"nodejs22","maxInstances":3000,"ingressSettings":"ALLOW_ALL","buildId":"c020d2f4-7422-4e40-a452-4e71b2bf1ae3","buildEnvironmentVariables":{"GOOGLE_NODE_RUN_SCRIPTS":""},"buildName":"projects/900456648225/locations/us-central1/builds/c020d2f4-7422-4e40-a452-4e71b2bf1ae3","dockerRegistry":"ARTIFACT_REGISTRY","automaticUpdatePolicy":{},"buildServiceAccount":"projects/livekit-5eef6/serviceAccounts/900456648225-compute@developer.gserviceaccount.com","satisfiesPzi":true}}
[debug] [2026-02-13T23:38:43.946Z] Got source token 09f0da63-0ee4-4577-a6b7-093b6fa2006d for region us-central1
[info] +  functions[auditCallSummaries(us-central1)] Successful create operation. 
[debug] [2026-02-13T23:38:44.261Z] <<< [apiv2][status] GET https://cloudfunctions.googleapis.com/v1/operations/cHJvamVjdHMvbGl2ZWtpdC01ZWVmNi9sb2NhdGlvbnMvdXMtY2VudHJhbDEvb3BlcmF0aW9ucy9vcGVyYXRpb24tMTc3MTAyNTg5MzU0NS02NGFiZDE5NDVkNzhjLTE4OTFkYzM4LTM5MjllYzJm 200
[debug] [2026-02-13T23:38:44.261Z] <<< [apiv2][body] GET https://cloudfunctions.googleapis.com/v1/operations/cHJvamVjdHMvbGl2ZWtpdC01ZWVmNi9sb2NhdGlvbnMvdXMtY2VudHJhbDEvb3BlcmF0aW9ucy9vcGVyYXRpb24tMTc3MTAyNTg5MzU0NS02NGFiZDE5NDVkNzhjLTE4OTFkYzM4LTM5MjllYzJm {"name":"operations/cHJvamVjdHMvbGl2ZWtpdC01ZWVmNi9sb2NhdGlvbnMvdXMtY2VudHJhbDEvb3BlcmF0aW9ucy9vcGVyYXRpb24tMTc3MTAyNTg5MzU0NS02NGFiZDE5NDVkNzhjLTE4OTFkYzM4LTM5MjllYzJm","metadata":{"@type":"type.googleapis.com/google.cloud.functions.v1.OperationMetadataV1","target":"projects/livekit-5eef6/locations/us-central1/functions/auditWaitingPatients","type":"CREATE_FUNCTION","request":{"@type":"type.googleapis.com/google.cloud.functions.v1.CloudFunction","name":"projects/livekit-5eef6/locations/us-central1/functions/auditWaitingPatients","eventTrigger":{"eventType":"providers/cloud.firestore/eventTypes/document.write","resource":"projects/livekit-5eef6/databases/(default)/documents/waitingPatients/{documentId}","failurePolicy":{}},"entryPoint":"auditWaitingPatients","updateTime":"1970-01-01T00:00:00Z","labels":{"deployment-tool":"cli-firebase","firebase-functions-hash":"c79278fe1212f3620dc3f2174b932608249c5093"},"sourceUploadUrl":"https://storage.googleapis.com/uploads-260470608838.us-central1.cloudfunctions.appspot.com/756b0ede-c3c7-4f95-8e3e-99bcc5d3d9ec.zip?GoogleAccessId=service-900456648225@gcf-admin-robot.iam.gserviceaccount.com&Expires=1771027619&Signature=edHfs8TKShJMp0UGAHn9BOBlWWD0iwlwyRDtYibakuW5A57R%2F%2Bz3qWbSUVsKjjvUKW9mvXyuVaU47VdWLN%2BRLhOUWmLYQM3uu6u2MMFc21wL5QKzNP9LYxwyC6B1UDT8YOYFPMTtxBr5eQVgar4FQAXiCXyINu%2B3NLN19xaHOkVhb4sRNm11aAFmhSKUOw8ptS%2BleFa8WhG%2FVFO2et0ZgvAsJrkatfIb2291TM7e53Voak5xM4cH0ZkkFWs%2FtJ5MGW%2BpEhkhVwiZnH9gTAJEiUj%2BBHB6l%2FrpMOhkpiPoVrLTfGmuO6%2Fiwmk7e%2BB7g%2BMFs2qNhT7vR0LN2FvZoayv0g%3D%3D","environmentVariables":{"FIREBASE_CONFIG":"{\"projectId\":\"livekit-5eef6\",\"storageBucket\":\"livekit-5eef6.firebasestorage.app\"}","GCLOUD_PROJECT":"livekit-5eef6","EVENTARC_CLOUD_EVENT_SOURCE":"projects/livekit-5eef6/locations/us-central1/functions/auditWaitingPatients"},"runtime":"nodejs22","buildEnvironmentVariables":{"GOOGLE_NODE_RUN_SCRIPTS":""},"sourceToken":"09f0da63-0ee4-4577-a6b7-093b6fa2006d","dockerRegistry":"ARTIFACT_REGISTRY"},"versionId":"1","updateTime":"2026-02-13T23:38:13.890900703Z","buildId":"c020d2f4-7422-4e40-a452-4e71b2bf1ae3","sourceToken":"09f0da63-0ee4-4577-a6b7-093b6fa2006d","buildName":"projects/900456648225/locations/us-central1/builds/c020d2f4-7422-4e40-a452-4e71b2bf1ae3"}}
[debug] [2026-02-13T23:38:44.261Z] Got source token 09f0da63-0ee4-4577-a6b7-093b6fa2006d for region us-central1
[debug] [2026-02-13T23:38:53.538Z] [create-default-us-central1-auditConsultationSessions] Retrying task index 0
[debug] [2026-02-13T23:38:53.538Z] Checked if tokens are valid: true, expires at: 1771027031198
[debug] [2026-02-13T23:38:53.538Z] Checked if tokens are valid: true, expires at: 1771027031198
[debug] [2026-02-13T23:38:53.538Z] >>> [apiv2][query] GET https://cloudfunctions.googleapis.com/v1/operations/cHJvamVjdHMvbGl2ZWtpdC01ZWVmNi9sb2NhdGlvbnMvdXMtY2VudHJhbDEvb3BlcmF0aW9ucy9vcGVyYXRpb24tMTc3MTAyNTg5MzU2My02NGFiZDE5NDYxZGUyLTZmMGM3YzBlLWViNDdmMjZh [none]
[debug] [2026-02-13T23:38:53.756Z] [create-default-us-central1-auditUsers] Retrying task index 0
[debug] [2026-02-13T23:38:53.756Z] Checked if tokens are valid: true, expires at: 1771027031198
[debug] [2026-02-13T23:38:53.756Z] Checked if tokens are valid: true, expires at: 1771027031198
[debug] [2026-02-13T23:38:53.756Z] >>> [apiv2][query] GET https://cloudfunctions.googleapis.com/v1/operations/cHJvamVjdHMvbGl2ZWtpdC01ZWVmNi9sb2NhdGlvbnMvdXMtY2VudHJhbDEvb3BlcmF0aW9ucy9vcGVyYXRpb24tMTc3MTAyNTg5MzQ1MS02NGFiZDE5NDQ2OGEwLWU2MWRlOWZmLTYyNTc5NzI4 [none]
[debug] [2026-02-13T23:38:53.765Z] [create-default-us-central1-auditInvitations] Retrying task index 0
[debug] [2026-02-13T23:38:53.765Z] Checked if tokens are valid: true, expires at: 1771027031198
[debug] [2026-02-13T23:38:53.765Z] Checked if tokens are valid: true, expires at: 1771027031198
[debug] [2026-02-13T23:38:53.765Z] >>> [apiv2][query] GET https://cloudfunctions.googleapis.com/v1/operations/cHJvamVjdHMvbGl2ZWtpdC01ZWVmNi9sb2NhdGlvbnMvdXMtY2VudHJhbDEvb3BlcmF0aW9ucy9vcGVyYXRpb24tMTc3MTAyNTg5MzU0NS02NGFiZDE5NDVkNzgwLWYwMTcwNTI2LWI0NWFmYjVj [none]
[debug] [2026-02-13T23:38:53.787Z] [create-default-us-central1-auditConsultationSessionEvents] Retrying task index 0
[debug] [2026-02-13T23:38:53.787Z] Checked if tokens are valid: true, expires at: 1771027031198
[debug] [2026-02-13T23:38:53.787Z] Checked if tokens are valid: true, expires at: 1771027031198
[debug] [2026-02-13T23:38:53.787Z] >>> [apiv2][query] GET https://cloudfunctions.googleapis.com/v1/operations/cHJvamVjdHMvbGl2ZWtpdC01ZWVmNi9sb2NhdGlvbnMvdXMtY2VudHJhbDEvb3BlcmF0aW9ucy9vcGVyYXRpb24tMTc3MTAyNTg5MzU1Mi02NGFiZDE5NDVmMzU4LTIzZTA4M2JlLTEzMjgzZjBm [none]
[debug] [2026-02-13T23:38:53.941Z] [create-default-us-central1-auditConsultationDocuments] Retrying task index 0
[debug] [2026-02-13T23:38:53.942Z] Checked if tokens are valid: true, expires at: 1771027031198
[debug] [2026-02-13T23:38:53.942Z] Checked if tokens are valid: true, expires at: 1771027031198
[debug] [2026-02-13T23:38:53.942Z] >>> [apiv2][query] GET https://cloudfunctions.googleapis.com/v1/operations/cHJvamVjdHMvbGl2ZWtpdC01ZWVmNi9sb2NhdGlvbnMvdXMtY2VudHJhbDEvb3BlcmF0aW9ucy9vcGVyYXRpb24tMTc3MTAyNTg5MzU2OC02NGFiZDE5NDYyZTg5LTRmNmFmMmJlLWQ0MzAyODky [none]
[debug] [2026-02-13T23:38:54.272Z] [create-default-us-central1-auditWaitingPatients] Retrying task index 0
[debug] [2026-02-13T23:38:54.272Z] Checked if tokens are valid: true, expires at: 1771027031198
[debug] [2026-02-13T23:38:54.273Z] Checked if tokens are valid: true, expires at: 1771027031198
[debug] [2026-02-13T23:38:54.273Z] >>> [apiv2][query] GET https://cloudfunctions.googleapis.com/v1/operations/cHJvamVjdHMvbGl2ZWtpdC01ZWVmNi9sb2NhdGlvbnMvdXMtY2VudHJhbDEvb3BlcmF0aW9ucy9vcGVyYXRpb24tMTc3MTAyNTg5MzU0NS02NGFiZDE5NDVkNzhjLTE4OTFkYzM4LTM5MjllYzJm [none]
[debug] [2026-02-13T23:38:54.337Z] <<< [apiv2][status] GET https://cloudfunctions.googleapis.com/v1/operations/cHJvamVjdHMvbGl2ZWtpdC01ZWVmNi9sb2NhdGlvbnMvdXMtY2VudHJhbDEvb3BlcmF0aW9ucy9vcGVyYXRpb24tMTc3MTAyNTg5MzU0NS02NGFiZDE5NDVkNzgwLWYwMTcwNTI2LWI0NWFmYjVj 200
[debug] [2026-02-13T23:38:54.337Z] <<< [apiv2][body] GET https://cloudfunctions.googleapis.com/v1/operations/cHJvamVjdHMvbGl2ZWtpdC01ZWVmNi9sb2NhdGlvbnMvdXMtY2VudHJhbDEvb3BlcmF0aW9ucy9vcGVyYXRpb24tMTc3MTAyNTg5MzU0NS02NGFiZDE5NDVkNzgwLWYwMTcwNTI2LWI0NWFmYjVj {"name":"operations/cHJvamVjdHMvbGl2ZWtpdC01ZWVmNi9sb2NhdGlvbnMvdXMtY2VudHJhbDEvb3BlcmF0aW9ucy9vcGVyYXRpb24tMTc3MTAyNTg5MzU0NS02NGFiZDE5NDVkNzgwLWYwMTcwNTI2LWI0NWFmYjVj","metadata":{"@type":"type.googleapis.com/google.cloud.functions.v1.OperationMetadataV1","target":"projects/livekit-5eef6/locations/us-central1/functions/auditInvitations","type":"CREATE_FUNCTION","request":{"@type":"type.googleapis.com/google.cloud.functions.v1.CloudFunction","name":"projects/livekit-5eef6/locations/us-central1/functions/auditInvitations","eventTrigger":{"eventType":"providers/cloud.firestore/eventTypes/document.write","resource":"projects/livekit-5eef6/databases/(default)/documents/invitations/{documentId}","failurePolicy":{}},"entryPoint":"auditInvitations","updateTime":"1970-01-01T00:00:00Z","labels":{"deployment-tool":"cli-firebase","firebase-functions-hash":"c79278fe1212f3620dc3f2174b932608249c5093"},"sourceUploadUrl":"https://storage.googleapis.com/uploads-260470608838.us-central1.cloudfunctions.appspot.com/756b0ede-c3c7-4f95-8e3e-99bcc5d3d9ec.zip?GoogleAccessId=service-900456648225@gcf-admin-robot.iam.gserviceaccount.com&Expires=1771027619&Signature=edHfs8TKShJMp0UGAHn9BOBlWWD0iwlwyRDtYibakuW5A57R%2F%2Bz3qWbSUVsKjjvUKW9mvXyuVaU47VdWLN%2BRLhOUWmLYQM3uu6u2MMFc21wL5QKzNP9LYxwyC6B1UDT8YOYFPMTtxBr5eQVgar4FQAXiCXyINu%2B3NLN19xaHOkVhb4sRNm11aAFmhSKUOw8ptS%2BleFa8WhG%2FVFO2et0ZgvAsJrkatfIb2291TM7e53Voak5xM4cH0ZkkFWs%2FtJ5MGW%2BpEhkhVwiZnH9gTAJEiUj%2BBHB6l%2FrpMOhkpiPoVrLTfGmuO6%2Fiwmk7e%2BB7g%2BMFs2qNhT7vR0LN2FvZoayv0g%3D%3D","environmentVariables":{"FIREBASE_CONFIG":"{\"projectId\":\"livekit-5eef6\",\"storageBucket\":\"livekit-5eef6.firebasestorage.app\"}","GCLOUD_PROJECT":"livekit-5eef6","EVENTARC_CLOUD_EVENT_SOURCE":"projects/livekit-5eef6/locations/us-central1/functions/auditInvitations"},"runtime":"nodejs22","buildEnvironmentVariables":{"GOOGLE_NODE_RUN_SCRIPTS":""},"sourceToken":"09f0da63-0ee4-4577-a6b7-093b6fa2006d","dockerRegistry":"ARTIFACT_REGISTRY"},"versionId":"1","updateTime":"2026-02-13T23:38:42.872907733Z","buildId":"c020d2f4-7422-4e40-a452-4e71b2bf1ae3","sourceToken":"09f0da63-0ee4-4577-a6b7-093b6fa2006d","buildName":"projects/900456648225/locations/us-central1/builds/c020d2f4-7422-4e40-a452-4e71b2bf1ae3"},"done":true,"response":{"@type":"type.googleapis.com/google.cloud.functions.v1.CloudFunction","name":"projects/livekit-5eef6/locations/us-central1/functions/auditInvitations","eventTrigger":{"eventType":"providers/cloud.firestore/eventTypes/document.write","resource":"projects/livekit-5eef6/databases/(default)/documents/invitations/{documentId}","service":"firestore.googleapis.com","failurePolicy":{}},"status":"ACTIVE","entryPoint":"auditInvitations","timeout":"60s","availableMemoryMb":256,"serviceAccountEmail":"livekit-5eef6@appspot.gserviceaccount.com","updateTime":"2026-02-13T23:38:13.913253632Z","versionId":"1","labels":{"deployment-tool":"cli-firebase","firebase-functions-hash":"c79278fe1212f3620dc3f2174b932608249c5093"},"sourceUploadUrl":"https://storage.googleapis.com/uploads-260470608838.us-central1.cloudfunctions.appspot.com/756b0ede-c3c7-4f95-8e3e-99bcc5d3d9ec.zip","environmentVariables":{"FIREBASE_CONFIG":"{\"projectId\":\"livekit-5eef6\",\"storageBucket\":\"livekit-5eef6.firebasestorage.app\"}","GCLOUD_PROJECT":"livekit-5eef6","EVENTARC_CLOUD_EVENT_SOURCE":"projects/livekit-5eef6/locations/us-central1/functions/auditInvitations"},"runtime":"nodejs22","maxInstances":3000,"ingressSettings":"ALLOW_ALL","buildId":"c020d2f4-7422-4e40-a452-4e71b2bf1ae3","buildEnvironmentVariables":{"GOOGLE_NODE_RUN_SCRIPTS":""},"buildName":"projects/900456648225/locations/us-central1/builds/c020d2f4-7422-4e40-a452-4e71b2bf1ae3","dockerRegistry":"ARTIFACT_REGISTRY","automaticUpdatePolicy":{},"buildServiceAccount":"projects/livekit-5eef6/serviceAccounts/900456648225-compute@developer.gserviceaccount.com","satisfiesPzi":true}}
[debug] [2026-02-13T23:38:54.338Z] Got source token 09f0da63-0ee4-4577-a6b7-093b6fa2006d for region us-central1
[info] +  functions[auditInvitations(us-central1)] Successful create operation. 
[debug] [2026-02-13T23:38:54.363Z] <<< [apiv2][status] GET https://cloudfunctions.googleapis.com/v1/operations/cHJvamVjdHMvbGl2ZWtpdC01ZWVmNi9sb2NhdGlvbnMvdXMtY2VudHJhbDEvb3BlcmF0aW9ucy9vcGVyYXRpb24tMTc3MTAyNTg5MzU1Mi02NGFiZDE5NDVmMzU4LTIzZTA4M2JlLTEzMjgzZjBm 200
[debug] [2026-02-13T23:38:54.363Z] <<< [apiv2][body] GET https://cloudfunctions.googleapis.com/v1/operations/cHJvamVjdHMvbGl2ZWtpdC01ZWVmNi9sb2NhdGlvbnMvdXMtY2VudHJhbDEvb3BlcmF0aW9ucy9vcGVyYXRpb24tMTc3MTAyNTg5MzU1Mi02NGFiZDE5NDVmMzU4LTIzZTA4M2JlLTEzMjgzZjBm {"name":"operations/cHJvamVjdHMvbGl2ZWtpdC01ZWVmNi9sb2NhdGlvbnMvdXMtY2VudHJhbDEvb3BlcmF0aW9ucy9vcGVyYXRpb24tMTc3MTAyNTg5MzU1Mi02NGFiZDE5NDVmMzU4LTIzZTA4M2JlLTEzMjgzZjBm","metadata":{"@type":"type.googleapis.com/google.cloud.functions.v1.OperationMetadataV1","target":"projects/livekit-5eef6/locations/us-central1/functions/auditConsultationSessionEvents","type":"CREATE_FUNCTION","request":{"@type":"type.googleapis.com/google.cloud.functions.v1.CloudFunction","name":"projects/livekit-5eef6/locations/us-central1/functions/auditConsultationSessionEvents","eventTrigger":{"eventType":"providers/cloud.firestore/eventTypes/document.write","resource":"projects/livekit-5eef6/databases/(default)/documents/consultationSessions/{consultationSessionId}/events/{eventId}","failurePolicy":{}},"entryPoint":"auditConsultationSessionEvents","updateTime":"1970-01-01T00:00:00Z","labels":{"deployment-tool":"cli-firebase","firebase-functions-hash":"c79278fe1212f3620dc3f2174b932608249c5093"},"sourceUploadUrl":"https://storage.googleapis.com/uploads-260470608838.us-central1.cloudfunctions.appspot.com/756b0ede-c3c7-4f95-8e3e-99bcc5d3d9ec.zip?GoogleAccessId=service-900456648225@gcf-admin-robot.iam.gserviceaccount.com&Expires=1771027619&Signature=edHfs8TKShJMp0UGAHn9BOBlWWD0iwlwyRDtYibakuW5A57R%2F%2Bz3qWbSUVsKjjvUKW9mvXyuVaU47VdWLN%2BRLhOUWmLYQM3uu6u2MMFc21wL5QKzNP9LYxwyC6B1UDT8YOYFPMTtxBr5eQVgar4FQAXiCXyINu%2B3NLN19xaHOkVhb4sRNm11aAFmhSKUOw8ptS%2BleFa8WhG%2FVFO2et0ZgvAsJrkatfIb2291TM7e53Voak5xM4cH0ZkkFWs%2FtJ5MGW%2BpEhkhVwiZnH9gTAJEiUj%2BBHB6l%2FrpMOhkpiPoVrLTfGmuO6%2Fiwmk7e%2BB7g%2BMFs2qNhT7vR0LN2FvZoayv0g%3D%3D","environmentVariables":{"FIREBASE_CONFIG":"{\"projectId\":\"livekit-5eef6\",\"storageBucket\":\"livekit-5eef6.firebasestorage.app\"}","GCLOUD_PROJECT":"livekit-5eef6","EVENTARC_CLOUD_EVENT_SOURCE":"projects/livekit-5eef6/locations/us-central1/functions/auditConsultationSessionEvents"},"runtime":"nodejs22","buildEnvironmentVariables":{"GOOGLE_NODE_RUN_SCRIPTS":""},"sourceToken":"09f0da63-0ee4-4577-a6b7-093b6fa2006d","dockerRegistry":"ARTIFACT_REGISTRY"},"versionId":"1","updateTime":"2026-02-13T23:38:43.590278932Z","buildId":"c020d2f4-7422-4e40-a452-4e71b2bf1ae3","sourceToken":"09f0da63-0ee4-4577-a6b7-093b6fa2006d","buildName":"projects/900456648225/locations/us-central1/builds/c020d2f4-7422-4e40-a452-4e71b2bf1ae3"},"done":true,"response":{"@type":"type.googleapis.com/google.cloud.functions.v1.CloudFunction","name":"projects/livekit-5eef6/locations/us-central1/functions/auditConsultationSessionEvents","eventTrigger":{"eventType":"providers/cloud.firestore/eventTypes/document.write","resource":"projects/livekit-5eef6/databases/(default)/documents/consultationSessions/{consultationSessionId}/events/{eventId}","service":"firestore.googleapis.com","failurePolicy":{}},"status":"ACTIVE","entryPoint":"auditConsultationSessionEvents","timeout":"60s","availableMemoryMb":256,"serviceAccountEmail":"livekit-5eef6@appspot.gserviceaccount.com","updateTime":"2026-02-13T23:38:13.908076168Z","versionId":"1","labels":{"deployment-tool":"cli-firebase","firebase-functions-hash":"c79278fe1212f3620dc3f2174b932608249c5093"},"sourceUploadUrl":"https://storage.googleapis.com/uploads-260470608838.us-central1.cloudfunctions.appspot.com/756b0ede-c3c7-4f95-8e3e-99bcc5d3d9ec.zip","environmentVariables":{"FIREBASE_CONFIG":"{\"projectId\":\"livekit-5eef6\",\"storageBucket\":\"livekit-5eef6.firebasestorage.app\"}","GCLOUD_PROJECT":"livekit-5eef6","EVENTARC_CLOUD_EVENT_SOURCE":"projects/livekit-5eef6/locations/us-central1/functions/auditConsultationSessionEvents"},"runtime":"nodejs22","maxInstances":3000,"ingressSettings":"ALLOW_ALL","buildId":"c020d2f4-7422-4e40-a452-4e71b2bf1ae3","buildEnvironmentVariables":{"GOOGLE_NODE_RUN_SCRIPTS":""},"buildName":"projects/900456648225/locations/us-central1/builds/c020d2f4-7422-4e40-a452-4e71b2bf1ae3","dockerRegistry":"ARTIFACT_REGISTRY","automaticUpdatePolicy":{},"buildServiceAccount":"projects/livekit-5eef6/serviceAccounts/900456648225-compute@developer.gserviceaccount.com","satisfiesPzi":true}}
[debug] [2026-02-13T23:38:54.363Z] Got source token 09f0da63-0ee4-4577-a6b7-093b6fa2006d for region us-central1
[info] +  functions[auditConsultationSessionEvents(us-central1)] Successful create operation. 
[debug] [2026-02-13T23:38:54.502Z] <<< [apiv2][status] GET https://cloudfunctions.googleapis.com/v1/operations/cHJvamVjdHMvbGl2ZWtpdC01ZWVmNi9sb2NhdGlvbnMvdXMtY2VudHJhbDEvb3BlcmF0aW9ucy9vcGVyYXRpb24tMTc3MTAyNTg5MzU2OC02NGFiZDE5NDYyZTg5LTRmNmFmMmJlLWQ0MzAyODky 200
[debug] [2026-02-13T23:38:54.503Z] <<< [apiv2][body] GET https://cloudfunctions.googleapis.com/v1/operations/cHJvamVjdHMvbGl2ZWtpdC01ZWVmNi9sb2NhdGlvbnMvdXMtY2VudHJhbDEvb3BlcmF0aW9ucy9vcGVyYXRpb24tMTc3MTAyNTg5MzU2OC02NGFiZDE5NDYyZTg5LTRmNmFmMmJlLWQ0MzAyODky {"name":"operations/cHJvamVjdHMvbGl2ZWtpdC01ZWVmNi9sb2NhdGlvbnMvdXMtY2VudHJhbDEvb3BlcmF0aW9ucy9vcGVyYXRpb24tMTc3MTAyNTg5MzU2OC02NGFiZDE5NDYyZTg5LTRmNmFmMmJlLWQ0MzAyODky","metadata":{"@type":"type.googleapis.com/google.cloud.functions.v1.OperationMetadataV1","target":"projects/livekit-5eef6/locations/us-central1/functions/auditConsultationDocuments","type":"CREATE_FUNCTION","request":{"@type":"type.googleapis.com/google.cloud.functions.v1.CloudFunction","name":"projects/livekit-5eef6/locations/us-central1/functions/auditConsultationDocuments","eventTrigger":{"eventType":"providers/cloud.firestore/eventTypes/document.write","resource":"projects/livekit-5eef6/databases/(default)/documents/consultations/{documentId}","failurePolicy":{}},"entryPoint":"auditConsultationDocuments","updateTime":"1970-01-01T00:00:00Z","labels":{"deployment-tool":"cli-firebase","firebase-functions-hash":"c79278fe1212f3620dc3f2174b932608249c5093"},"sourceUploadUrl":"https://storage.googleapis.com/uploads-260470608838.us-central1.cloudfunctions.appspot.com/756b0ede-c3c7-4f95-8e3e-99bcc5d3d9ec.zip?GoogleAccessId=service-900456648225@gcf-admin-robot.iam.gserviceaccount.com&Expires=1771027619&Signature=edHfs8TKShJMp0UGAHn9BOBlWWD0iwlwyRDtYibakuW5A57R%2F%2Bz3qWbSUVsKjjvUKW9mvXyuVaU47VdWLN%2BRLhOUWmLYQM3uu6u2MMFc21wL5QKzNP9LYxwyC6B1UDT8YOYFPMTtxBr5eQVgar4FQAXiCXyINu%2B3NLN19xaHOkVhb4sRNm11aAFmhSKUOw8ptS%2BleFa8WhG%2FVFO2et0ZgvAsJrkatfIb2291TM7e53Voak5xM4cH0ZkkFWs%2FtJ5MGW%2BpEhkhVwiZnH9gTAJEiUj%2BBHB6l%2FrpMOhkpiPoVrLTfGmuO6%2Fiwmk7e%2BB7g%2BMFs2qNhT7vR0LN2FvZoayv0g%3D%3D","environmentVariables":{"FIREBASE_CONFIG":"{\"projectId\":\"livekit-5eef6\",\"storageBucket\":\"livekit-5eef6.firebasestorage.app\"}","GCLOUD_PROJECT":"livekit-5eef6","EVENTARC_CLOUD_EVENT_SOURCE":"projects/livekit-5eef6/locations/us-central1/functions/auditConsultationDocuments"},"runtime":"nodejs22","buildEnvironmentVariables":{"GOOGLE_NODE_RUN_SCRIPTS":""},"sourceToken":"09f0da63-0ee4-4577-a6b7-093b6fa2006d","dockerRegistry":"ARTIFACT_REGISTRY"},"versionId":"1","updateTime":"2026-02-13T23:38:44.041563555Z","buildId":"c020d2f4-7422-4e40-a452-4e71b2bf1ae3","sourceToken":"09f0da63-0ee4-4577-a6b7-093b6fa2006d","buildName":"projects/900456648225/locations/us-central1/builds/c020d2f4-7422-4e40-a452-4e71b2bf1ae3"},"done":true,"response":{"@type":"type.googleapis.com/google.cloud.functions.v1.CloudFunction","name":"projects/livekit-5eef6/locations/us-central1/functions/auditConsultationDocuments","eventTrigger":{"eventType":"providers/cloud.firestore/eventTypes/document.write","resource":"projects/livekit-5eef6/databases/(default)/documents/consultations/{documentId}","service":"firestore.googleapis.com","failurePolicy":{}},"status":"ACTIVE","entryPoint":"auditConsultationDocuments","timeout":"60s","availableMemoryMb":256,"serviceAccountEmail":"livekit-5eef6@appspot.gserviceaccount.com","updateTime":"2026-02-13T23:38:13.958215237Z","versionId":"1","labels":{"deployment-tool":"cli-firebase","firebase-functions-hash":"c79278fe1212f3620dc3f2174b932608249c5093"},"sourceUploadUrl":"https://storage.googleapis.com/uploads-260470608838.us-central1.cloudfunctions.appspot.com/756b0ede-c3c7-4f95-8e3e-99bcc5d3d9ec.zip","environmentVariables":{"FIREBASE_CONFIG":"{\"projectId\":\"livekit-5eef6\",\"storageBucket\":\"livekit-5eef6.firebasestorage.app\"}","GCLOUD_PROJECT":"livekit-5eef6","EVENTARC_CLOUD_EVENT_SOURCE":"projects/livekit-5eef6/locations/us-central1/functions/auditConsultationDocuments"},"runtime":"nodejs22","maxInstances":3000,"ingressSettings":"ALLOW_ALL","buildId":"c020d2f4-7422-4e40-a452-4e71b2bf1ae3","buildEnvironmentVariables":{"GOOGLE_NODE_RUN_SCRIPTS":""},"buildName":"projects/900456648225/locations/us-central1/builds/c020d2f4-7422-4e40-a452-4e71b2bf1ae3","dockerRegistry":"ARTIFACT_REGISTRY","automaticUpdatePolicy":{},"buildServiceAccount":"projects/livekit-5eef6/serviceAccounts/900456648225-compute@developer.gserviceaccount.com","satisfiesPzi":true}}
[debug] [2026-02-13T23:38:54.503Z] Got source token 09f0da63-0ee4-4577-a6b7-093b6fa2006d for region us-central1
[info] +  functions[auditConsultationDocuments(us-central1)] Successful create operation. 
[debug] [2026-02-13T23:38:54.768Z] <<< [apiv2][status] GET https://cloudfunctions.googleapis.com/v1/operations/cHJvamVjdHMvbGl2ZWtpdC01ZWVmNi9sb2NhdGlvbnMvdXMtY2VudHJhbDEvb3BlcmF0aW9ucy9vcGVyYXRpb24tMTc3MTAyNTg5MzU2My02NGFiZDE5NDYxZGUyLTZmMGM3YzBlLWViNDdmMjZh 200
[debug] [2026-02-13T23:38:54.769Z] <<< [apiv2][body] GET https://cloudfunctions.googleapis.com/v1/operations/cHJvamVjdHMvbGl2ZWtpdC01ZWVmNi9sb2NhdGlvbnMvdXMtY2VudHJhbDEvb3BlcmF0aW9ucy9vcGVyYXRpb24tMTc3MTAyNTg5MzU2My02NGFiZDE5NDYxZGUyLTZmMGM3YzBlLWViNDdmMjZh {"name":"operations/cHJvamVjdHMvbGl2ZWtpdC01ZWVmNi9sb2NhdGlvbnMvdXMtY2VudHJhbDEvb3BlcmF0aW9ucy9vcGVyYXRpb24tMTc3MTAyNTg5MzU2My02NGFiZDE5NDYxZGUyLTZmMGM3YzBlLWViNDdmMjZh","metadata":{"@type":"type.googleapis.com/google.cloud.functions.v1.OperationMetadataV1","target":"projects/livekit-5eef6/locations/us-central1/functions/auditConsultationSessions","type":"CREATE_FUNCTION","request":{"@type":"type.googleapis.com/google.cloud.functions.v1.CloudFunction","name":"projects/livekit-5eef6/locations/us-central1/functions/auditConsultationSessions","eventTrigger":{"eventType":"providers/cloud.firestore/eventTypes/document.write","resource":"projects/livekit-5eef6/databases/(default)/documents/consultationSessions/{documentId}","failurePolicy":{}},"entryPoint":"auditConsultationSessions","updateTime":"1970-01-01T00:00:00Z","labels":{"deployment-tool":"cli-firebase","firebase-functions-hash":"c79278fe1212f3620dc3f2174b932608249c5093"},"sourceUploadUrl":"https://storage.googleapis.com/uploads-260470608838.us-central1.cloudfunctions.appspot.com/756b0ede-c3c7-4f95-8e3e-99bcc5d3d9ec.zip?GoogleAccessId=service-900456648225@gcf-admin-robot.iam.gserviceaccount.com&Expires=1771027619&Signature=edHfs8TKShJMp0UGAHn9BOBlWWD0iwlwyRDtYibakuW5A57R%2F%2Bz3qWbSUVsKjjvUKW9mvXyuVaU47VdWLN%2BRLhOUWmLYQM3uu6u2MMFc21wL5QKzNP9LYxwyC6B1UDT8YOYFPMTtxBr5eQVgar4FQAXiCXyINu%2B3NLN19xaHOkVhb4sRNm11aAFmhSKUOw8ptS%2BleFa8WhG%2FVFO2et0ZgvAsJrkatfIb2291TM7e53Voak5xM4cH0ZkkFWs%2FtJ5MGW%2BpEhkhVwiZnH9gTAJEiUj%2BBHB6l%2FrpMOhkpiPoVrLTfGmuO6%2Fiwmk7e%2BB7g%2BMFs2qNhT7vR0LN2FvZoayv0g%3D%3D","environmentVariables":{"FIREBASE_CONFIG":"{\"projectId\":\"livekit-5eef6\",\"storageBucket\":\"livekit-5eef6.firebasestorage.app\"}","GCLOUD_PROJECT":"livekit-5eef6","EVENTARC_CLOUD_EVENT_SOURCE":"projects/livekit-5eef6/locations/us-central1/functions/auditConsultationSessions"},"runtime":"nodejs22","buildEnvironmentVariables":{"GOOGLE_NODE_RUN_SCRIPTS":""},"sourceToken":"09f0da63-0ee4-4577-a6b7-093b6fa2006d","dockerRegistry":"ARTIFACT_REGISTRY"},"versionId":"1","updateTime":"2026-02-13T23:38:45.207901841Z","buildId":"c020d2f4-7422-4e40-a452-4e71b2bf1ae3","sourceToken":"09f0da63-0ee4-4577-a6b7-093b6fa2006d","buildName":"projects/900456648225/locations/us-central1/builds/c020d2f4-7422-4e40-a452-4e71b2bf1ae3"},"done":true,"response":{"@type":"type.googleapis.com/google.cloud.functions.v1.CloudFunction","name":"projects/livekit-5eef6/locations/us-central1/functions/auditConsultationSessions","eventTrigger":{"eventType":"providers/cloud.firestore/eventTypes/document.write","resource":"projects/livekit-5eef6/databases/(default)/documents/consultationSessions/{documentId}","service":"firestore.googleapis.com","failurePolicy":{}},"status":"ACTIVE","entryPoint":"auditConsultationSessions","timeout":"60s","availableMemoryMb":256,"serviceAccountEmail":"livekit-5eef6@appspot.gserviceaccount.com","updateTime":"2026-02-13T23:38:13.892752678Z","versionId":"1","labels":{"firebase-functions-hash":"c79278fe1212f3620dc3f2174b932608249c5093","deployment-tool":"cli-firebase"},"sourceUploadUrl":"https://storage.googleapis.com/uploads-260470608838.us-central1.cloudfunctions.appspot.com/756b0ede-c3c7-4f95-8e3e-99bcc5d3d9ec.zip","environmentVariables":{"FIREBASE_CONFIG":"{\"projectId\":\"livekit-5eef6\",\"storageBucket\":\"livekit-5eef6.firebasestorage.app\"}","GCLOUD_PROJECT":"livekit-5eef6","EVENTARC_CLOUD_EVENT_SOURCE":"projects/livekit-5eef6/locations/us-central1/functions/auditConsultationSessions"},"runtime":"nodejs22","maxInstances":3000,"ingressSettings":"ALLOW_ALL","buildId":"c020d2f4-7422-4e40-a452-4e71b2bf1ae3","buildEnvironmentVariables":{"GOOGLE_NODE_RUN_SCRIPTS":""},"buildName":"projects/900456648225/locations/us-central1/builds/c020d2f4-7422-4e40-a452-4e71b2bf1ae3","dockerRegistry":"ARTIFACT_REGISTRY","automaticUpdatePolicy":{},"buildServiceAccount":"projects/livekit-5eef6/serviceAccounts/900456648225-compute@developer.gserviceaccount.com","satisfiesPzi":true}}
[debug] [2026-02-13T23:38:54.769Z] Got source token 09f0da63-0ee4-4577-a6b7-093b6fa2006d for region us-central1
[info] +  functions[auditConsultationSessions(us-central1)] Successful create operation. 
[debug] [2026-02-13T23:38:54.936Z] <<< [apiv2][status] GET https://cloudfunctions.googleapis.com/v1/operations/cHJvamVjdHMvbGl2ZWtpdC01ZWVmNi9sb2NhdGlvbnMvdXMtY2VudHJhbDEvb3BlcmF0aW9ucy9vcGVyYXRpb24tMTc3MTAyNTg5MzQ1MS02NGFiZDE5NDQ2OGEwLWU2MWRlOWZmLTYyNTc5NzI4 200
[debug] [2026-02-13T23:38:54.936Z] <<< [apiv2][body] GET https://cloudfunctions.googleapis.com/v1/operations/cHJvamVjdHMvbGl2ZWtpdC01ZWVmNi9sb2NhdGlvbnMvdXMtY2VudHJhbDEvb3BlcmF0aW9ucy9vcGVyYXRpb24tMTc3MTAyNTg5MzQ1MS02NGFiZDE5NDQ2OGEwLWU2MWRlOWZmLTYyNTc5NzI4 {"name":"operations/cHJvamVjdHMvbGl2ZWtpdC01ZWVmNi9sb2NhdGlvbnMvdXMtY2VudHJhbDEvb3BlcmF0aW9ucy9vcGVyYXRpb24tMTc3MTAyNTg5MzQ1MS02NGFiZDE5NDQ2OGEwLWU2MWRlOWZmLTYyNTc5NzI4","metadata":{"@type":"type.googleapis.com/google.cloud.functions.v1.OperationMetadataV1","target":"projects/livekit-5eef6/locations/us-central1/functions/auditUsers","type":"CREATE_FUNCTION","request":{"@type":"type.googleapis.com/google.cloud.functions.v1.CloudFunction","name":"projects/livekit-5eef6/locations/us-central1/functions/auditUsers","eventTrigger":{"eventType":"providers/cloud.firestore/eventTypes/document.write","resource":"projects/livekit-5eef6/databases/(default)/documents/users/{documentId}","failurePolicy":{}},"entryPoint":"auditUsers","updateTime":"1970-01-01T00:00:00Z","labels":{"deployment-tool":"cli-firebase","firebase-functions-hash":"c79278fe1212f3620dc3f2174b932608249c5093"},"sourceUploadUrl":"https://storage.googleapis.com/uploads-260470608838.us-central1.cloudfunctions.appspot.com/756b0ede-c3c7-4f95-8e3e-99bcc5d3d9ec.zip?GoogleAccessId=service-900456648225@gcf-admin-robot.iam.gserviceaccount.com&Expires=1771027619&Signature=edHfs8TKShJMp0UGAHn9BOBlWWD0iwlwyRDtYibakuW5A57R%2F%2Bz3qWbSUVsKjjvUKW9mvXyuVaU47VdWLN%2BRLhOUWmLYQM3uu6u2MMFc21wL5QKzNP9LYxwyC6B1UDT8YOYFPMTtxBr5eQVgar4FQAXiCXyINu%2B3NLN19xaHOkVhb4sRNm11aAFmhSKUOw8ptS%2BleFa8WhG%2FVFO2et0ZgvAsJrkatfIb2291TM7e53Voak5xM4cH0ZkkFWs%2FtJ5MGW%2BpEhkhVwiZnH9gTAJEiUj%2BBHB6l%2FrpMOhkpiPoVrLTfGmuO6%2Fiwmk7e%2BB7g%2BMFs2qNhT7vR0LN2FvZoayv0g%3D%3D","environmentVariables":{"FIREBASE_CONFIG":"{\"projectId\":\"livekit-5eef6\",\"storageBucket\":\"livekit-5eef6.firebasestorage.app\"}","GCLOUD_PROJECT":"livekit-5eef6","EVENTARC_CLOUD_EVENT_SOURCE":"projects/livekit-5eef6/locations/us-central1/functions/auditUsers"},"runtime":"nodejs22","buildEnvironmentVariables":{"GOOGLE_NODE_RUN_SCRIPTS":""},"sourceToken":"09f0da63-0ee4-4577-a6b7-093b6fa2006d","dockerRegistry":"ARTIFACT_REGISTRY"},"versionId":"1","updateTime":"2026-02-13T23:38:42.690449010Z","buildId":"c020d2f4-7422-4e40-a452-4e71b2bf1ae3","sourceToken":"09f0da63-0ee4-4577-a6b7-093b6fa2006d","buildName":"projects/900456648225/locations/us-central1/builds/c020d2f4-7422-4e40-a452-4e71b2bf1ae3"},"done":true,"response":{"@type":"type.googleapis.com/google.cloud.functions.v1.CloudFunction","name":"projects/livekit-5eef6/locations/us-central1/functions/auditUsers","eventTrigger":{"eventType":"providers/cloud.firestore/eventTypes/document.write","resource":"projects/livekit-5eef6/databases/(default)/documents/users/{documentId}","service":"firestore.googleapis.com","failurePolicy":{}},"status":"ACTIVE","entryPoint":"auditUsers","timeout":"60s","availableMemoryMb":256,"serviceAccountEmail":"livekit-5eef6@appspot.gserviceaccount.com","updateTime":"2026-02-13T23:38:13.885442268Z","versionId":"1","labels":{"deployment-tool":"cli-firebase","firebase-functions-hash":"c79278fe1212f3620dc3f2174b932608249c5093"},"sourceUploadUrl":"https://storage.googleapis.com/uploads-260470608838.us-central1.cloudfunctions.appspot.com/756b0ede-c3c7-4f95-8e3e-99bcc5d3d9ec.zip","environmentVariables":{"FIREBASE_CONFIG":"{\"projectId\":\"livekit-5eef6\",\"storageBucket\":\"livekit-5eef6.firebasestorage.app\"}","GCLOUD_PROJECT":"livekit-5eef6","EVENTARC_CLOUD_EVENT_SOURCE":"projects/livekit-5eef6/locations/us-central1/functions/auditUsers"},"runtime":"nodejs22","maxInstances":3000,"ingressSettings":"ALLOW_ALL","buildId":"c020d2f4-7422-4e40-a452-4e71b2bf1ae3","buildEnvironmentVariables":{"GOOGLE_NODE_RUN_SCRIPTS":""},"buildName":"projects/900456648225/locations/us-central1/builds/c020d2f4-7422-4e40-a452-4e71b2bf1ae3","dockerRegistry":"ARTIFACT_REGISTRY","automaticUpdatePolicy":{},"buildServiceAccount":"projects/livekit-5eef6/serviceAccounts/900456648225-compute@developer.gserviceaccount.com","satisfiesPzi":true}}
[debug] [2026-02-13T23:38:54.936Z] Got source token 09f0da63-0ee4-4577-a6b7-093b6fa2006d for region us-central1
[info] +  functions[auditUsers(us-central1)] Successful create operation. 
[debug] [2026-02-13T23:38:55.338Z] <<< [apiv2][status] GET https://cloudfunctions.googleapis.com/v1/operations/cHJvamVjdHMvbGl2ZWtpdC01ZWVmNi9sb2NhdGlvbnMvdXMtY2VudHJhbDEvb3BlcmF0aW9ucy9vcGVyYXRpb24tMTc3MTAyNTg5MzU0NS02NGFiZDE5NDVkNzhjLTE4OTFkYzM4LTM5MjllYzJm 200
[debug] [2026-02-13T23:38:55.338Z] <<< [apiv2][body] GET https://cloudfunctions.googleapis.com/v1/operations/cHJvamVjdHMvbGl2ZWtpdC01ZWVmNi9sb2NhdGlvbnMvdXMtY2VudHJhbDEvb3BlcmF0aW9ucy9vcGVyYXRpb24tMTc3MTAyNTg5MzU0NS02NGFiZDE5NDVkNzhjLTE4OTFkYzM4LTM5MjllYzJm {"name":"operations/cHJvamVjdHMvbGl2ZWtpdC01ZWVmNi9sb2NhdGlvbnMvdXMtY2VudHJhbDEvb3BlcmF0aW9ucy9vcGVyYXRpb24tMTc3MTAyNTg5MzU0NS02NGFiZDE5NDVkNzhjLTE4OTFkYzM4LTM5MjllYzJm","metadata":{"@type":"type.googleapis.com/google.cloud.functions.v1.OperationMetadataV1","target":"projects/livekit-5eef6/locations/us-central1/functions/auditWaitingPatients","type":"CREATE_FUNCTION","request":{"@type":"type.googleapis.com/google.cloud.functions.v1.CloudFunction","name":"projects/livekit-5eef6/locations/us-central1/functions/auditWaitingPatients","eventTrigger":{"eventType":"providers/cloud.firestore/eventTypes/document.write","resource":"projects/livekit-5eef6/databases/(default)/documents/waitingPatients/{documentId}","failurePolicy":{}},"entryPoint":"auditWaitingPatients","updateTime":"1970-01-01T00:00:00Z","labels":{"deployment-tool":"cli-firebase","firebase-functions-hash":"c79278fe1212f3620dc3f2174b932608249c5093"},"sourceUploadUrl":"https://storage.googleapis.com/uploads-260470608838.us-central1.cloudfunctions.appspot.com/756b0ede-c3c7-4f95-8e3e-99bcc5d3d9ec.zip?GoogleAccessId=service-900456648225@gcf-admin-robot.iam.gserviceaccount.com&Expires=1771027619&Signature=edHfs8TKShJMp0UGAHn9BOBlWWD0iwlwyRDtYibakuW5A57R%2F%2Bz3qWbSUVsKjjvUKW9mvXyuVaU47VdWLN%2BRLhOUWmLYQM3uu6u2MMFc21wL5QKzNP9LYxwyC6B1UDT8YOYFPMTtxBr5eQVgar4FQAXiCXyINu%2B3NLN19xaHOkVhb4sRNm11aAFmhSKUOw8ptS%2BleFa8WhG%2FVFO2et0ZgvAsJrkatfIb2291TM7e53Voak5xM4cH0ZkkFWs%2FtJ5MGW%2BpEhkhVwiZnH9gTAJEiUj%2BBHB6l%2FrpMOhkpiPoVrLTfGmuO6%2Fiwmk7e%2BB7g%2BMFs2qNhT7vR0LN2FvZoayv0g%3D%3D","environmentVariables":{"FIREBASE_CONFIG":"{\"projectId\":\"livekit-5eef6\",\"storageBucket\":\"livekit-5eef6.firebasestorage.app\"}","GCLOUD_PROJECT":"livekit-5eef6","EVENTARC_CLOUD_EVENT_SOURCE":"projects/livekit-5eef6/locations/us-central1/functions/auditWaitingPatients"},"runtime":"nodejs22","buildEnvironmentVariables":{"GOOGLE_NODE_RUN_SCRIPTS":""},"sourceToken":"09f0da63-0ee4-4577-a6b7-093b6fa2006d","dockerRegistry":"ARTIFACT_REGISTRY"},"versionId":"1","updateTime":"2026-02-13T23:38:43.471626579Z","buildId":"c020d2f4-7422-4e40-a452-4e71b2bf1ae3","sourceToken":"09f0da63-0ee4-4577-a6b7-093b6fa2006d","buildName":"projects/900456648225/locations/us-central1/builds/c020d2f4-7422-4e40-a452-4e71b2bf1ae3"},"done":true,"response":{"@type":"type.googleapis.com/google.cloud.functions.v1.CloudFunction","name":"projects/livekit-5eef6/locations/us-central1/functions/auditWaitingPatients","eventTrigger":{"eventType":"providers/cloud.firestore/eventTypes/document.write","resource":"projects/livekit-5eef6/databases/(default)/documents/waitingPatients/{documentId}","service":"firestore.googleapis.com","failurePolicy":{}},"status":"ACTIVE","entryPoint":"auditWaitingPatients","timeout":"60s","availableMemoryMb":256,"serviceAccountEmail":"livekit-5eef6@appspot.gserviceaccount.com","updateTime":"2026-02-13T23:38:13.885398743Z","versionId":"1","labels":{"deployment-tool":"cli-firebase","firebase-functions-hash":"c79278fe1212f3620dc3f2174b932608249c5093"},"sourceUploadUrl":"https://storage.googleapis.com/uploads-260470608838.us-central1.cloudfunctions.appspot.com/756b0ede-c3c7-4f95-8e3e-99bcc5d3d9ec.zip","environmentVariables":{"FIREBASE_CONFIG":"{\"projectId\":\"livekit-5eef6\",\"storageBucket\":\"livekit-5eef6.firebasestorage.app\"}","GCLOUD_PROJECT":"livekit-5eef6","EVENTARC_CLOUD_EVENT_SOURCE":"projects/livekit-5eef6/locations/us-central1/functions/auditWaitingPatients"},"runtime":"nodejs22","maxInstances":3000,"ingressSettings":"ALLOW_ALL","buildId":"c020d2f4-7422-4e40-a452-4e71b2bf1ae3","buildEnvironmentVariables":{"GOOGLE_NODE_RUN_SCRIPTS":""},"buildName":"projects/900456648225/locations/us-central1/builds/c020d2f4-7422-4e40-a452-4e71b2bf1ae3","dockerRegistry":"ARTIFACT_REGISTRY","automaticUpdatePolicy":{},"buildServiceAccount":"projects/livekit-5eef6/serviceAccounts/900456648225-compute@developer.gserviceaccount.com","satisfiesPzi":true}}
[debug] [2026-02-13T23:38:55.338Z] Got source token 09f0da63-0ee4-4577-a6b7-093b6fa2006d for region us-central1
[info] +  functions[auditWaitingPatients(us-central1)] Successful create operation. 
[debug] [2026-02-13T23:38:55.349Z] Total Function Deployment time: 113421
[debug] [2026-02-13T23:38:55.350Z] 12 Functions Deployed
[debug] [2026-02-13T23:38:55.350Z] 0 Functions Errored
[debug] [2026-02-13T23:38:55.350Z] 0 Function Deployments Aborted
[debug] [2026-02-13T23:38:55.350Z] Average Function Deployment time: 103934.83333333333
[info] Function URL (getJoinToken(us-central1)): https://us-central1-livekit-5eef6.cloudfunctions.net/getJoinToken
[info] Function URL (onRoomEnd(us-central1)): https://us-central1-livekit-5eef6.cloudfunctions.net/onRoomEnd
[debug] [2026-02-13T23:38:55.536Z] Checked if tokens are valid: true, expires at: 1771027031198
[debug] [2026-02-13T23:38:55.536Z] Checked if tokens are valid: true, expires at: 1771027031198
[debug] [2026-02-13T23:38:55.536Z] >>> [apiv2][query] GET https://artifactregistry.googleapis.com/v1/projects/livekit-5eef6/locations/us-central1/repositories/gcf-artifacts [none]
[debug] [2026-02-13T23:38:56.679Z] <<< [apiv2][status] GET https://artifactregistry.googleapis.com/v1/projects/livekit-5eef6/locations/us-central1/repositories/gcf-artifacts 200
[debug] [2026-02-13T23:38:56.680Z] <<< [apiv2][body] GET https://artifactregistry.googleapis.com/v1/projects/livekit-5eef6/locations/us-central1/repositories/gcf-artifacts {"name":"projects/livekit-5eef6/locations/us-central1/repositories/gcf-artifacts","format":"DOCKER","description":"This repository is created and used by Cloud Functions for storing function docker images.","labels":{"goog-managed-by":"cloudfunctions"},"createTime":"2026-02-13T23:37:12.407705Z","updateTime":"2026-02-13T23:37:59.695980Z","mode":"STANDARD_REPOSITORY","sizeBytes":"528643472","vulnerabilityScanningConfig":{"lastEnableTime":"2026-02-13T23:37:03.783648391Z","enablementState":"SCANNING_DISABLED","enablementStateReason":"API containerscanning.googleapis.com is not enabled."},"satisfiesPzi":true,"registryUri":"us-central1-docker.pkg.dev/livekit-5eef6/gcf-artifacts"}
[warn] !  functions: No cleanup policy detected for repositories in us-central1. This may result in a small monthly bill as container images accumulate over time. 
[error] 
[error] Error: Functions successfully deployed but could not set up cleanup policy in location us-central1. Pass the --force option to automatically set up a cleanup policy or run 'firebase functions:artifacts:setpolicy' to manually set up a cleanup policy.
[debug] [2026-02-13T23:39:12.267Z] ----------------------------------------------------------------------
[debug] [2026-02-13T23:39:12.269Z] Command:       C:\Program Files\nodejs\node.exe C:\Users\garre\AppData\Roaming\npm\node_modules\firebase-tools\lib\bin\firebase.js functions:artifacts:setpolicy
[debug] [2026-02-13T23:39:12.269Z] CLI Version:   15.6.0
[debug] [2026-02-13T23:39:12.269Z] Platform:      win32
[debug] [2026-02-13T23:39:12.270Z] Node Version:  v24.13.0
[debug] [2026-02-13T23:39:12.270Z] Time:          Sat Feb 14 2026 07:39:12 GMT+0800 (Singapore Standard Time)
[debug] [2026-02-13T23:39:12.270Z] ----------------------------------------------------------------------
[debug] 
[debug] [2026-02-13T23:39:12.440Z] > command requires scopes: ["email","openid","https://www.googleapis.com/auth/cloudplatformprojects.readonly","https://www.googleapis.com/auth/firebase","https://www.googleapis.com/auth/cloud-platform"]
[debug] [2026-02-13T23:39:12.440Z] > authorizing via signed-in user (gjencomienda@gmail.com)
[debug] [2026-02-13T23:39:12.441Z] > command requires scopes: ["email","openid","https://www.googleapis.com/auth/cloudplatformprojects.readonly","https://www.googleapis.com/auth/firebase","https://www.googleapis.com/auth/cloud-platform"]
[debug] [2026-02-13T23:39:12.442Z] > authorizing via signed-in user (gjencomienda@gmail.com)
[debug] [2026-02-13T23:39:12.442Z] [iam] checking project livekit-5eef6 for permissions ["artifactregistry.repositories.update","artifactregistry.versions.delete","firebase.projects.get"]
[debug] [2026-02-13T23:39:12.443Z] Checked if tokens are valid: true, expires at: 1771027031198
[debug] [2026-02-13T23:39:12.443Z] Checked if tokens are valid: true, expires at: 1771027031198
[debug] [2026-02-13T23:39:12.445Z] >>> [apiv2][query] POST https://cloudresourcemanager.googleapis.com/v1/projects/livekit-5eef6:testIamPermissions [none]
[debug] [2026-02-13T23:39:12.445Z] >>> [apiv2][(partial)header] POST https://cloudresourcemanager.googleapis.com/v1/projects/livekit-5eef6:testIamPermissions  x-goog-user-project=livekit-5eef6
[debug] [2026-02-13T23:39:12.445Z] >>> [apiv2][body] POST https://cloudresourcemanager.googleapis.com/v1/projects/livekit-5eef6:testIamPermissions {"permissions":["artifactregistry.repositories.update","artifactregistry.versions.delete","firebase.projects.get"]}
[debug] [2026-02-13T23:39:13.404Z] <<< [apiv2][status] POST https://cloudresourcemanager.googleapis.com/v1/projects/livekit-5eef6:testIamPermissions 200
[debug] [2026-02-13T23:39:13.404Z] <<< [apiv2][body] POST https://cloudresourcemanager.googleapis.com/v1/projects/livekit-5eef6:testIamPermissions {"permissions":["artifactregistry.repositories.update","artifactregistry.versions.delete","firebase.projects.get"]}
[debug] [2026-02-13T23:39:13.405Z] Checked if tokens are valid: true, expires at: 1771027031198
[debug] [2026-02-13T23:39:13.405Z] Checked if tokens are valid: true, expires at: 1771027031198
[debug] [2026-02-13T23:39:13.405Z] >>> [apiv2][query] GET https://artifactregistry.googleapis.com/v1/projects/livekit-5eef6/locations/us-central1/repositories/gcf-artifacts [none]
[debug] [2026-02-13T23:39:14.577Z] <<< [apiv2][status] GET https://artifactregistry.googleapis.com/v1/projects/livekit-5eef6/locations/us-central1/repositories/gcf-artifacts 200
[debug] [2026-02-13T23:39:14.577Z] <<< [apiv2][body] GET https://artifactregistry.googleapis.com/v1/projects/livekit-5eef6/locations/us-central1/repositories/gcf-artifacts {"name":"projects/livekit-5eef6/locations/us-central1/repositories/gcf-artifacts","format":"DOCKER","description":"This repository is created and used by Cloud Functions for storing function docker images.","labels":{"goog-managed-by":"cloudfunctions"},"createTime":"2026-02-13T23:37:12.407705Z","updateTime":"2026-02-13T23:37:59.695980Z","mode":"STANDARD_REPOSITORY","sizeBytes":"528643472","vulnerabilityScanningConfig":{"lastEnableTime":"2026-02-13T23:37:03.783648391Z","enablementState":"SCANNING_DISABLED","enablementStateReason":"API containerscanning.googleapis.com is not enabled."},"satisfiesPzi":true,"registryUri":"us-central1-docker.pkg.dev/livekit-5eef6/gcf-artifacts"}
[info] i  You are about to set up a cleanup policy for Cloud Run functions container images in location us-central1 
[info] i  This policy will automatically delete container images that are older than 1 days 
[info] i  This helps reduce storage costs by removing old container images that are no longer needed 
[debug] [2026-02-13T23:39:14.579Z] Checked if tokens are valid: true, expires at: 1771027031198
[debug] [2026-02-13T23:39:14.579Z] Checked if tokens are valid: true, expires at: 1771027031198
[debug] [2026-02-13T23:39:14.579Z] >>> [apiv2][query] PATCH https://artifactregistry.googleapis.com/v1/projects/livekit-5eef6/locations/us-central1/repositories/gcf-artifacts updateMask=name%2CcleanupPolicies%2CcleanupPolicyDryRun%2Clabels
[debug] [2026-02-13T23:39:14.579Z] >>> [apiv2][body] PATCH https://artifactregistry.googleapis.com/v1/projects/livekit-5eef6/locations/us-central1/repositories/gcf-artifacts {"name":"projects/livekit-5eef6/locations/us-central1/repositories/gcf-artifacts","cleanupPolicies":{"firebase-functions-cleanup":{"id":"firebase-functions-cleanup","condition":{"tagState":"ANY","olderThan":"86400s"},"action":"DELETE"}},"cleanupPolicyDryRun":false,"labels":{"goog-managed-by":"cloudfunctions"}}
[debug] [2026-02-13T23:39:15.651Z] <<< [apiv2][status] PATCH https://artifactregistry.googleapis.com/v1/projects/livekit-5eef6/locations/us-central1/repositories/gcf-artifacts 200
[debug] [2026-02-13T23:39:15.651Z] <<< [apiv2][body] PATCH https://artifactregistry.googleapis.com/v1/projects/livekit-5eef6/locations/us-central1/repositories/gcf-artifacts {"name":"projects/livekit-5eef6/locations/us-central1/repositories/gcf-artifacts","format":"DOCKER","description":"This repository is created and used by Cloud Functions for storing function docker images.","labels":{"goog-managed-by":"cloudfunctions"},"createTime":"2026-02-13T23:37:12.407705Z","updateTime":"2026-02-13T23:39:14.693943Z","mode":"STANDARD_REPOSITORY","cleanupPolicies":{"firebase-functions-cleanup":{"id":"firebase-functions-cleanup","action":"DELETE","condition":{"tagState":"ANY","olderThan":"86400s"}}},"vulnerabilityScanningConfig":{"lastEnableTime":"2026-02-13T23:37:03.783648391Z","enablementState":"SCANNING_DISABLED","enablementStateReason":"API containerscanning.googleapis.com is not enabled."},"satisfiesPzi":true}
[info] +  Successfully set up cleanup policy that deletes images older than 1 days 
[info] i  Cleanup policy has been set for projects/livekit-5eef6/locations/us-central1/repositories/gcf-artifacts 
[debug] [2026-02-13T23:40:17.099Z] ----------------------------------------------------------------------
[debug] [2026-02-13T23:40:17.101Z] Command:       C:\Program Files\nodejs\node.exe C:\Users\garre\AppData\Roaming\npm\node_modules\firebase-tools\lib\bin\firebase.js functions:artifacts:setpolicy --location us-central1 --force
[debug] [2026-02-13T23:40:17.101Z] CLI Version:   15.6.0
[debug] [2026-02-13T23:40:17.101Z] Platform:      win32
[debug] [2026-02-13T23:40:17.101Z] Node Version:  v24.13.0
[debug] [2026-02-13T23:40:17.101Z] Time:          Sat Feb 14 2026 07:40:17 GMT+0800 (Singapore Standard Time)
[debug] [2026-02-13T23:40:17.101Z] ----------------------------------------------------------------------
[debug] 
[debug] [2026-02-13T23:40:17.274Z] > command requires scopes: ["email","openid","https://www.googleapis.com/auth/cloudplatformprojects.readonly","https://www.googleapis.com/auth/firebase","https://www.googleapis.com/auth/cloud-platform"]
[debug] [2026-02-13T23:40:17.275Z] > authorizing via signed-in user (gjencomienda@gmail.com)
[debug] [2026-02-13T23:40:17.276Z] > command requires scopes: ["email","openid","https://www.googleapis.com/auth/cloudplatformprojects.readonly","https://www.googleapis.com/auth/firebase","https://www.googleapis.com/auth/cloud-platform"]
[debug] [2026-02-13T23:40:17.276Z] > authorizing via signed-in user (gjencomienda@gmail.com)
[debug] [2026-02-13T23:40:17.276Z] [iam] checking project livekit-5eef6 for permissions ["artifactregistry.repositories.update","artifactregistry.versions.delete","firebase.projects.get"]
[debug] [2026-02-13T23:40:17.278Z] Checked if tokens are valid: true, expires at: 1771027031198
[debug] [2026-02-13T23:40:17.278Z] Checked if tokens are valid: true, expires at: 1771027031198
[debug] [2026-02-13T23:40:17.279Z] >>> [apiv2][query] POST https://cloudresourcemanager.googleapis.com/v1/projects/livekit-5eef6:testIamPermissions [none]
[debug] [2026-02-13T23:40:17.279Z] >>> [apiv2][(partial)header] POST https://cloudresourcemanager.googleapis.com/v1/projects/livekit-5eef6:testIamPermissions  x-goog-user-project=livekit-5eef6
[debug] [2026-02-13T23:40:17.279Z] >>> [apiv2][body] POST https://cloudresourcemanager.googleapis.com/v1/projects/livekit-5eef6:testIamPermissions {"permissions":["artifactregistry.repositories.update","artifactregistry.versions.delete","firebase.projects.get"]}
[debug] [2026-02-13T23:40:18.238Z] <<< [apiv2][status] POST https://cloudresourcemanager.googleapis.com/v1/projects/livekit-5eef6:testIamPermissions 200
[debug] [2026-02-13T23:40:18.239Z] <<< [apiv2][body] POST https://cloudresourcemanager.googleapis.com/v1/projects/livekit-5eef6:testIamPermissions {"permissions":["artifactregistry.repositories.update","artifactregistry.versions.delete","firebase.projects.get"]}
[debug] [2026-02-13T23:40:18.240Z] Checked if tokens are valid: true, expires at: 1771027031198
[debug] [2026-02-13T23:40:18.240Z] Checked if tokens are valid: true, expires at: 1771027031198
[debug] [2026-02-13T23:40:18.240Z] >>> [apiv2][query] GET https://artifactregistry.googleapis.com/v1/projects/livekit-5eef6/locations/us-central1/repositories/gcf-artifacts [none]
[debug] [2026-02-13T23:40:19.408Z] <<< [apiv2][status] GET https://artifactregistry.googleapis.com/v1/projects/livekit-5eef6/locations/us-central1/repositories/gcf-artifacts 200
[debug] [2026-02-13T23:40:19.409Z] <<< [apiv2][body] GET https://artifactregistry.googleapis.com/v1/projects/livekit-5eef6/locations/us-central1/repositories/gcf-artifacts {"name":"projects/livekit-5eef6/locations/us-central1/repositories/gcf-artifacts","format":"DOCKER","description":"This repository is created and used by Cloud Functions for storing function docker images.","labels":{"goog-managed-by":"cloudfunctions"},"createTime":"2026-02-13T23:37:12.407705Z","updateTime":"2026-02-13T23:39:14.693943Z","mode":"STANDARD_REPOSITORY","cleanupPolicies":{"firebase-functions-cleanup":{"id":"firebase-functions-cleanup","action":"DELETE","condition":{"tagState":"ANY","olderThan":"86400s"}}},"sizeBytes":"528643472","vulnerabilityScanningConfig":{"lastEnableTime":"2026-02-13T23:37:03.783648391Z","enablementState":"SCANNING_DISABLED","enablementStateReason":"API containerscanning.googleapis.com is not enabled."},"satisfiesPzi":true,"registryUri":"us-central1-docker.pkg.dev/livekit-5eef6/gcf-artifacts"}
[info] i  A cleanup policy already exists that deletes images older than 1 days. 
[info] i  No changes needed. 
